-- vim:fileencoding=utf-8:foldmethod=marker
--- Cliente {{{
INSERT INTO cliente(curp,nombre,apellidoPaterno,apellidoMaterno,numero,codigoPostal,calle,estado,telefono) VALUES ('UETC227263BDMWLMM5','Blakeley','Biaggetti','Toderini','11897','19306','Everett','Nayarit','2261038363');
INSERT INTO cliente(curp,nombre,apellidoPaterno,apellidoMaterno,numero,codigoPostal,calle,estado,telefono) VALUES ('QVCS999290UUNRLU23','Chiquita','Stodhart','Stratiff','4','05482','Novick','Oaxaca','1335997878');
INSERT INTO cliente(curp,nombre,apellidoPaterno,apellidoMaterno,numero,codigoPostal,calle,estado,telefono) VALUES ('SMHD755321EHDCCPD0','Sheppard','Bagot','Louedey','15','59427','Northport','Nayarit','9571802508');
INSERT INTO cliente(curp,nombre,apellidoPaterno,apellidoMaterno,numero,codigoPostal,calle,estado,telefono) VALUES ('XJSM299609RVKOBXC5','Phillip','Kerfod','Jeune','82','36414','Warner','Nuevo Leon','8707180316');
INSERT INTO cliente(curp,nombre,apellidoPaterno,apellidoMaterno,numero,codigoPostal,calle,estado,telefono) VALUES ('KZIK580916PLPMUOU0','Briano','Broz','Dudill','014','77294','Fremont','Baja California Sur','8121534147');
INSERT INTO cliente(curp,nombre,apellidoPaterno,apellidoMaterno,numero,codigoPostal,calle,estado,telefono) VALUES ('OWKN413300NXITBDP4','Kennedy','Shoorbrooke','Casino','832','37630','Sullivan','Zacatecas','6789604865');
INSERT INTO cliente(curp,nombre,apellidoPaterno,apellidoMaterno,numero,codigoPostal,calle,estado,telefono) VALUES ('PKZF285213QDGBEL64','Aubrie','Whithalgh','Rocco','9287','86586','Heath','Aguascalientes','7809204096');
INSERT INTO cliente(curp,nombre,apellidoPaterno,apellidoMaterno,numero,codigoPostal,calle,estado,telefono) VALUES ('CNYK309461REWDRQS2','Kerwinn','Macourek','McGeoch','1','18938','Sutherland','Guanajuato','1248317784');
INSERT INTO cliente(curp,nombre,apellidoPaterno,apellidoMaterno,numero,codigoPostal,calle,estado,telefono) VALUES ('ADKY278152SCFUOP06','Carline','Lothean','Curuclis','479','78437','Arkansas','Chiapas','2272736589');
INSERT INTO cliente(curp,nombre,apellidoPaterno,apellidoMaterno,numero,codigoPostal,calle,estado,telefono) VALUES ('RMQW603350XGAJRBV6','Drusie','Garlick','Hollibone','8','14285','Mesta','Baja California Sur','2156739499');
INSERT INTO cliente(curp,nombre,apellidoPaterno,apellidoMaterno,numero,codigoPostal,calle,estado,telefono) VALUES ('VMKM017251ZHNHCKX1','Marissa','Yurikov','Cleaton','6','76507','Fisk','Chiapas','8189027426');
INSERT INTO cliente(curp,nombre,apellidoPaterno,apellidoMaterno,numero,codigoPostal,calle,estado,telefono) VALUES ('QHBJ030341XGKSZTE5','Oralia','Phebee','Ovitts','6','44630','Reindahl','Baja California Sur','4705574039');
INSERT INTO cliente(curp,nombre,apellidoPaterno,apellidoMaterno,numero,codigoPostal,calle,estado,telefono) VALUES ('NKVV715251GQXGHS06','Kalila','Brikner','Wilne','44123','88062','Crowley','Oaxaca','7724578886');
INSERT INTO cliente(curp,nombre,apellidoPaterno,apellidoMaterno,numero,codigoPostal,calle,estado,telefono) VALUES ('XLVQ847606QZPIOT76','Bailie','Gut','Richard','0','97841','Badeau','Tlaxcala','3415088712');
INSERT INTO cliente(curp,nombre,apellidoPaterno,apellidoMaterno,numero,codigoPostal,calle,estado,telefono) VALUES ('EZPI657424VRWINGQ8','Bruce','Jovovic','Clementel','263','89803','Prentice','Tlaxcala','1931991782');
INSERT INTO cliente(curp,nombre,apellidoPaterno,apellidoMaterno,numero,codigoPostal,calle,estado,telefono) VALUES ('FJSG952059AXGVSZN6','Celisse','Rappoport','Fromont','96','77220','Carey','Queretaro','1476904432');
INSERT INTO cliente(curp,nombre,apellidoPaterno,apellidoMaterno,numero,codigoPostal,calle,estado,telefono) VALUES ('WDAU081263EYCPDUC2','Hyacinthe','Zannolli','Sturney','3100','81872','Huxley','Chihuahua','6991646460');
INSERT INTO cliente(curp,nombre,apellidoPaterno,apellidoMaterno,numero,codigoPostal,calle,estado,telefono) VALUES ('QSWJ930175QCABAKE7','Spike','Henkmann','Mattocks','000','81185','Independence','Jalisco','4425337899');
INSERT INTO cliente(curp,nombre,apellidoPaterno,apellidoMaterno,numero,codigoPostal,calle,estado,telefono) VALUES ('TBXM606475LBJFMSL5','Henri','Snazle','Divers','30603','97149','Hintze','Aguascalientes','8806783331');
INSERT INTO cliente(curp,nombre,apellidoPaterno,apellidoMaterno,numero,codigoPostal,calle,estado,telefono) VALUES ('GEYL764080HKJSLBR7','Merrick','Devons','Martellini','44777','20758','Porter','Jalisco','3242021719');
INSERT INTO cliente(curp,nombre,apellidoPaterno,apellidoMaterno,numero,codigoPostal,calle,estado,telefono) VALUES ('ZDUZ490931ZPCASQS0','Federica','Starmer','Backshell','3217','53531','Ridge Oak','Colima','6849115420');
INSERT INTO cliente(curp,nombre,apellidoPaterno,apellidoMaterno,numero,codigoPostal,calle,estado,telefono) VALUES ('PPZU794769IVAVOYG2','Celinda','McEnhill','Yerbury','5','85283','Village','Baja California Sur','2062688458');
INSERT INTO cliente(curp,nombre,apellidoPaterno,apellidoMaterno,numero,codigoPostal,calle,estado,telefono) VALUES ('QWVC136014UENYTO09','Jimmy','Ure','Madeley','10044','47618','Eastwood','San Luis Potosi','4547810356');
INSERT INTO cliente(curp,nombre,apellidoPaterno,apellidoMaterno,numero,codigoPostal,calle,estado,telefono) VALUES ('TJCC823944VNQUGCV3','Debor','Purrington','Blesing','48876','19615','Columbus','Baja California Sur','2591000539');
INSERT INTO cliente(curp,nombre,apellidoPaterno,apellidoMaterno,numero,codigoPostal,calle,estado,telefono) VALUES ('ODXO714088IJEQLNK0','Garrik','Brearty','Kluger','1','44455','Gateway','Morelos','2727740166');
INSERT INTO cliente(curp,nombre,apellidoPaterno,apellidoMaterno,numero,codigoPostal,calle,estado,telefono) VALUES ('LIXK441020UPDKWB39','Cornela','Mynott','Maudlin','1897','72325','Bowman','Chihuahua','7192636341');
INSERT INTO cliente(curp,nombre,apellidoPaterno,apellidoMaterno,numero,codigoPostal,calle,estado,telefono) VALUES ('YGJU706709EWPTJX25','Hally','Ahrenius','Bruff','7','66674','Claremont','Tamaulipas','8027292764');
INSERT INTO cliente(curp,nombre,apellidoPaterno,apellidoMaterno,numero,codigoPostal,calle,estado,telefono) VALUES ('QTAK316325NZSYZZ36','Michal','Wissbey','Bachs','911','77939','Lyons','Tabasco','6337646686');
INSERT INTO cliente(curp,nombre,apellidoPaterno,apellidoMaterno,numero,codigoPostal,calle,estado,telefono) VALUES ('OHDI804668KJBPPUF9','Farr','Elderton','Dumblton','22','42611','Boyd','Ciudad de México','1708106026');
INSERT INTO cliente(curp,nombre,apellidoPaterno,apellidoMaterno,numero,codigoPostal,calle,estado,telefono) VALUES ('MMPL858781DITKPKE2','Herman','Duchesne','Skeldon','7713','26895','Hansons','Durango','6069983953');
INSERT INTO cliente(curp,nombre,apellidoPaterno,apellidoMaterno,numero,codigoPostal,calle,estado,telefono) VALUES ('LPIW136604LXTLUMS2','Carline','Willgress','Fosdick','9','04086','Nobel','Zacatecas','4082965795');
INSERT INTO cliente(curp,nombre,apellidoPaterno,apellidoMaterno,numero,codigoPostal,calle,estado,telefono) VALUES ('OEIK264195JPYOEUD0','Wilmette','Bristow','Helder','4084','97743','Ramsey','Tlaxcala','8261884514');
INSERT INTO cliente(curp,nombre,apellidoPaterno,apellidoMaterno,numero,codigoPostal,calle,estado,telefono) VALUES ('GLMI430053HOFGXMV4','Chrisse','Fleming','Brewitt','35167','41802','Vermont','Aguascalientes','8406858184');
INSERT INTO cliente(curp,nombre,apellidoPaterno,apellidoMaterno,numero,codigoPostal,calle,estado,telefono) VALUES ('ZSKK061706ZLFKHFA9','Enid','Torbard','Spurritt','63','22262','Lindbergh','Guanajuato','4802183542');
INSERT INTO cliente(curp,nombre,apellidoPaterno,apellidoMaterno,numero,codigoPostal,calle,estado,telefono) VALUES ('EUPR422640XQXGQV42','Savina','Blemen','Bricham','329','63572','Steensland','Zacatecas','3541598454');
INSERT INTO cliente(curp,nombre,apellidoPaterno,apellidoMaterno,numero,codigoPostal,calle,estado,telefono) VALUES ('PEHW140481VOAQJDW5','Garth','Compfort','Forsbey','534','09907','Westend','Puebla','8472017520');
INSERT INTO cliente(curp,nombre,apellidoPaterno,apellidoMaterno,numero,codigoPostal,calle,estado,telefono) VALUES ('IJNP734728FNRHJIG8','Donni','Booler','Coger','4','44728','Surrey','Zacatecas','3964588721');
INSERT INTO cliente(curp,nombre,apellidoPaterno,apellidoMaterno,numero,codigoPostal,calle,estado,telefono) VALUES ('FXVD081161WFNIZF96','Colan','Merwe','Udey','781','16550','Kim','Chiapas','9748651528');
INSERT INTO cliente(curp,nombre,apellidoPaterno,apellidoMaterno,numero,codigoPostal,calle,estado,telefono) VALUES ('IUIA302899AWTXBNS2','Katey','Gillcrist','Urquhart','030','72905','Kim','Tamaulipas','6228302277');
INSERT INTO cliente(curp,nombre,apellidoPaterno,apellidoMaterno,numero,codigoPostal,calle,estado,telefono) VALUES ('VQGF498634YHPTFZA5','Irvin','Conring','Vasentsov','6918','01166','Birchwood','Guanajuato','3115715521');
INSERT INTO cliente(curp,nombre,apellidoPaterno,apellidoMaterno,numero,codigoPostal,calle,estado,telefono) VALUES ('CYAZ499875WTWTXK58','Hildy','Rickerd','Hedman','800','77321','Susan','Tamaulipas','7196033251');
INSERT INTO cliente(curp,nombre,apellidoPaterno,apellidoMaterno,numero,codigoPostal,calle,estado,telefono) VALUES ('TNOA134975NTBCITR9','Lem','Philipeau','Bradman','48559','79567','Westport','Tabasco','1893727394');
INSERT INTO cliente(curp,nombre,apellidoPaterno,apellidoMaterno,numero,codigoPostal,calle,estado,telefono) VALUES ('QRSX938128ATLYWIU2','Corrina','Cottell','Ducker','10076','90569','Susan','Quintana Roo','9321212959');
INSERT INTO cliente(curp,nombre,apellidoPaterno,apellidoMaterno,numero,codigoPostal,calle,estado,telefono) VALUES ('VUJM276937BJKNOQA0','Willem','Kennon','Aughtie','12','52198','Kropf','Puebla','6956351394');
INSERT INTO cliente(curp,nombre,apellidoPaterno,apellidoMaterno,numero,codigoPostal,calle,estado,telefono) VALUES ('QKTL575495SABOUQ65','Roderigo','Reay','Calton','26588','46100','Eastwood','Veracruz de Ignacio de la Llave','2602583694');
INSERT INTO cliente(curp,nombre,apellidoPaterno,apellidoMaterno,numero,codigoPostal,calle,estado,telefono) VALUES ('AYLH677479XBKIBFE5','Estele','Geindre','Chapelhow','8765','45089','Mayer','Durango','1871197665');
INSERT INTO cliente(curp,nombre,apellidoPaterno,apellidoMaterno,numero,codigoPostal,calle,estado,telefono) VALUES ('NVWC532008HCYZMQ03','Adolf','Cotterill','Doull','2013','42711','Judy','Morelos','6013611105');
INSERT INTO cliente(curp,nombre,apellidoPaterno,apellidoMaterno,numero,codigoPostal,calle,estado,telefono) VALUES ('GZNS809010UQWBBOT7','Major','Castagneto','Serchwell','34','53839','Continental','Chiapas','9007933964');
INSERT INTO cliente(curp,nombre,apellidoPaterno,apellidoMaterno,numero,codigoPostal,calle,estado,telefono) VALUES ('HGOE770564HYPQED70','Mikol','Saich','Mars','07478','78924','Harper','San Luis Potosi','4609535780');
INSERT INTO cliente(curp,nombre,apellidoPaterno,apellidoMaterno,numero,codigoPostal,calle,estado,telefono) VALUES ('BOWH207542SAPQUM12','Alyce','Lilloe','Street','24','53251','Melvin','San Luis Potosi','8186479070');
INSERT INTO cliente(curp,nombre,apellidoPaterno,apellidoMaterno,numero,codigoPostal,calle,estado,telefono) VALUES ('ZQZA200420PTIZLO21','Rory','Norsworthy','Viggers','5186','52546','Hayes','Tamaulipas','7573378291');
INSERT INTO cliente(curp,nombre,apellidoPaterno,apellidoMaterno,numero,codigoPostal,calle,estado,telefono) VALUES ('NOUW263842AIXLYNF2','Kyla','Coathup','Matley','1673','28135','Pearson','Aguascalientes','2106129257');
INSERT INTO cliente(curp,nombre,apellidoPaterno,apellidoMaterno,numero,codigoPostal,calle,estado,telefono) VALUES ('ISWF259164EFKKWIZ4','Gratia','Cripin','Frie','5445','64174','Pine View','Nuevo Leon','6531117887');
INSERT INTO cliente(curp,nombre,apellidoPaterno,apellidoMaterno,numero,codigoPostal,calle,estado,telefono) VALUES ('FNSN555831UTHDZR80','Donelle','Phelipeau','Haylor','52385','38048','Waubesa','Tamaulipas','4091935077');
INSERT INTO cliente(curp,nombre,apellidoPaterno,apellidoMaterno,numero,codigoPostal,calle,estado,telefono) VALUES ('KIDM416570DNTDWWZ2','Conchita','Wanek','Deftie','93092','73312','Bobwhite','Durango','6184345035');
INSERT INTO cliente(curp,nombre,apellidoPaterno,apellidoMaterno,numero,codigoPostal,calle,estado,telefono) VALUES ('RDSH249248LRCBCDX1','Iain','McMichan','Jarrard','4','90368','1st','Veracruz de Ignacio de la Llave','5518385187');
INSERT INTO cliente(curp,nombre,apellidoPaterno,apellidoMaterno,numero,codigoPostal,calle,estado,telefono) VALUES ('ANUB483974RJKZKEB5','Lyndsay','Meigh','Purbrick','40','66836','Marquette','Tabasco','5734297879');
INSERT INTO cliente(curp,nombre,apellidoPaterno,apellidoMaterno,numero,codigoPostal,calle,estado,telefono) VALUES ('PHYH107254QKESYON9','Ninnette','Arnall','Clymo','25288','56485','Dwight','Chiapas','4678396912');
INSERT INTO cliente(curp,nombre,apellidoPaterno,apellidoMaterno,numero,codigoPostal,calle,estado,telefono) VALUES ('ZEFB799581JDHJEJ15','Eolanda','Yelland','Bentinck','947','68293','Bunker Hill','Guanajuato','2476952650');
INSERT INTO cliente(curp,nombre,apellidoPaterno,apellidoMaterno,numero,codigoPostal,calle,estado,telefono) VALUES ('RGFS711371OEVESU74','Berri','Jakoubec','Foord','92108','46264','Pine View','Chiapas','3279972370');
INSERT INTO cliente(curp,nombre,apellidoPaterno,apellidoMaterno,numero,codigoPostal,calle,estado,telefono) VALUES ('NMMP405142ZOBALZX4','Jarib','Kenewel','Ellor','4177','64822','Mosinee','Hidalgo','8578922537');
INSERT INTO cliente(curp,nombre,apellidoPaterno,apellidoMaterno,numero,codigoPostal,calle,estado,telefono) VALUES ('YJAM334289ASDQZF57','Tonye','Corbridge','Screen','6','88416','Red Cloud','Sinaloa','3124951388');
INSERT INTO cliente(curp,nombre,apellidoPaterno,apellidoMaterno,numero,codigoPostal,calle,estado,telefono) VALUES ('ZKTS197058TVWJYFS4','Christin','Wills','Dettmar','4542','71140','Sunfield','Oaxaca','6773179471');
INSERT INTO cliente(curp,nombre,apellidoPaterno,apellidoMaterno,numero,codigoPostal,calle,estado,telefono) VALUES ('DSQI916597MFWWJUU1','Kerk','Plowman','Roze','93645','37440','Golden Leaf','Tabasco','2146358558');
INSERT INTO cliente(curp,nombre,apellidoPaterno,apellidoMaterno,numero,codigoPostal,calle,estado,telefono) VALUES ('DSVV228389JJTGSDU6','Ingaberg','Fruin','Crowth','0','17187','Armistice','Campeche','2055179907');
INSERT INTO cliente(curp,nombre,apellidoPaterno,apellidoMaterno,numero,codigoPostal,calle,estado,telefono) VALUES ('WSXD803337KKOYLMD9','Niels','Kapelhoff','Glauber','6853','38858','Carberry','Durango','7142758643');
INSERT INTO cliente(curp,nombre,apellidoPaterno,apellidoMaterno,numero,codigoPostal,calle,estado,telefono) VALUES ('LEUP767978JMTPOMA1','Ewan','Mosdall','Boustead','15','45092','Pankratz','Sonora','8578988002');
INSERT INTO cliente(curp,nombre,apellidoPaterno,apellidoMaterno,numero,codigoPostal,calle,estado,telefono) VALUES ('YYPB573415BTLQEP69','Hesther','Konzelmann','Gallon','1284','69133','Boyd','Tlaxcala','5514721065');
INSERT INTO cliente(curp,nombre,apellidoPaterno,apellidoMaterno,numero,codigoPostal,calle,estado,telefono) VALUES ('NNZY467653KFTMLWP9','Riki','Amberg','Waywell','52','10347','Southridge','Jalisco','3033120945');
INSERT INTO cliente(curp,nombre,apellidoPaterno,apellidoMaterno,numero,codigoPostal,calle,estado,telefono) VALUES ('NWLB670435CYBDIJR4','Skye','Fortesquieu','Beloe','3910','65119','Bobwhite','Oaxaca','8414931508');
INSERT INTO cliente(curp,nombre,apellidoPaterno,apellidoMaterno,numero,codigoPostal,calle,estado,telefono) VALUES ('JIEB071654IAXSOA00','Tomasine','Arch','Carbry','502','77941','Ruskin','Jalisco','8931383910');
INSERT INTO cliente(curp,nombre,apellidoPaterno,apellidoMaterno,numero,codigoPostal,calle,estado,telefono) VALUES ('WWNH445912UJTZCD74','Mariann','O''Monahan','Stammer','7','11846','Division','Colima','9192741051');
INSERT INTO cliente(curp,nombre,apellidoPaterno,apellidoMaterno,numero,codigoPostal,calle,estado,telefono) VALUES ('XKPP604586NGBXVT31','Twila','Levesque','Castrillo','5','44231','Bay','Quintana Roo','8325950621');
INSERT INTO cliente(curp,nombre,apellidoPaterno,apellidoMaterno,numero,codigoPostal,calle,estado,telefono) VALUES ('HLQD507219JJJIHCV7','Honey','Renn','Hirjak','3155','98441','Randy','Tabasco','2344674353');
INSERT INTO cliente(curp,nombre,apellidoPaterno,apellidoMaterno,numero,codigoPostal,calle,estado,telefono) VALUES ('PGVK391892YIFYBZ46','Alanna','Elsmor','Cescotti','46892','32856','Forster','Nuevo Leon','8644045101');
INSERT INTO cliente(curp,nombre,apellidoPaterno,apellidoMaterno,numero,codigoPostal,calle,estado,telefono) VALUES ('ZOZY322973FEPNCHV6','Berni','Jentzsch','Musterd','5587','27821','Messerschmidt','Coahuila de Zaragoza','9477936604');
INSERT INTO cliente(curp,nombre,apellidoPaterno,apellidoMaterno,numero,codigoPostal,calle,estado,telefono) VALUES ('JGOE045688MJVRZWV2','Inna','Parriss','Bizley','19085','08794','Starling','Colima','2408410560');
INSERT INTO cliente(curp,nombre,apellidoPaterno,apellidoMaterno,numero,codigoPostal,calle,estado,telefono) VALUES ('GCJH910887QMQGESL6','Judon','Tweedie','McKeag','0453','92262','Cottonwood','Zacatecas','9264169133');
INSERT INTO cliente(curp,nombre,apellidoPaterno,apellidoMaterno,numero,codigoPostal,calle,estado,telefono) VALUES ('GUDT227608VEYTWQ97','Shurwood','Doeg','Ladyman','38923','95295','Ridgeview','Tlaxcala','1051708161');
INSERT INTO cliente(curp,nombre,apellidoPaterno,apellidoMaterno,numero,codigoPostal,calle,estado,telefono) VALUES ('MXPF535191PUASYCI2','Wright','Erswell','Omond','7259','90367','School','Aguascalientes','1776391446');
INSERT INTO cliente(curp,nombre,apellidoPaterno,apellidoMaterno,numero,codigoPostal,calle,estado,telefono) VALUES ('KTZB695226LXAAPLN8','Al','Brame','Baumber','00563','58850','Sutherland','Morelos','3092936176');
INSERT INTO cliente(curp,nombre,apellidoPaterno,apellidoMaterno,numero,codigoPostal,calle,estado,telefono) VALUES ('SCEF732264QDABEBQ6','Gillie','Polino','Dreus','9','31024','Harper','Tamaulipas','2642455981');
INSERT INTO cliente(curp,nombre,apellidoPaterno,apellidoMaterno,numero,codigoPostal,calle,estado,telefono) VALUES ('IWIP221023PWJEUKA6','Tom','Layton','Lory','3346','85016','Scott','Aguascalientes','2822067418');
INSERT INTO cliente(curp,nombre,apellidoPaterno,apellidoMaterno,numero,codigoPostal,calle,estado,telefono) VALUES ('UZZI064840CGPXIH71','Orel','Herche','Woollaston','7','13061','Oneill','Quintana Roo','8565034505');
INSERT INTO cliente(curp,nombre,apellidoPaterno,apellidoMaterno,numero,codigoPostal,calle,estado,telefono) VALUES ('RADM884832FMHCEMV5','Gusella','Picott','Maddick','18566','86623','Del Sol','Zacatecas','7657672513');
INSERT INTO cliente(curp,nombre,apellidoPaterno,apellidoMaterno,numero,codigoPostal,calle,estado,telefono) VALUES ('TSZL234854DZOHAFJ9','Robbie','Dumbleton','Nestor','0','10462','Bluestem','México','3841979531');
INSERT INTO cliente(curp,nombre,apellidoPaterno,apellidoMaterno,numero,codigoPostal,calle,estado,telefono) VALUES ('AEEJ053160QWZGJIQ6','Iorgo','McCurry','Cliffe','15','47652','Toban','Ciudad de México','5615830831');
INSERT INTO cliente(curp,nombre,apellidoPaterno,apellidoMaterno,numero,codigoPostal,calle,estado,telefono) VALUES ('UCRH293913QKMQTYT3','Britt','Beddis','Kops','839','50133','Sunbrook','Aguascalientes','8788909967');
INSERT INTO cliente(curp,nombre,apellidoPaterno,apellidoMaterno,numero,codigoPostal,calle,estado,telefono) VALUES ('SISP275213GOCKGUP2','Cordy','Haggleton','Grunson','9','29820','Spohn','Chiapas','8978997181');
INSERT INTO cliente(curp,nombre,apellidoPaterno,apellidoMaterno,numero,codigoPostal,calle,estado,telefono) VALUES ('UXNS155438OOQPAMF5','Gary','Lamberts','Torres','1','14871','Carioca','Coahuila de Zaragoza','3043144330');
INSERT INTO cliente(curp,nombre,apellidoPaterno,apellidoMaterno,numero,codigoPostal,calle,estado,telefono) VALUES ('RIEK714088TSDXKF42','Patton','Lawley','Gilardi','2580','69269','Mcbride','Campeche','8775743845');
INSERT INTO cliente(curp,nombre,apellidoPaterno,apellidoMaterno,numero,codigoPostal,calle,estado,telefono) VALUES ('NYDA172190PRLBHOR8','Stepha','Binny','Kayne','8222','51743','Grasskamp','Guerrero','7962538996');
INSERT INTO cliente(curp,nombre,apellidoPaterno,apellidoMaterno,numero,codigoPostal,calle,estado,telefono) VALUES ('YNSZ864059HHZQAE62','Loella','Schoenrock','Thoresby','3942','22923','Del Sol','Sinaloa','5612521008');
INSERT INTO cliente(curp,nombre,apellidoPaterno,apellidoMaterno,numero,codigoPostal,calle,estado,telefono) VALUES ('FJXX410564PUONRX27','Sela','Matas','Pinkerton','26','52226','Sachs','Colima','4337154473');
INSERT INTO cliente(curp,nombre,apellidoPaterno,apellidoMaterno,numero,codigoPostal,calle,estado,telefono) VALUES ('ZLFL565874CPDWKXT3','Nora','Lesaunier','Mackieson','58','26702','Delaware','Sinaloa','3278109403');
INSERT INTO cliente(curp,nombre,apellidoPaterno,apellidoMaterno,numero,codigoPostal,calle,estado,telefono) VALUES ('JNDA991053CBUVMUY7','Lynne','Walesa','Headrick','15730','99773','Texas','Ciudad de México','8539226680');
INSERT INTO cliente(curp,nombre,apellidoPaterno,apellidoMaterno,numero,codigoPostal,calle,estado,telefono) VALUES ('WJWT834748FKUGHV31','Josefina','Spaight','Pippin','60224','38134','Kensington','Tamaulipas','1344684034');
INSERT INTO cliente(curp,nombre,apellidoPaterno,apellidoMaterno,numero,codigoPostal,calle,estado,telefono) VALUES ('YPIQ749392OWZEMFF9','Gregory','Simonou','Heskins','281','27227','Hayes','Puebla','2031445988');
INSERT INTO cliente(curp,nombre,apellidoPaterno,apellidoMaterno,numero,codigoPostal,calle,estado,telefono) VALUES ('ENLX475091CFAAHZ85','Barri','Barehead','Zellick','226','19081','Killdeer','Coahuila de Zaragoza','7642291608');
INSERT INTO cliente(curp,nombre,apellidoPaterno,apellidoMaterno,numero,codigoPostal,calle,estado,telefono) VALUES ('YVNN106527TVWRAJY3','Dian','McGookin','Gittings','962','70044','Gerald','Aguascalientes','4472727371');
-- }}}


--- Mascota 	{{{
INSERT INTO mascota(idmascota,curp,nombredueño,nombre,edad,raza,especie,peso) VALUES ('BKXEZTODHJQSOI7MOR','ZKTS197058TVWJYFS4','Christin','Scooter',19,'Collie','Collie',59.4);
INSERT INTO mascota(idmascota,curp,nombredueño,nombre,edad,raza,especie,peso) VALUES ('L4C11F48IHYEFQ4AWL','CNYK309461REWDRQS2','Kerwinn','Lexie',17,'Hen','Hen',24.59);
INSERT INTO mascota(idmascota,curp,nombredueño,nombre,edad,raza,especie,peso) VALUES ('Q2Y1A7ED3QNPGV1CVP','GUDT227608VEYTWQ97','Shurwood','Joey',20,'Squid','Squid',79.52);
INSERT INTO mascota(idmascota,curp,nombredueño,nombre,edad,raza,especie,peso) VALUES ('F1AEH7BJCX4PWP564J','EUPR422640XQXGQV42','Savina','Lexi',15,'Cobra','Cobra',49.93);
INSERT INTO mascota(idmascota,curp,nombredueño,nombre,edad,raza,especie,peso) VALUES ('M813FZIX3FVNLTYA0B','LPIW136604LXTLUMS2','Carline','Bentley',2,'Oryx','Oryx',47.77);
INSERT INTO mascota(idmascota,curp,nombredueño,nombre,edad,raza,especie,peso) VALUES ('A6ZP357GDQ6XYPQGR1','WWNH445912UJTZCD74','Mariann','Missy',6,'Loon','Loon',31.97);
INSERT INTO mascota(idmascota,curp,nombredueño,nombre,edad,raza,especie,peso) VALUES ('FFFAAXMCU5LXM5E9JA','RDSH249248LRCBCDX1','Iain','Joey',4,'Prawn','Prawn',12.12);
INSERT INTO mascota(idmascota,curp,nombredueño,nombre,edad,raza,especie,peso) VALUES ('YBRVWQY7V3MD2MCZYW','RIEK714088TSDXKF42','Patton','Chance',15,'Goat','Goat',14.76);
INSERT INTO mascota(idmascota,curp,nombredueño,nombre,edad,raza,especie,peso) VALUES ('X17PBDYKFK8WRPQN5Q','QKTL575495SABOUQ65','Roderigo','Mocha',3,'Oriole','Oriole',3.67);
INSERT INTO mascota(idmascota,curp,nombredueño,nombre,edad,raza,especie,peso) VALUES ('42L5M1BPPD508XD0VU','NYDA172190PRLBHOR8','Stepha','Oreo',14,'Liger','Liger',52.04);
INSERT INTO mascota(idmascota,curp,nombredueño,nombre,edad,raza,especie,peso) VALUES ('4NV71O1MG5SOUP996E','XLVQ847606QZPIOT76','Bailie','Luke',15,'Wombat','Wombat',66.76);
INSERT INTO mascota(idmascota,curp,nombredueño,nombre,edad,raza,especie,peso) VALUES ('MK8U9ZVWTL91H00EKL','MXPF535191PUASYCI2','Wright','Baby',6,'Marlin','Marlin',71.03);
INSERT INTO mascota(idmascota,curp,nombredueño,nombre,edad,raza,especie,peso) VALUES ('HJD1X7QLKOM8S8U6GR','NOUW263842AIXLYNF2','Kyla','Cody',14,'Caiman','Caiman',14.1);
INSERT INTO mascota(idmascota,curp,nombredueño,nombre,edad,raza,especie,peso) VALUES ('PGFP469L2KX2AZ2WZ3','KIDM416570DNTDWWZ2','Conchita','Rufus',9,'Bobcat','Bobcat',48.76);
INSERT INTO mascota(idmascota,curp,nombredueño,nombre,edad,raza,especie,peso) VALUES ('ORF0XRHJI9D7H4DV20','ZDUZ490931ZPCASQS0','Federica','Cooper',2,'Glider','Glider',18.49);
INSERT INTO mascota(idmascota,curp,nombredueño,nombre,edad,raza,especie,peso) VALUES ('ITM6EDXX6XQO7LHIX7','YJAM334289ASDQZF57','Tonye','Oreo',2,'Liger','Liger',67.29);
INSERT INTO mascota(idmascota,curp,nombredueño,nombre,edad,raza,especie,peso) VALUES ('FJGI5FFK331GCZXTP7','NMMP405142ZOBALZX4','Jarib','Dixie',6,'Kodiak','Kodiak',17.93);
INSERT INTO mascota(idmascota,curp,nombredueño,nombre,edad,raza,especie,peso) VALUES ('S09NH3PRMP313QA7SN','NWLB670435CYBDIJR4','Skye','Cooper',2,'Glider','Glider',20.01);
INSERT INTO mascota(idmascota,curp,nombredueño,nombre,edad,raza,especie,peso) VALUES ('JZB1MA7CUK7087004Y','SCEF732264QDABEBQ6','Gillie','Gracie',4,'Hyena','Hyena',12.58);
INSERT INTO mascota(idmascota,curp,nombredueño,nombre,edad,raza,especie,peso) VALUES ('QQPVQE4SV4DATGIQNE','ENLX475091CFAAHZ85','Barri','Benji',2,'Buck','Buck',34.88);
INSERT INTO mascota(idmascota,curp,nombredueño,nombre,edad,raza,especie,peso) VALUES ('PCJS1Z7ZIW092Q55GY','ZQZA200420PTIZLO21','Rory','Sadie',13,'Civet','Civet',25.64);
INSERT INTO mascota(idmascota,curp,nombredueño,nombre,edad,raza,especie,peso) VALUES ('RU5UJWGFOPGYX73Y9U','CYAZ499875WTWTXK58','Hildy','Chance',11,'Goat','Goat',28.37);
INSERT INTO mascota(idmascota,curp,nombredueño,nombre,edad,raza,especie,peso) VALUES ('L0LNS4A8T8UG2BUSWW','QTAK316325NZSYZZ36','Michal','Callie',9,'Turtle','Turtle',77.03);
INSERT INTO mascota(idmascota,curp,nombredueño,nombre,edad,raza,especie,peso) VALUES ('T7DMEAJQXN3MF2KZ1H','TBXM606475LBJFMSL5','Henri','Gracie',12,'Hyena','Hyena',86.31);
INSERT INTO mascota(idmascota,curp,nombredueño,nombre,edad,raza,especie,peso) VALUES ('8DYG0SGRVWVWUFJ2ZH','DSQI916597MFWWJUU1','Kerk','Shadow',5,'Bream','Bream',80.85);
INSERT INTO mascota(idmascota,curp,nombredueño,nombre,edad,raza,especie,peso) VALUES ('RDP8IO3K0OFT0Q3ROQ','YYPB573415BTLQEP69','Hesther','Sasha',20,'Raptor','Raptor',15.62);
INSERT INTO mascota(idmascota,curp,nombredueño,nombre,edad,raza,especie,peso) VALUES ('E1FUAHZMQ8K5KEHB7U','RGFS711371OEVESU74','Berri','Belle',18,'Python','Python',43.43);
INSERT INTO mascota(idmascota,curp,nombredueño,nombre,edad,raza,especie,peso) VALUES ('7EH8WK2PUGPSTNWLN9','LPIW136604LXTLUMS2','Carline','Moose',4,'Coyote','Coyote',45.95);
INSERT INTO mascota(idmascota,curp,nombredueño,nombre,edad,raza,especie,peso) VALUES ('N6VYDD1OM7T881AA90','SMHD755321EHDCCPD0','Sheppard','Lily',1,'Ape','Ape',74.98);
INSERT INTO mascota(idmascota,curp,nombredueño,nombre,edad,raza,especie,peso) VALUES ('GZ0OIKB0FV9BNDRDKI','RDSH249248LRCBCDX1','Iain','Callie',9,'Turtle','Turtle',23.52);
INSERT INTO mascota(idmascota,curp,nombredueño,nombre,edad,raza,especie,peso) VALUES ('AZL6VURTRPAPXR3DLD','OWKN413300NXITBDP4','Kennedy','Zoey',18,'Cod','Cod',28.19);
INSERT INTO mascota(idmascota,curp,nombredueño,nombre,edad,raza,especie,peso) VALUES ('SG98ESKS9AU4RPK6ZT','UZZI064840CGPXIH71','Orel','Lulu',18,'Dingo','Dingo',29.56);
INSERT INTO mascota(idmascota,curp,nombredueño,nombre,edad,raza,especie,peso) VALUES ('VJU724TAEEWXQ1THE7','TJCC823944VNQUGCV3','Debor','Izzy',3,'Molly','Molly',44.08);
INSERT INTO mascota(idmascota,curp,nombredueño,nombre,edad,raza,especie,peso) VALUES ('A442TU49PX2E8C560Q','PHYH107254QKESYON9','Ninnette','Cooper',12,'Glider','Glider',63.79);
INSERT INTO mascota(idmascota,curp,nombredueño,nombre,edad,raza,especie,peso) VALUES ('F7VAHFJD9HNSEUN73T','NYDA172190PRLBHOR8','Stepha','Max',3,'Mantis','Mantis',33.9);
INSERT INTO mascota(idmascota,curp,nombredueño,nombre,edad,raza,especie,peso) VALUES ('KGCR5WB5OCA9KMSOS0','WJWT834748FKUGHV31','Josefina','Nikki',19,'Perch','Perch',35.89);
INSERT INTO mascota(idmascota,curp,nombredueño,nombre,edad,raza,especie,peso) VALUES ('T57MNMKE3CUVABR5W0','JNDA991053CBUVMUY7','Lynne','Oliver',6,'Quagga','Quagga',76.21);
INSERT INTO mascota(idmascota,curp,nombredueño,nombre,edad,raza,especie,peso) VALUES ('VJVY1MJZU6QQ5FHXLE','YGJU706709EWPTJX25','Hally','Sandy',6,'Falcon','Falcon',48.26);
INSERT INTO mascota(idmascota,curp,nombredueño,nombre,edad,raza,especie,peso) VALUES ('XNNFBYLUROTOZ4F25V','ODXO714088IJEQLNK0','Garrik','Rufus',12,'Tarpon','Tarpon',86.16);
INSERT INTO mascota(idmascota,curp,nombredueño,nombre,edad,raza,especie,peso) VALUES ('SE9ASBAD6OQVC30G6D','VMKM017251ZHNHCKX1','Marissa','Gigi',15,'Quagga','Quagga',30.2);
INSERT INTO mascota(idmascota,curp,nombredueño,nombre,edad,raza,especie,peso) VALUES ('IE6KR83MKD53WXW6R3','OEIK264195JPYOEUD0','Wilmette','Mimi',11,'Perch','Perch',19.61);
INSERT INTO mascota(idmascota,curp,nombredueño,nombre,edad,raza,especie,peso) VALUES ('T47WC33QVLI507NV7Y','GZNS809010UQWBBOT7','Major','Ella',17,'Gecko','Gecko',69.26);
INSERT INTO mascota(idmascota,curp,nombredueño,nombre,edad,raza,especie,peso) VALUES ('CLEM4H1ZN7VYNF7M0G','FXVD081161WFNIZF96','Colan','Millie',3,'Tarpon','Tarpon',65.51);
INSERT INTO mascota(idmascota,curp,nombredueño,nombre,edad,raza,especie,peso) VALUES ('Z0UTF5NYQT5SZNED71','TSZL234854DZOHAFJ9','Robbie','Cody',14,'Hog','Hog',72.93);
INSERT INTO mascota(idmascota,curp,nombredueño,nombre,edad,raza,especie,peso) VALUES ('E4U33SU5JMQ5ZWRJRM','XLVQ847606QZPIOT76','Bailie','Gus',6,'Toucan','Toucan',80.41);
INSERT INTO mascota(idmascota,curp,nombredueño,nombre,edad,raza,especie,peso) VALUES ('OKMKCSO0KUC3G54U3L','OHDI804668KJBPPUF9','Farr','Kobe',18,'Mule','Mule',60.57);
INSERT INTO mascota(idmascota,curp,nombredueño,nombre,edad,raza,especie,peso) VALUES ('UWPHCUPDS71RQ7JPCJ','TNOA134975NTBCITR9','Lem','Lola',11,'Bobcat','Bobcat',9.38);
INSERT INTO mascota(idmascota,curp,nombredueño,nombre,edad,raza,especie,peso) VALUES ('JQJ559C1GMFRR95CIR','WSXD803337KKOYLMD9','Niels','Callie',1,'Akita','Akita',20.05);
INSERT INTO mascota(idmascota,curp,nombredueño,nombre,edad,raza,especie,peso) VALUES ('WEPMGPUSPIVWIWJMEY','YVNN106527TVWRAJY3','Dian','Mimi',17,'Perch','Perch',23.44);
INSERT INTO mascota(idmascota,curp,nombredueño,nombre,edad,raza,especie,peso) VALUES ('QBI9T68B7MN5K1DBTY','GUDT227608VEYTWQ97','Shurwood','Callie',2,'Akita','Akita',31.62);
INSERT INTO mascota(idmascota,curp,nombredueño,nombre,edad,raza,especie,peso) VALUES ('GHN8TAW0MT1QLVNQ6D','SMHD755321EHDCCPD0','Sheppard','Loki',19,'Hen','Hen',23.1);
INSERT INTO mascota(idmascota,curp,nombredueño,nombre,edad,raza,especie,peso) VALUES ('XV8BFD4QFT6PNIHOKY','WDAU081263EYCPDUC2','Hyacinthe','Walter',4,'Mantis','Mantis',29.15);
INSERT INTO mascota(idmascota,curp,nombredueño,nombre,edad,raza,especie,peso) VALUES ('5QNEBJK7Y1FZHKS7FW','XKPP604586NGBXVT31','Twila','Sammy',15,'Bear','Bear',39.14);
INSERT INTO mascota(idmascota,curp,nombredueño,nombre,edad,raza,especie,peso) VALUES ('BYACGVK246XYOIBAR7','QTAK316325NZSYZZ36','Michal','Cocoa',20,'Shrew','Shrew',7.26);
INSERT INTO mascota(idmascota,curp,nombredueño,nombre,edad,raza,especie,peso) VALUES ('Q4YZQD3ZB0RN96SOHL','WWNH445912UJTZCD74','Mariann','Nikki',3,'Perch','Perch',86.74);
INSERT INTO mascota(idmascota,curp,nombredueño,nombre,edad,raza,especie,peso) VALUES ('1C722TDTL83ZJZQFJZ','ANUB483974RJKZKEB5','Lyndsay','Baxter',4,'Raven','Raven',74.51);
INSERT INTO mascota(idmascota,curp,nombredueño,nombre,edad,raza,especie,peso) VALUES ('UXDLCJYNVXR6EOH5QZ','ENLX475091CFAAHZ85','Barri','Sandy',6,'Falcon','Falcon',6.09);
INSERT INTO mascota(idmascota,curp,nombredueño,nombre,edad,raza,especie,peso) VALUES ('L5OFISGWFRPRP9SQDG','ZSKK061706ZLFKHFA9','Enid','Oliver',11,'Gopher','Gopher',66.7);
INSERT INTO mascota(idmascota,curp,nombredueño,nombre,edad,raza,especie,peso) VALUES ('Q9W1UWXCJ2V8NZIPWV','DSQI916597MFWWJUU1','Kerk','Ella',18,'Dove','Dove',24.85);
INSERT INTO mascota(idmascota,curp,nombredueño,nombre,edad,raza,especie,peso) VALUES ('1DHL4691Y3J74QHL55','KIDM416570DNTDWWZ2','Conchita','Apollo',3,'Shad','Shad',64.45);
INSERT INTO mascota(idmascota,curp,nombredueño,nombre,edad,raza,especie,peso) VALUES ('HNPVR2BFZENXR4SZJH','BOWH207542SAPQUM12','Alyce','Maggie',1,'Jackal','Jackal',11.32);
INSERT INTO mascota(idmascota,curp,nombredueño,nombre,edad,raza,especie,peso) VALUES ('H1GB23G7GOU6JM0QPU','QWVC136014UENYTO09','Jimmy','Izzy',15,'Molly','Molly',68.59);
INSERT INTO mascota(idmascota,curp,nombredueño,nombre,edad,raza,especie,peso) VALUES ('BWFMEGIH4Q3UHNOO61','JGOE045688MJVRZWV2','Inna','Gus',12,'Toucan','Toucan',17.98);
INSERT INTO mascota(idmascota,curp,nombredueño,nombre,edad,raza,especie,peso) VALUES ('0Q3KXX7QMJ3FS43EW7','QTAK316325NZSYZZ36','Michal','Lexie',1,'Impala','Impala',29.78);
INSERT INTO mascota(idmascota,curp,nombredueño,nombre,edad,raza,especie,peso) VALUES ('FWGEQP78CB1ZQSDNEE','PPZU794769IVAVOYG2','Celinda','Simba',3,'Monkey','Monkey',6.8);
INSERT INTO mascota(idmascota,curp,nombredueño,nombre,edad,raza,especie,peso) VALUES ('YAPH0OBGTACQJRJ4B0','ZLFL565874CPDWKXT3','Nora','Maggie',1,'Jackal','Jackal',48.58);
INSERT INTO mascota(idmascota,curp,nombredueño,nombre,edad,raza,especie,peso) VALUES ('ACI1UZCQ7643NFPEDA','BOWH207542SAPQUM12','Alyce','Ella',10,'Dove','Dove',7.05);
INSERT INTO mascota(idmascota,curp,nombredueño,nombre,edad,raza,especie,peso) VALUES ('NEQN7EH798WWLYRL6M','UCRH293913QKMQTYT3','Britt','Gracie',14,'Hyena','Hyena',4.52);
INSERT INTO mascota(idmascota,curp,nombredueño,nombre,edad,raza,especie,peso) VALUES ('PBJMQ3Q42OB0XI9TQ9','GUDT227608VEYTWQ97','Shurwood','Lola',7,'Bobcat','Bobcat',51.31);
INSERT INTO mascota(idmascota,curp,nombredueño,nombre,edad,raza,especie,peso) VALUES ('U9HJSAHYZU5D289ATX','KIDM416570DNTDWWZ2','Conchita','Ella',19,'Dove','Dove',15.4);
INSERT INTO mascota(idmascota,curp,nombredueño,nombre,edad,raza,especie,peso) VALUES ('0RV78TS0QQCTNRGK4A','JNDA991053CBUVMUY7','Lynne','Emma',16,'Falcon','Falcon',22.31);
INSERT INTO mascota(idmascota,curp,nombredueño,nombre,edad,raza,especie,peso) VALUES ('TWJA8MPJUDG2XKQ9DW','HGOE770564HYPQED70','Mikol','Jake',7,'Puma','Puma',31.01);
INSERT INTO mascota(idmascota,curp,nombredueño,nombre,edad,raza,especie,peso) VALUES ('6G88SU4REJFIZTFJLO','ANUB483974RJKZKEB5','Lyndsay','Sandy',17,'Falcon','Falcon',84.45);
INSERT INTO mascota(idmascota,curp,nombredueño,nombre,edad,raza,especie,peso) VALUES ('6LBKPBYUIAA289S7I5','QSWJ930175QCABAKE7','Spike','Tyson',1,'Ape','Ape',61.67);
INSERT INTO mascota(idmascota,curp,nombredueño,nombre,edad,raza,especie,peso) VALUES ('0B5DX8TR3P6M20W1HN','TBXM606475LBJFMSL5','Henri','Cocoa',8,'Shrew','Shrew',7.93);
INSERT INTO mascota(idmascota,curp,nombredueño,nombre,edad,raza,especie,peso) VALUES ('ZAIQUHOGPVE2OO23ZY','TSZL234854DZOHAFJ9','Robbie','Izzy',17,'Molly','Molly',33.84);
INSERT INTO mascota(idmascota,curp,nombredueño,nombre,edad,raza,especie,peso) VALUES ('9KRRMPZKC1QRPWTLVC','PHYH107254QKESYON9','Ninnette','Gigi',18,'Quagga','Quagga',66.65);
INSERT INTO mascota(idmascota,curp,nombredueño,nombre,edad,raza,especie,peso) VALUES ('PWDIVW9SMRCKSEQ7OL','RMQW603350XGAJRBV6','Drusie','Gizmo',2,'Cow','Cow',73.47);
INSERT INTO mascota(idmascota,curp,nombredueño,nombre,edad,raza,especie,peso) VALUES ('LJF8Y67H3FMH8CLJ9Y','ZSKK061706ZLFKHFA9','Enid','Millie',7,'Tarpon','Tarpon',83.56);
INSERT INTO mascota(idmascota,curp,nombredueño,nombre,edad,raza,especie,peso) VALUES ('U499XCS0CIAU9W4TRH','FJXX410564PUONRX27','Sela','Stella',12,'Gull','Gull',6.65);
INSERT INTO mascota(idmascota,curp,nombredueño,nombre,edad,raza,especie,peso) VALUES ('3MIGFNES8ZU3V4HD8A','PKZF285213QDGBEL64','Aubrie','Gigi',2,'Quagga','Quagga',61.17);
INSERT INTO mascota(idmascota,curp,nombredueño,nombre,edad,raza,especie,peso) VALUES ('EB0PI4CGJWIL7UYK0B','YYPB573415BTLQEP69','Hesther','Zoey',8,'Cod','Cod',36.69);
INSERT INTO mascota(idmascota,curp,nombredueño,nombre,edad,raza,especie,peso) VALUES ('WM2M2EKSQA05Z3MRQ6','AEEJ053160QWZGJIQ6','Iorgo','Loki',20,'Hen','Hen',59.56);
INSERT INTO mascota(idmascota,curp,nombredueño,nombre,edad,raza,especie,peso) VALUES ('EW2HC30586EVZK7HAM','NNZY467653KFTMLWP9','Riki','Cooper',14,'Glider','Glider',40.95);
INSERT INTO mascota(idmascota,curp,nombredueño,nombre,edad,raza,especie,peso) VALUES ('F2BDUHQGJF7MDPGQQ8','BOWH207542SAPQUM12','Alyce','Scooter',16,'Collie','Collie',41.69);
INSERT INTO mascota(idmascota,curp,nombredueño,nombre,edad,raza,especie,peso) VALUES ('Q6V6HOUYNYMHZNLB0H','SISP275213GOCKGUP2','Cordy','Moose',8,'Coyote','Coyote',77.08);
INSERT INTO mascota(idmascota,curp,nombredueño,nombre,edad,raza,especie,peso) VALUES ('E7DKB94RJLSPPYIAF8','LIXK441020UPDKWB39','Cornela','Sammy',16,'Bear','Bear',12.78);
INSERT INTO mascota(idmascota,curp,nombredueño,nombre,edad,raza,especie,peso) VALUES ('S9IGKHQIC56EFTFSJ5','YGJU706709EWPTJX25','Hally','Ella',10,'Gecko','Gecko',68.07);
INSERT INTO mascota(idmascota,curp,nombredueño,nombre,edad,raza,especie,peso) VALUES ('WMOOKW64PM2SWOHF7Y','WJWT834748FKUGHV31','Josefina','Stella',13,'Gull','Gull',71.7);
INSERT INTO mascota(idmascota,curp,nombredueño,nombre,edad,raza,especie,peso) VALUES ('KC1I53S8D5QD424LRO','GLMI430053HOFGXMV4','Chrisse','Baxter',9,'Grub','Grub',19.1);
INSERT INTO mascota(idmascota,curp,nombredueño,nombre,edad,raza,especie,peso) VALUES ('J0AFUE47B9NMVJ7UWE','IJNP734728FNRHJIG8','Donni','Lexie',17,'Hen','Hen',28.08);
INSERT INTO mascota(idmascota,curp,nombredueño,nombre,edad,raza,especie,peso) VALUES ('GYS1S9BB7GK07II0SO','ZQZA200420PTIZLO21','Rory','Gigi',19,'Quagga','Quagga',68.58);
INSERT INTO mascota(idmascota,curp,nombredueño,nombre,edad,raza,especie,peso) VALUES ('XR2AUST1PZY6OWHMV0','PPZU794769IVAVOYG2','Celinda','Athena',19,'Bunny','Bunny',29.83);
INSERT INTO mascota(idmascota,curp,nombredueño,nombre,edad,raza,especie,peso) VALUES ('KI9DCAX8UBHKGSUWE7','UETC227263BDMWLMM5','Blakeley','Bonnie',16,'Oryx','Oryx',11.15);
INSERT INTO mascota(idmascota,curp,nombredueño,nombre,edad,raza,especie,peso) VALUES ('WEMAHQHBT6DWW10Q6R','WDAU081263EYCPDUC2','Hyacinthe','Belle',6,'Python','Python',17.19);
INSERT INTO mascota(idmascota,curp,nombredueño,nombre,edad,raza,especie,peso) VALUES ('6TIS0GLP6HEVTPD0ZP','YYPB573415BTLQEP69','Hesther','Oliver',17,'Gopher','Gopher',46.98);
INSERT INTO mascota(idmascota,curp,nombredueño,nombre,edad,raza,especie,peso) VALUES ('GDYC5V0QCIM10N93NA','ZQZA200420PTIZLO21','Rory','Joey',14,'Prawn','Prawn',62.92);
INSERT INTO mascota(idmascota,curp,nombredueño,nombre,edad,raza,especie,peso) VALUES ('GNT2XB8RSVYOP76035','WDAU081263EYCPDUC2','Hyacinthe','Rufus',7,'Glider','Glider',41.69);
INSERT INTO mascota(idmascota,curp,nombredueño,nombre,edad,raza,especie,peso) VALUES ('74761RWK48ID7XRRKT','YNSZ864059HHZQAE62','Loella','Lulu',13,'Dingo','Dingo',15.27);
INSERT INTO mascota(idmascota,curp,nombredueño,nombre,edad,raza,especie,peso) VALUES ('DZQAWLNXBDLHFRPI08','CNYK309461REWDRQS2','Kerwinn','Gizmo',11,'Shrew','Shrew',34.05);
-- 	}}}


--- Estetica 	{{{
INSERT INTO estetica(nombreestetica,telefono,codigopostal,calle,estado,numero) VALUES ('Lubowitz, Christiansen and Barrows','5287547222','17449','Moland','Zacatecas',34953);
INSERT INTO estetica(nombreestetica,telefono,codigopostal,calle,estado,numero) VALUES ('Zemlak-Morar','5114331254','98360','Graedel','Veracruz de Ignacio de la Llave',8264);
INSERT INTO estetica(nombreestetica,telefono,codigopostal,calle,estado,numero) VALUES ('Parisian-VonRueden','8416995450','86879','Northwestern','Yucatan',60149);
INSERT INTO estetica(nombreestetica,telefono,codigopostal,calle,estado,numero) VALUES ('Jacobi-Gorczany','8021209112','76076','Coolidge','San Luis Potosi',42753);
INSERT INTO estetica(nombreestetica,telefono,codigopostal,calle,estado,numero) VALUES ('Casper, Tillman and Ernser','4253429314','55484','Bultman','Queretaro',59376);
INSERT INTO estetica(nombreestetica,telefono,codigopostal,calle,estado,numero) VALUES ('Murazik and Sons','5786312682','36637','Loftsgordon','Chiapas',32136);
INSERT INTO estetica(nombreestetica,telefono,codigopostal,calle,estado,numero) VALUES ('Wolf and Sons','7086742650','53137','Esker','Michoacán',20551);
INSERT INTO estetica(nombreestetica,telefono,codigopostal,calle,estado,numero) VALUES ('Lynch-McClure','9509406527','26737','Everett','Baja California Sur',53222);
INSERT INTO estetica(nombreestetica,telefono,codigopostal,calle,estado,numero) VALUES ('Gleason LLC','1187050509','33056','Arizona','Veracruz de Ignacio de la Llave',91839);
INSERT INTO estetica(nombreestetica,telefono,codigopostal,calle,estado,numero) VALUES ('Beer-Anderson','3885617388','67504','Westport','Nayarit',44522);
INSERT INTO estetica(nombreestetica,telefono,codigopostal,calle,estado,numero) VALUES ('O''Keefe Group','5867107464','55506','Sutherland','Durango',88131);
INSERT INTO estetica(nombreestetica,telefono,codigopostal,calle,estado,numero) VALUES ('Homenick-Kling','4446682494','96079','Katie','Hidalgo',84463);
INSERT INTO estetica(nombreestetica,telefono,codigopostal,calle,estado,numero) VALUES ('Kunde, Greenfelder and Moore','7959921889','58816','John Wall','Aguascalientes',43487);
INSERT INTO estetica(nombreestetica,telefono,codigopostal,calle,estado,numero) VALUES ('Mertz-Lueilwitz','6954710417','12510','Stoughton','Durango',73028);
INSERT INTO estetica(nombreestetica,telefono,codigopostal,calle,estado,numero) VALUES ('Hodkiewicz-Schaden','4897452809','07454','Porter','Colima',66643);
INSERT INTO estetica(nombreestetica,telefono,codigopostal,calle,estado,numero) VALUES ('Bruen LLC','2143218141','59987','Duke','Quintana Roo',40666);
INSERT INTO estetica(nombreestetica,telefono,codigopostal,calle,estado,numero) VALUES ('Sporer-D''Amore','6061918113','47632','Hoffman','Chiapas',2646);
INSERT INTO estetica(nombreestetica,telefono,codigopostal,calle,estado,numero) VALUES ('Farrell Group','5578892112','88165','Milwaukee','Colima',78221);
INSERT INTO estetica(nombreestetica,telefono,codigopostal,calle,estado,numero) VALUES ('Wehner-Crooks','1854723956','86573','Fieldstone','Ciudad de México',46450);
INSERT INTO estetica(nombreestetica,telefono,codigopostal,calle,estado,numero) VALUES ('Murphy, Raynor and Kilback','6454952846','66610','Oriole','Michoacán',39020);
INSERT INTO estetica(nombreestetica,telefono,codigopostal,calle,estado,numero) VALUES ('Leannon-Durgan','8463015432','30812','Dwight','Sinaloa',2808);
INSERT INTO estetica(nombreestetica,telefono,codigopostal,calle,estado,numero) VALUES ('Goyette-Quitzon','6729252563','90273','Summit','Oaxaca',60212);
INSERT INTO estetica(nombreestetica,telefono,codigopostal,calle,estado,numero) VALUES ('Bartell Group','9533133571','63026','Marcy','Oaxaca',31108);
INSERT INTO estetica(nombreestetica,telefono,codigopostal,calle,estado,numero) VALUES ('Reichel Inc','5791910703','81829','Fordem','Campeche',56931);
INSERT INTO estetica(nombreestetica,telefono,codigopostal,calle,estado,numero) VALUES ('Renner Inc','4826623205','26472','Hoepker','Michoacán',46755);
INSERT INTO estetica(nombreestetica,telefono,codigopostal,calle,estado,numero) VALUES ('Considine and Sons','9142026712','67825','Colorado','México',14497);
INSERT INTO estetica(nombreestetica,telefono,codigopostal,calle,estado,numero) VALUES ('Beatty, Kilback and Keeling','6966801886','01754','Oakridge','Nayarit',69088);
INSERT INTO estetica(nombreestetica,telefono,codigopostal,calle,estado,numero) VALUES ('Mante Group','2725123287','41745','Meadow Ridge','Tabasco',63798);
INSERT INTO estetica(nombreestetica,telefono,codigopostal,calle,estado,numero) VALUES ('Fisher and Sons','7352877797','43507','Dunning','Veracruz de Ignacio de la Llave',14006);
INSERT INTO estetica(nombreestetica,telefono,codigopostal,calle,estado,numero) VALUES ('Abshire, Kuhic and Franecki','1405407655','87213','Rusk','Yucatan',48509);
INSERT INTO estetica(nombreestetica,telefono,codigopostal,calle,estado,numero) VALUES ('Rath Inc','9036627372','42295','5th','Zacatecas',87902);
INSERT INTO estetica(nombreestetica,telefono,codigopostal,calle,estado,numero) VALUES ('Beer Inc','5525886333','47561','Schmedeman','Oaxaca',86137);
INSERT INTO estetica(nombreestetica,telefono,codigopostal,calle,estado,numero) VALUES ('Koch, Wehner and Zieme','2972478824','19775','Nancy','Sinaloa',8755);
INSERT INTO estetica(nombreestetica,telefono,codigopostal,calle,estado,numero) VALUES ('Hackett, Veum and Wilkinson','5787605591','68087','Ronald Regan','Yucatan',76969);
INSERT INTO estetica(nombreestetica,telefono,codigopostal,calle,estado,numero) VALUES ('Kuphal-Jakubowski','8616798389','75206','Ohio','Tlaxcala',28882);
INSERT INTO estetica(nombreestetica,telefono,codigopostal,calle,estado,numero) VALUES ('Conroy Inc','1758748685','64100','Scoville','Baja California Sur',19543);
INSERT INTO estetica(nombreestetica,telefono,codigopostal,calle,estado,numero) VALUES ('Beer, Abernathy and Wyman','9084011474','97319','Stephen','Jalisco',39932);
INSERT INTO estetica(nombreestetica,telefono,codigopostal,calle,estado,numero) VALUES ('Christiansen, Murray and Walter','8287441630','30559','Bultman','Yucatan',39083);
INSERT INTO estetica(nombreestetica,telefono,codigopostal,calle,estado,numero) VALUES ('Stracke-Mosciski','3165990545','79474','Mayfield','Quintana Roo',59067);
INSERT INTO estetica(nombreestetica,telefono,codigopostal,calle,estado,numero) VALUES ('Waelchi, Buckridge and Daugherty','8508696877','38715','Summer Ridge','Morelos',29715);
INSERT INTO estetica(nombreestetica,telefono,codigopostal,calle,estado,numero) VALUES ('Schowalter and Sons','3413246178','76532','Calypso','Queretaro',78391);
INSERT INTO estetica(nombreestetica,telefono,codigopostal,calle,estado,numero) VALUES ('Kutch LLC','3486517476','50213','Gateway','Sonora',34343);
INSERT INTO estetica(nombreestetica,telefono,codigopostal,calle,estado,numero) VALUES ('Herman, Borer and Leffler','7859744493','20538','Almo','Tlaxcala',42659);
INSERT INTO estetica(nombreestetica,telefono,codigopostal,calle,estado,numero) VALUES ('Wilderman, Flatley and Lebsack','6473798562','25292','Melody','Jalisco',26786);
INSERT INTO estetica(nombreestetica,telefono,codigopostal,calle,estado,numero) VALUES ('Beahan, Langworth and Johnson','1134393809','89726','Westend','Puebla',66335);
INSERT INTO estetica(nombreestetica,telefono,codigopostal,calle,estado,numero) VALUES ('Nader Group','9734436577','14019','Utah','Oaxaca',12380);
INSERT INTO estetica(nombreestetica,telefono,codigopostal,calle,estado,numero) VALUES ('Kilback Group','6972162773','02095','Schmedeman','San Luis Potosi',10451);
INSERT INTO estetica(nombreestetica,telefono,codigopostal,calle,estado,numero) VALUES ('Borer, Goyette and Berge','3305007760','20022','Carberry','Morelos',58402);
INSERT INTO estetica(nombreestetica,telefono,codigopostal,calle,estado,numero) VALUES ('Kunze, Wehner and Stanton','5123402329','94568','Farragut','Veracruz de Ignacio de la Llave',26427);
INSERT INTO estetica(nombreestetica,telefono,codigopostal,calle,estado,numero) VALUES ('Huels-Simonis','9397883136','54799','Troy','Hidalgo',29685);
INSERT INTO estetica(nombreestetica,telefono,codigopostal,calle,estado,numero) VALUES ('Effertz-Hauck','3406984389','08430','Ludington','Chihuahua',5424);
INSERT INTO estetica(nombreestetica,telefono,codigopostal,calle,estado,numero) VALUES ('Ziemann-Wunsch','7589657052','04280','Roth','Baja California Sur',44051);
INSERT INTO estetica(nombreestetica,telefono,codigopostal,calle,estado,numero) VALUES ('Hansen, Larson and Quitzon','4088357806','48696','Stephen','Guanajuato',49676);
INSERT INTO estetica(nombreestetica,telefono,codigopostal,calle,estado,numero) VALUES ('Ratke-Gislason','6276554322','02575','Fairfield','Quintana Roo',89537);
INSERT INTO estetica(nombreestetica,telefono,codigopostal,calle,estado,numero) VALUES ('Brekke and Sons','5004509352','44563','Scoville','Guerrero',86551);
INSERT INTO estetica(nombreestetica,telefono,codigopostal,calle,estado,numero) VALUES ('Weimann-Stiedemann','9856747941','37048','Ridge Oak','Sinaloa',56586);
INSERT INTO estetica(nombreestetica,telefono,codigopostal,calle,estado,numero) VALUES ('D''Amore-Mosciski','2872648672','96414','Dorton','Colima',17251);
INSERT INTO estetica(nombreestetica,telefono,codigopostal,calle,estado,numero) VALUES ('Kassulke Inc','5651630776','93195','Summit','Michoacán',69026);
INSERT INTO estetica(nombreestetica,telefono,codigopostal,calle,estado,numero) VALUES ('Beatty Group','9593179305','59195','Anderson','Veracruz de Ignacio de la Llave',26242);
INSERT INTO estetica(nombreestetica,telefono,codigopostal,calle,estado,numero) VALUES ('Donnelly-Ortiz','9851620981','99439','Bultman','Tlaxcala',71405);
INSERT INTO estetica(nombreestetica,telefono,codigopostal,calle,estado,numero) VALUES ('Krajcik LLC','5423908365','79578','Hanson','Queretaro',64995);
INSERT INTO estetica(nombreestetica,telefono,codigopostal,calle,estado,numero) VALUES ('Hagenes Inc','8851297051','18724','Mockingbird','Tabasco',6206);
INSERT INTO estetica(nombreestetica,telefono,codigopostal,calle,estado,numero) VALUES ('Flatley-Stracke','7969919479','54268','Barby','Zacatecas',56643);
INSERT INTO estetica(nombreestetica,telefono,codigopostal,calle,estado,numero) VALUES ('Marvin-Rodriguez','4622863860','84668','Meadow Ridge','Tlaxcala',35996);
INSERT INTO estetica(nombreestetica,telefono,codigopostal,calle,estado,numero) VALUES ('Raynor-Krajcik','4642511994','20640','Roth','Morelos',48586);
INSERT INTO estetica(nombreestetica,telefono,codigopostal,calle,estado,numero) VALUES ('Reynolds, Hagenes and VonRueden','6315724510','21046','Summer Ridge','Aguascalientes',3041);
INSERT INTO estetica(nombreestetica,telefono,codigopostal,calle,estado,numero) VALUES ('Doyle-Funk','9735353842','87580','Oakridge','Aguascalientes',84910);
INSERT INTO estetica(nombreestetica,telefono,codigopostal,calle,estado,numero) VALUES ('Feest, Muller and Rodriguez','9275224781','78661','Meadow Vale','Morelos',11849);
INSERT INTO estetica(nombreestetica,telefono,codigopostal,calle,estado,numero) VALUES ('Roob, Beer and Wiegand','1535354310','69868','Blue Bill Park','Oaxaca',18469);
INSERT INTO estetica(nombreestetica,telefono,codigopostal,calle,estado,numero) VALUES ('Feil-Schulist','3921929006','47548','Sheridan','Baja California',2946);
INSERT INTO estetica(nombreestetica,telefono,codigopostal,calle,estado,numero) VALUES ('Treutel, Conn and O''Kon','3613795623','37755','Commercial','Jalisco',89835);
INSERT INTO estetica(nombreestetica,telefono,codigopostal,calle,estado,numero) VALUES ('Nitzsche-Hodkiewicz','9549347302','47836','Eggendart','Veracruz de Ignacio de la Llave',43346);
INSERT INTO estetica(nombreestetica,telefono,codigopostal,calle,estado,numero) VALUES ('Huels-Deckow','8616553524','86897','Bellgrove','Durango',69232);
INSERT INTO estetica(nombreestetica,telefono,codigopostal,calle,estado,numero) VALUES ('Koss Inc','3701545382','66382','Lien','Tlaxcala',36009);
INSERT INTO estetica(nombreestetica,telefono,codigopostal,calle,estado,numero) VALUES ('Hartmann, Bernhard and Yost','8783228487','16314','Maple','Zacatecas',95865);
INSERT INTO estetica(nombreestetica,telefono,codigopostal,calle,estado,numero) VALUES ('Fay Group','2306123067','80621','Gerald','Quintana Roo',99317);
INSERT INTO estetica(nombreestetica,telefono,codigopostal,calle,estado,numero) VALUES ('Wiegand, Klein and Kshlerin','6232534108','83542','Graceland','Tlaxcala',59266);
INSERT INTO estetica(nombreestetica,telefono,codigopostal,calle,estado,numero) VALUES ('Fisher-Buckridge','4594230570','94083','Sauthoff','México',6092);
INSERT INTO estetica(nombreestetica,telefono,codigopostal,calle,estado,numero) VALUES ('Kunze, Littel and Weissnat','1992939871','32782','Tony','Durango',40296);
INSERT INTO estetica(nombreestetica,telefono,codigopostal,calle,estado,numero) VALUES ('Koss-Denesik','1672037359','57683','Roth','Yucatan',61786);
INSERT INTO estetica(nombreestetica,telefono,codigopostal,calle,estado,numero) VALUES ('Quigley LLC','1701808823','86611','Fairfield','Ciudad de México',62195);
INSERT INTO estetica(nombreestetica,telefono,codigopostal,calle,estado,numero) VALUES ('Willms Inc','9606615937','45835','Green','Yucatan',26528);
INSERT INTO estetica(nombreestetica,telefono,codigopostal,calle,estado,numero) VALUES ('Marvin-Will','5941562212','47911','Lakeland','Chiapas',18833);
INSERT INTO estetica(nombreestetica,telefono,codigopostal,calle,estado,numero) VALUES ('Frami-Goyette','1567562626','52287','Sullivan','Tamaulipas',76611);
INSERT INTO estetica(nombreestetica,telefono,codigopostal,calle,estado,numero) VALUES ('Gerhold-Moore','7865140310','67888','Moulton','Chiapas',26383);
INSERT INTO estetica(nombreestetica,telefono,codigopostal,calle,estado,numero) VALUES ('Reichert LLC','3219247358','59588','Sheridan','Tamaulipas',10162);
INSERT INTO estetica(nombreestetica,telefono,codigopostal,calle,estado,numero) VALUES ('Tremblay-Thiel','4075298973','58578','Red Cloud','Yucatan',49099);
INSERT INTO estetica(nombreestetica,telefono,codigopostal,calle,estado,numero) VALUES ('Von, Morissette and Heller','1518578323','99267','Mcbride','Baja California Sur',49203);
INSERT INTO estetica(nombreestetica,telefono,codigopostal,calle,estado,numero) VALUES ('Maggio, Sanford and Predovic','1744704309','49963','Golf Course','Nuevo Leon',75784);
INSERT INTO estetica(nombreestetica,telefono,codigopostal,calle,estado,numero) VALUES ('Cormier LLC','2517065824','15587','Redwing','Coahuila de Zaragoza',6007);
INSERT INTO estetica(nombreestetica,telefono,codigopostal,calle,estado,numero) VALUES ('Dietrich-Wintheiser','5772899615','96130','Ludington','Puebla',90154);
INSERT INTO estetica(nombreestetica,telefono,codigopostal,calle,estado,numero) VALUES ('Hackett-Quitzon','1405930763','20955','Menomonie','Veracruz de Ignacio de la Llave',63705);
INSERT INTO estetica(nombreestetica,telefono,codigopostal,calle,estado,numero) VALUES ('Bartoletti-Crist','2309686472','60356','Darwin','Guerrero',47368);
INSERT INTO estetica(nombreestetica,telefono,codigopostal,calle,estado,numero) VALUES ('Monahan LLC','5541789769','29634','6th','Puebla',66754);
INSERT INTO estetica(nombreestetica,telefono,codigopostal,calle,estado,numero) VALUES ('Jaskolski Inc','7277822422','60716','Pepper Wood','Chihuahua',4374);
INSERT INTO estetica(nombreestetica,telefono,codigopostal,calle,estado,numero) VALUES ('Roberts, Morissette and Hermiston','6177220494','90709','Johnson','Jalisco',48207);
INSERT INTO estetica(nombreestetica,telefono,codigopostal,calle,estado,numero) VALUES ('Morar, Prosacco and Steuber','4609811751','79562','Thompson','Zacatecas',64837);
INSERT INTO estetica(nombreestetica,telefono,codigopostal,calle,estado,numero) VALUES ('Sporer, Harris and Hauck','2397164997','51117','Starling','Campeche',26967);
INSERT INTO estetica(nombreestetica,telefono,codigopostal,calle,estado,numero) VALUES ('Gleason, Koss and Wiegand','6159607444','07091','Judy','Tlaxcala',34935);
INSERT INTO estetica(nombreestetica,telefono,codigopostal,calle,estado,numero) VALUES ('Howell, Ritchie and Terry','2329437523','25449','West','Baja California Sur',4942);
-- 	}}}


--- Horario 	{{{
INSERT INTO horario(nombreestetica,horaentrada,horasalida) VALUES ('Lubowitz, Christiansen and Barrows','08:00','03:00');
INSERT INTO horario(nombreestetica,horaentrada,horasalida) VALUES ('Zemlak-Morar','11:00','23:00');
INSERT INTO horario(nombreestetica,horaentrada,horasalida) VALUES ('Parisian-VonRueden','10:00','21:00');
INSERT INTO horario(nombreestetica,horaentrada,horasalida) VALUES ('Jacobi-Gorczany','09:00','23:00');
INSERT INTO horario(nombreestetica,horaentrada,horasalida) VALUES ('Casper, Tillman and Ernser','11:00','04:00');
INSERT INTO horario(nombreestetica,horaentrada,horasalida) VALUES ('Murazik and Sons','10:00','02:00');
INSERT INTO horario(nombreestetica,horaentrada,horasalida) VALUES ('Wolf and Sons','09:00','19:00');
INSERT INTO horario(nombreestetica,horaentrada,horasalida) VALUES ('Lynch-McClure','11:00','05:00');
INSERT INTO horario(nombreestetica,horaentrada,horasalida) VALUES ('Gleason LLC','11:00','00:00');
INSERT INTO horario(nombreestetica,horaentrada,horasalida) VALUES ('Beer-Anderson','11:00','23:00');
INSERT INTO horario(nombreestetica,horaentrada,horasalida) VALUES ('O''Keefe Group','09:00','23:00');
INSERT INTO horario(nombreestetica,horaentrada,horasalida) VALUES ('Homenick-Kling','09:00','21:00');
INSERT INTO horario(nombreestetica,horaentrada,horasalida) VALUES ('Kunde, Greenfelder and Moore','09:00','01:00');
INSERT INTO horario(nombreestetica,horaentrada,horasalida) VALUES ('Mertz-Lueilwitz','08:00','17:00');
INSERT INTO horario(nombreestetica,horaentrada,horasalida) VALUES ('Hodkiewicz-Schaden','11:00','05:00');
INSERT INTO horario(nombreestetica,horaentrada,horasalida) VALUES ('Bruen LLC','09:00','19:00');
INSERT INTO horario(nombreestetica,horaentrada,horasalida) VALUES ('Sporer-D''Amore','11:00','02:00');
INSERT INTO horario(nombreestetica,horaentrada,horasalida) VALUES ('Farrell Group','09:00','23:00');
INSERT INTO horario(nombreestetica,horaentrada,horasalida) VALUES ('Wehner-Crooks','11:00','22:00');
INSERT INTO horario(nombreestetica,horaentrada,horasalida) VALUES ('Murphy, Raynor and Kilback','09:00','23:00');
INSERT INTO horario(nombreestetica,horaentrada,horasalida) VALUES ('Leannon-Durgan','11:00','19:00');
INSERT INTO horario(nombreestetica,horaentrada,horasalida) VALUES ('Goyette-Quitzon','09:00','01:00');
INSERT INTO horario(nombreestetica,horaentrada,horasalida) VALUES ('Bartell Group','11:00','01:00');
INSERT INTO horario(nombreestetica,horaentrada,horasalida) VALUES ('Reichel Inc','11:00','21:00');
INSERT INTO horario(nombreestetica,horaentrada,horasalida) VALUES ('Renner Inc','08:00','21:00');
INSERT INTO horario(nombreestetica,horaentrada,horasalida) VALUES ('Considine and Sons','11:00','19:00');
INSERT INTO horario(nombreestetica,horaentrada,horasalida) VALUES ('Beatty, Kilback and Keeling','10:00','20:00');
INSERT INTO horario(nombreestetica,horaentrada,horasalida) VALUES ('Mante Group','09:00','18:00');
INSERT INTO horario(nombreestetica,horaentrada,horasalida) VALUES ('Fisher and Sons','10:00','06:00');
INSERT INTO horario(nombreestetica,horaentrada,horasalida) VALUES ('Abshire, Kuhic and Franecki','11:00','04:00');
INSERT INTO horario(nombreestetica,horaentrada,horasalida) VALUES ('Rath Inc','08:00','19:00');
INSERT INTO horario(nombreestetica,horaentrada,horasalida) VALUES ('Beer Inc','11:00','02:00');
INSERT INTO horario(nombreestetica,horaentrada,horasalida) VALUES ('Koch, Wehner and Zieme','09:00','04:00');
INSERT INTO horario(nombreestetica,horaentrada,horasalida) VALUES ('Hackett, Veum and Wilkinson','11:00','21:00');
INSERT INTO horario(nombreestetica,horaentrada,horasalida) VALUES ('Kuphal-Jakubowski','08:00','04:00');
INSERT INTO horario(nombreestetica,horaentrada,horasalida) VALUES ('Conroy Inc','09:00','05:00');
INSERT INTO horario(nombreestetica,horaentrada,horasalida) VALUES ('Beer, Abernathy and Wyman','09:00','02:00');
INSERT INTO horario(nombreestetica,horaentrada,horasalida) VALUES ('Christiansen, Murray and Walter','09:00','04:00');
INSERT INTO horario(nombreestetica,horaentrada,horasalida) VALUES ('Stracke-Mosciski','09:00','19:00');
INSERT INTO horario(nombreestetica,horaentrada,horasalida) VALUES ('Waelchi, Buckridge and Daugherty','09:00','02:00');
INSERT INTO horario(nombreestetica,horaentrada,horasalida) VALUES ('Schowalter and Sons','11:00','22:00');
INSERT INTO horario(nombreestetica,horaentrada,horasalida) VALUES ('Kutch LLC','09:00','05:00');
INSERT INTO horario(nombreestetica,horaentrada,horasalida) VALUES ('Herman, Borer and Leffler','10:00','00:00');
INSERT INTO horario(nombreestetica,horaentrada,horasalida) VALUES ('Wilderman, Flatley and Lebsack','11:00','21:00');
INSERT INTO horario(nombreestetica,horaentrada,horasalida) VALUES ('Beahan, Langworth and Johnson','09:00','18:00');
INSERT INTO horario(nombreestetica,horaentrada,horasalida) VALUES ('Nader Group','08:00','01:00');
INSERT INTO horario(nombreestetica,horaentrada,horasalida) VALUES ('Kilback Group','09:00','21:00');
INSERT INTO horario(nombreestetica,horaentrada,horasalida) VALUES ('Borer, Goyette and Berge','08:00','21:00');
INSERT INTO horario(nombreestetica,horaentrada,horasalida) VALUES ('Kunze, Wehner and Stanton','08:00','22:00');
INSERT INTO horario(nombreestetica,horaentrada,horasalida) VALUES ('Huels-Simonis','08:00','01:00');
INSERT INTO horario(nombreestetica,horaentrada,horasalida) VALUES ('Effertz-Hauck','09:00','05:00');
INSERT INTO horario(nombreestetica,horaentrada,horasalida) VALUES ('Ziemann-Wunsch','11:00','22:00');
INSERT INTO horario(nombreestetica,horaentrada,horasalida) VALUES ('Hansen, Larson and Quitzon','11:00','04:00');
INSERT INTO horario(nombreestetica,horaentrada,horasalida) VALUES ('Ratke-Gislason','09:00','03:00');
INSERT INTO horario(nombreestetica,horaentrada,horasalida) VALUES ('Brekke and Sons','10:00','04:00');
INSERT INTO horario(nombreestetica,horaentrada,horasalida) VALUES ('Weimann-Stiedemann','08:00','23:00');
INSERT INTO horario(nombreestetica,horaentrada,horasalida) VALUES ('D''Amore-Mosciski','08:00','19:00');
INSERT INTO horario(nombreestetica,horaentrada,horasalida) VALUES ('Kassulke Inc','09:00','04:00');
INSERT INTO horario(nombreestetica,horaentrada,horasalida) VALUES ('Beatty Group','09:00','05:00');
INSERT INTO horario(nombreestetica,horaentrada,horasalida) VALUES ('Donnelly-Ortiz','09:00','22:00');
INSERT INTO horario(nombreestetica,horaentrada,horasalida) VALUES ('Krajcik LLC','10:00','21:00');
INSERT INTO horario(nombreestetica,horaentrada,horasalida) VALUES ('Hagenes Inc','11:00','20:00');
INSERT INTO horario(nombreestetica,horaentrada,horasalida) VALUES ('Flatley-Stracke','10:00','00:00');
INSERT INTO horario(nombreestetica,horaentrada,horasalida) VALUES ('Marvin-Rodriguez','11:00','23:00');
INSERT INTO horario(nombreestetica,horaentrada,horasalida) VALUES ('Raynor-Krajcik','10:00','01:00');
INSERT INTO horario(nombreestetica,horaentrada,horasalida) VALUES ('Reynolds, Hagenes and VonRueden','08:00','16:00');
INSERT INTO horario(nombreestetica,horaentrada,horasalida) VALUES ('Doyle-Funk','08:00','22:00');
INSERT INTO horario(nombreestetica,horaentrada,horasalida) VALUES ('Feest, Muller and Rodriguez','08:00','22:00');
INSERT INTO horario(nombreestetica,horaentrada,horasalida) VALUES ('Roob, Beer and Wiegand','11:00','02:00');
INSERT INTO horario(nombreestetica,horaentrada,horasalida) VALUES ('Feil-Schulist','10:00','18:00');
INSERT INTO horario(nombreestetica,horaentrada,horasalida) VALUES ('Treutel, Conn and O''Kon','08:00','00:00');
INSERT INTO horario(nombreestetica,horaentrada,horasalida) VALUES ('Nitzsche-Hodkiewicz','11:00','02:00');
INSERT INTO horario(nombreestetica,horaentrada,horasalida) VALUES ('Huels-Deckow','08:00','02:00');
INSERT INTO horario(nombreestetica,horaentrada,horasalida) VALUES ('Koss Inc','08:00','03:00');
INSERT INTO horario(nombreestetica,horaentrada,horasalida) VALUES ('Hartmann, Bernhard and Yost','09:00','05:00');
INSERT INTO horario(nombreestetica,horaentrada,horasalida) VALUES ('Fay Group','08:00','20:00');
INSERT INTO horario(nombreestetica,horaentrada,horasalida) VALUES ('Wiegand, Klein and Kshlerin','10:00','22:00');
INSERT INTO horario(nombreestetica,horaentrada,horasalida) VALUES ('Fisher-Buckridge','10:00','05:00');
INSERT INTO horario(nombreestetica,horaentrada,horasalida) VALUES ('Kunze, Littel and Weissnat','11:00','02:00');
INSERT INTO horario(nombreestetica,horaentrada,horasalida) VALUES ('Koss-Denesik','11:00','06:00');
INSERT INTO horario(nombreestetica,horaentrada,horasalida) VALUES ('Quigley LLC','10:00','05:00');
INSERT INTO horario(nombreestetica,horaentrada,horasalida) VALUES ('Willms Inc','09:00','01:00');
INSERT INTO horario(nombreestetica,horaentrada,horasalida) VALUES ('Marvin-Will','11:00','19:00');
INSERT INTO horario(nombreestetica,horaentrada,horasalida) VALUES ('Frami-Goyette','11:00','01:00');
INSERT INTO horario(nombreestetica,horaentrada,horasalida) VALUES ('Gerhold-Moore','11:00','06:00');
INSERT INTO horario(nombreestetica,horaentrada,horasalida) VALUES ('Reichert LLC','09:00','00:00');
INSERT INTO horario(nombreestetica,horaentrada,horasalida) VALUES ('Tremblay-Thiel','08:00','04:00');
INSERT INTO horario(nombreestetica,horaentrada,horasalida) VALUES ('Von, Morissette and Heller','08:00','21:00');
INSERT INTO horario(nombreestetica,horaentrada,horasalida) VALUES ('Maggio, Sanford and Predovic','09:00','22:00');
INSERT INTO horario(nombreestetica,horaentrada,horasalida) VALUES ('Cormier LLC','09:00','03:00');
INSERT INTO horario(nombreestetica,horaentrada,horasalida) VALUES ('Dietrich-Wintheiser','10:00','21:00');
INSERT INTO horario(nombreestetica,horaentrada,horasalida) VALUES ('Hackett-Quitzon','09:00','19:00');
INSERT INTO horario(nombreestetica,horaentrada,horasalida) VALUES ('Bartoletti-Crist','11:00','03:00');
INSERT INTO horario(nombreestetica,horaentrada,horasalida) VALUES ('Monahan LLC','11:00','00:00');
INSERT INTO horario(nombreestetica,horaentrada,horasalida) VALUES ('Jaskolski Inc','11:00','20:00');
INSERT INTO horario(nombreestetica,horaentrada,horasalida) VALUES ('Roberts, Morissette and Hermiston','10:00','05:00');
INSERT INTO horario(nombreestetica,horaentrada,horasalida) VALUES ('Morar, Prosacco and Steuber','09:00','23:00');
INSERT INTO horario(nombreestetica,horaentrada,horasalida) VALUES ('Sporer, Harris and Hauck','09:00','19:00');
INSERT INTO horario(nombreestetica,horaentrada,horasalida) VALUES ('Gleason, Koss and Wiegand','08:00','22:00');
INSERT INTO horario(nombreestetica,horaentrada,horasalida) VALUES ('Howell, Ritchie and Terry','09:00','05:00');
-- 	}}}


--- Consultorio 	{{{
INSERT INTO consultorio(idconsultorio,nombreestetica,disponible) VALUES ('TRY2PYXUXRSBCGG2GO','Rath Inc',true);
INSERT INTO consultorio(idconsultorio,nombreestetica,disponible) VALUES ('RTN8QU1HXG07AIXB7Y','Beer Inc',false);
INSERT INTO consultorio(idconsultorio,nombreestetica,disponible) VALUES ('SXUUDMXXFB6ZFCTK8H','Conroy Inc',true);
INSERT INTO consultorio(idconsultorio,nombreestetica,disponible) VALUES ('Y0GQYFXSJOXJ4ZPB9Y','Monahan LLC',false);
INSERT INTO consultorio(idconsultorio,nombreestetica,disponible) VALUES ('WVLSBF57Z9H8CHVB9I','Wolf and Sons',false);
INSERT INTO consultorio(idconsultorio,nombreestetica,disponible) VALUES ('O96TWXQJ3QKZSHA9S9','Waelchi, Buckridge and Daugherty',false);
INSERT INTO consultorio(idconsultorio,nombreestetica,disponible) VALUES ('ZLTVJ49VP6Q66NLHGS','Willms Inc',false);
INSERT INTO consultorio(idconsultorio,nombreestetica,disponible) VALUES ('DO80UOFGXXR0TV2CL8','Kunde, Greenfelder and Moore',false);
INSERT INTO consultorio(idconsultorio,nombreestetica,disponible) VALUES ('0O19B7SUR7G0RK3DOU','Cormier LLC',false);
INSERT INTO consultorio(idconsultorio,nombreestetica,disponible) VALUES ('FEUYNRP5Y5J6MP0KFV','Lynch-McClure',false);
INSERT INTO consultorio(idconsultorio,nombreestetica,disponible) VALUES ('DWYGO6C6EFAHMYCVG4','Koss Inc',true);
INSERT INTO consultorio(idconsultorio,nombreestetica,disponible) VALUES ('20JZ3IQWQOMH4IRSKH','Schowalter and Sons',true);
INSERT INTO consultorio(idconsultorio,nombreestetica,disponible) VALUES ('071RQKLWDU2CN4D8AA','Koch, Wehner and Zieme',false);
INSERT INTO consultorio(idconsultorio,nombreestetica,disponible) VALUES ('QETSBR5MN4PIG9UVQM','Von, Morissette and Heller',true);
INSERT INTO consultorio(idconsultorio,nombreestetica,disponible) VALUES ('PBPCGLF4CT10KTDHKY','Roob, Beer and Wiegand',false);
INSERT INTO consultorio(idconsultorio,nombreestetica,disponible) VALUES ('7CG77RVT5ZPCFENNGW','Kilback Group',true);
INSERT INTO consultorio(idconsultorio,nombreestetica,disponible) VALUES ('FH53Q09ZOSWLFEYJ5S','Kuphal-Jakubowski',false);
INSERT INTO consultorio(idconsultorio,nombreestetica,disponible) VALUES ('SMS2AX2GA46PWBRTOH','Fay Group',false);
INSERT INTO consultorio(idconsultorio,nombreestetica,disponible) VALUES ('FCTX3BZS2GIATNOHLA','Lubowitz, Christiansen and Barrows',true);
INSERT INTO consultorio(idconsultorio,nombreestetica,disponible) VALUES ('7RPEVV9BX4ARR6HS2B','Bartell Group',false);
INSERT INTO consultorio(idconsultorio,nombreestetica,disponible) VALUES ('3B5COCAEEZLUTRSBA7','Mertz-Lueilwitz',true);
INSERT INTO consultorio(idconsultorio,nombreestetica,disponible) VALUES ('X2MEA5TVBAQA5VII7N','Kilback Group',false);
INSERT INTO consultorio(idconsultorio,nombreestetica,disponible) VALUES ('TQUN8MC8JDXLIA0XRO','Parisian-VonRueden',true);
INSERT INTO consultorio(idconsultorio,nombreestetica,disponible) VALUES ('UMNOH3AJZ2HTM4N8D1','Feil-Schulist',false);
INSERT INTO consultorio(idconsultorio,nombreestetica,disponible) VALUES ('JHBS7LGYSM2OSHVSXV','Sporer, Harris and Hauck',false);
INSERT INTO consultorio(idconsultorio,nombreestetica,disponible) VALUES ('96N2BITAMLJY1S0HEV','Marvin-Rodriguez',false);
INSERT INTO consultorio(idconsultorio,nombreestetica,disponible) VALUES ('CNN0VTTZ2LNI6IW96B','Waelchi, Buckridge and Daugherty',true);
INSERT INTO consultorio(idconsultorio,nombreestetica,disponible) VALUES ('TOSEN430P8ZSJC51MQ','Kutch LLC',true);
INSERT INTO consultorio(idconsultorio,nombreestetica,disponible) VALUES ('4KM5J5EKN7KNV7U0C6','Bartell Group',false);
INSERT INTO consultorio(idconsultorio,nombreestetica,disponible) VALUES ('TI9KMO814WMSLA0KRK','Considine and Sons',true);
INSERT INTO consultorio(idconsultorio,nombreestetica,disponible) VALUES ('9H8L19GOUQNLUWCKQI','Beatty, Kilback and Keeling',false);
INSERT INTO consultorio(idconsultorio,nombreestetica,disponible) VALUES ('67P8ER3CO3WJC4NFKY','Lubowitz, Christiansen and Barrows',false);
INSERT INTO consultorio(idconsultorio,nombreestetica,disponible) VALUES ('QQH9ZJCX1SB9ZZBMSP','Tremblay-Thiel',true);
INSERT INTO consultorio(idconsultorio,nombreestetica,disponible) VALUES ('SG97RMLX677QRH5J16','Beer, Abernathy and Wyman',false);
INSERT INTO consultorio(idconsultorio,nombreestetica,disponible) VALUES ('J0Z789B18G96DQR3RX','Willms Inc',false);
INSERT INTO consultorio(idconsultorio,nombreestetica,disponible) VALUES ('JC86BTVTR7CHG1QCQM','Fisher-Buckridge',false);
INSERT INTO consultorio(idconsultorio,nombreestetica,disponible) VALUES ('0CAEHI2H3A7JYF949F','Christiansen, Murray and Walter',false);
INSERT INTO consultorio(idconsultorio,nombreestetica,disponible) VALUES ('T37IOQ0TAK4OG5Q402','Beer Inc',true);
INSERT INTO consultorio(idconsultorio,nombreestetica,disponible) VALUES ('HU7GIOMPOWQWBC8BH2','Leannon-Durgan',false);
INSERT INTO consultorio(idconsultorio,nombreestetica,disponible) VALUES ('H9J4UJQW600H67326R','Bruen LLC',false);
INSERT INTO consultorio(idconsultorio,nombreestetica,disponible) VALUES ('H35N8DRE6ZY6S2YPAV','Effertz-Hauck',false);
INSERT INTO consultorio(idconsultorio,nombreestetica,disponible) VALUES ('C822M7YATNE53FIX3H','Weimann-Stiedemann',false);
INSERT INTO consultorio(idconsultorio,nombreestetica,disponible) VALUES ('A34PARIA93GT2HKMMN','Frami-Goyette',true);
INSERT INTO consultorio(idconsultorio,nombreestetica,disponible) VALUES ('O5PTUFQ6T4BFWKEEEK','Bartoletti-Crist',true);
INSERT INTO consultorio(idconsultorio,nombreestetica,disponible) VALUES ('D7BE31I1WOYVRC5LTZ','Von, Morissette and Heller',false);
INSERT INTO consultorio(idconsultorio,nombreestetica,disponible) VALUES ('A98V0VB57CUYJCCS3N','Parisian-VonRueden',true);
INSERT INTO consultorio(idconsultorio,nombreestetica,disponible) VALUES ('3PKHBE6IWRKK8JGV5P','Sporer-D''Amore',true);
INSERT INTO consultorio(idconsultorio,nombreestetica,disponible) VALUES ('3RFTBKFIUHD4OIM4NT','Treutel, Conn and O''Kon',true);
INSERT INTO consultorio(idconsultorio,nombreestetica,disponible) VALUES ('YN5DQ9ONS3TN1K1M3R','Kuphal-Jakubowski',true);
INSERT INTO consultorio(idconsultorio,nombreestetica,disponible) VALUES ('ZY6NXL6PYG1MKM579D','Fay Group',true);
INSERT INTO consultorio(idconsultorio,nombreestetica,disponible) VALUES ('1EVNZU2IYKP71I1DO7','Hackett-Quitzon',true);
INSERT INTO consultorio(idconsultorio,nombreestetica,disponible) VALUES ('NHUKXOVMMX1VRXKQ8Q','Kutch LLC',false);
INSERT INTO consultorio(idconsultorio,nombreestetica,disponible) VALUES ('ARWW54B56X27XU0NVJ','Beer, Abernathy and Wyman',false);
INSERT INTO consultorio(idconsultorio,nombreestetica,disponible) VALUES ('1RWFI338EEORR541XQ','Farrell Group',true);
INSERT INTO consultorio(idconsultorio,nombreestetica,disponible) VALUES ('LGOEHSWSRXG6QXBZP0','Murazik and Sons',true);
INSERT INTO consultorio(idconsultorio,nombreestetica,disponible) VALUES ('TS7L6POLWBNE4T14BV','Zemlak-Morar',true);
INSERT INTO consultorio(idconsultorio,nombreestetica,disponible) VALUES ('N8U8RPCHLAL9RM1RND','Stracke-Mosciski',true);
INSERT INTO consultorio(idconsultorio,nombreestetica,disponible) VALUES ('AB2OWBAA0HU8APYSX3','Beer Inc',false);
INSERT INTO consultorio(idconsultorio,nombreestetica,disponible) VALUES ('4MXEWY6MHS3BWJAL4Z','Morar, Prosacco and Steuber',true);
INSERT INTO consultorio(idconsultorio,nombreestetica,disponible) VALUES ('HXHH792N8ATXEGEGGF','Gerhold-Moore',true);
INSERT INTO consultorio(idconsultorio,nombreestetica,disponible) VALUES ('WISWHS8J2DR6DI8SGY','Herman, Borer and Leffler',false);
INSERT INTO consultorio(idconsultorio,nombreestetica,disponible) VALUES ('B9EY3OKFVI4JYT962G','Huels-Deckow',true);
INSERT INTO consultorio(idconsultorio,nombreestetica,disponible) VALUES ('MUOQ9IQQQHLAEOETDK','Murphy, Raynor and Kilback',true);
INSERT INTO consultorio(idconsultorio,nombreestetica,disponible) VALUES ('13CV957EYX8QPNNTPN','Effertz-Hauck',true);
INSERT INTO consultorio(idconsultorio,nombreestetica,disponible) VALUES ('G98ZG5DMB7QEQ0CKDO','Kunde, Greenfelder and Moore',false);
INSERT INTO consultorio(idconsultorio,nombreestetica,disponible) VALUES ('UO07Z95EF0J7CORMJ1','Christiansen, Murray and Walter',false);
INSERT INTO consultorio(idconsultorio,nombreestetica,disponible) VALUES ('TIEDJS5ZNAFTLIX0LC','Feest, Muller and Rodriguez',true);
INSERT INTO consultorio(idconsultorio,nombreestetica,disponible) VALUES ('E8M5S0FE0MDUSMW4A0','Reichert LLC',false);
INSERT INTO consultorio(idconsultorio,nombreestetica,disponible) VALUES ('P28ET98EQOZDCB0QS0','Murazik and Sons',false);
INSERT INTO consultorio(idconsultorio,nombreestetica,disponible) VALUES ('12F5NMXX7ONGED2QHK','Conroy Inc',true);
INSERT INTO consultorio(idconsultorio,nombreestetica,disponible) VALUES ('YWIS1EXS0ON1U0MP4A','Donnelly-Ortiz',true);
INSERT INTO consultorio(idconsultorio,nombreestetica,disponible) VALUES ('D2MUAIDR6C4RZ05H06','Rath Inc',false);
INSERT INTO consultorio(idconsultorio,nombreestetica,disponible) VALUES ('27BY39S0CZVVZ3M4CI','Lubowitz, Christiansen and Barrows',true);
INSERT INTO consultorio(idconsultorio,nombreestetica,disponible) VALUES ('NI71WPYZYQOAWM21UG','Bartoletti-Crist',true);
INSERT INTO consultorio(idconsultorio,nombreestetica,disponible) VALUES ('KFLKWCOP7G2R0X0FYU','Kunze, Littel and Weissnat',false);
INSERT INTO consultorio(idconsultorio,nombreestetica,disponible) VALUES ('6JYPS4G296IJTUNEWF','Sporer, Harris and Hauck',true);
INSERT INTO consultorio(idconsultorio,nombreestetica,disponible) VALUES ('VWDV5N4WAP1R331YL8','Hackett, Veum and Wilkinson',true);
INSERT INTO consultorio(idconsultorio,nombreestetica,disponible) VALUES ('T0B6KLPHNJLRLX55VG','Dietrich-Wintheiser',false);
INSERT INTO consultorio(idconsultorio,nombreestetica,disponible) VALUES ('X9SY1SUW0PTJTIQZDB','Beatty Group',false);
INSERT INTO consultorio(idconsultorio,nombreestetica,disponible) VALUES ('TFKIZW0NZMCOYL24KT','Ratke-Gislason',false);
INSERT INTO consultorio(idconsultorio,nombreestetica,disponible) VALUES ('8IJHCYTYLLV147OUF7','Leannon-Durgan',true);
INSERT INTO consultorio(idconsultorio,nombreestetica,disponible) VALUES ('V85HFJJH1I2QRDVUHU','Kassulke Inc',false);
INSERT INTO consultorio(idconsultorio,nombreestetica,disponible) VALUES ('TMN8UNRROLPEQEWIIY','Lynch-McClure',true);
INSERT INTO consultorio(idconsultorio,nombreestetica,disponible) VALUES ('MV3NHF9VDEWAMQFH7K','Wilderman, Flatley and Lebsack',true);
INSERT INTO consultorio(idconsultorio,nombreestetica,disponible) VALUES ('KMM030K8YOJ3DM6RYT','Bartell Group',true);
INSERT INTO consultorio(idconsultorio,nombreestetica,disponible) VALUES ('SHNI808OUHQ9TFHT0K','Goyette-Quitzon',true);
INSERT INTO consultorio(idconsultorio,nombreestetica,disponible) VALUES ('KV78Z0CVD8QD5C19CV','Kilback Group',false);
INSERT INTO consultorio(idconsultorio,nombreestetica,disponible) VALUES ('0DZDF2RWICP9UHGWKG','Donnelly-Ortiz',true);
INSERT INTO consultorio(idconsultorio,nombreestetica,disponible) VALUES ('XV7QLP07O2F90STNBQ','Quigley LLC',true);
INSERT INTO consultorio(idconsultorio,nombreestetica,disponible) VALUES ('JVYOXVVGZYRD5XJGCP','Howell, Ritchie and Terry',false);
INSERT INTO consultorio(idconsultorio,nombreestetica,disponible) VALUES ('LC1K1EISSQA99P7RB6','Kutch LLC',false);
INSERT INTO consultorio(idconsultorio,nombreestetica,disponible) VALUES ('UO23FW5660C3DPCG4F','Effertz-Hauck',true);
INSERT INTO consultorio(idconsultorio,nombreestetica,disponible) VALUES ('BQ5DUSHQTKNX7SQRWM','Lubowitz, Christiansen and Barrows',false);
INSERT INTO consultorio(idconsultorio,nombreestetica,disponible) VALUES ('J8QCMNCHPISQO1UP83','Mertz-Lueilwitz',false);
INSERT INTO consultorio(idconsultorio,nombreestetica,disponible) VALUES ('1I428IAYUWKMMJE21F','Dietrich-Wintheiser',false);
INSERT INTO consultorio(idconsultorio,nombreestetica,disponible) VALUES ('04MNIRFU47K6QVZG8G','Renner Inc',false);
INSERT INTO consultorio(idconsultorio,nombreestetica,disponible) VALUES ('HODOMFWL5B7Y19ZX72','Parisian-VonRueden',true);
INSERT INTO consultorio(idconsultorio,nombreestetica,disponible) VALUES ('R0JZF4QVGGLCSIMVDN','D''Amore-Mosciski',false);
INSERT INTO consultorio(idconsultorio,nombreestetica,disponible) VALUES ('WSGNAWDQGKMNN8FP16','Casper, Tillman and Ernser',false);
INSERT INTO consultorio(idconsultorio,nombreestetica,disponible) VALUES ('CY3P1FBYM87GS2YY2J','Mante Group',true);
INSERT INTO consultorio(idconsultorio,nombreestetica,disponible) VALUES ('VHD4S8IJQY2H9TI9O4','Cormier LLC',false);
-- 	}}}


--- Supervisor 	{{{
INSERT INTO supervisor(curp,nombre,apellidoPaterno,apellidoMaterno,numero,codigoPostal,calle,estado,telefono,salario,rfc,entrada,salida) VALUES ('DARR172627NFYVCVD9','Marlow','Staten','Jervois','8','25767','Nova','Michoacán','3901216390',30740,'BPWQ499727D3H','14:00','22:00');
INSERT INTO supervisor(curp,nombre,apellidoPaterno,apellidoMaterno,numero,codigoPostal,calle,estado,telefono,salario,rfc,entrada,salida) VALUES ('WIEL535446VMFHGLX8','Emmanuel','Macquire','Geistmann','18','24161','Calypso','San Luis Potosi','6453467346',34420,'SXTM521377IEC','22:00','06:00');
INSERT INTO supervisor(curp,nombre,apellidoPaterno,apellidoMaterno,numero,codigoPostal,calle,estado,telefono,salario,rfc,entrada,salida) VALUES ('WLJG400198ZKKDEQJ3','Kitti','Beccero','Vowell','1668','34500','Macpherson','Queretaro','8685135823',42890,'ESNY233557MOD','11:00','19:00');
INSERT INTO supervisor(curp,nombre,apellidoPaterno,apellidoMaterno,numero,codigoPostal,calle,estado,telefono,salario,rfc,entrada,salida) VALUES ('OUCO513027XPPQJEK9','Ericha','Early','Grayshan','57129','83322','Mayfield','Durango','3786222817',37945,'CETN362634956','15:00','23:00');
INSERT INTO supervisor(curp,nombre,apellidoPaterno,apellidoMaterno,numero,codigoPostal,calle,estado,telefono,salario,rfc,entrada,salida) VALUES ('DLRO372012VJKZHGL7','Eustacia','Lawford','Perse','4','16255','Northland','Baja California','7758810360',49479,'HBUT0762834PI','17:00','01:00');
INSERT INTO supervisor(curp,nombre,apellidoPaterno,apellidoMaterno,numero,codigoPostal,calle,estado,telefono,salario,rfc,entrada,salida) VALUES ('EAES324158NPWOYWP9','Merle','Fidelli','Leyborne','17','25765','Buena Vista','Tabasco','9154510825',31315,'NQQR79630775M','11:00','19:00');
INSERT INTO supervisor(curp,nombre,apellidoPaterno,apellidoMaterno,numero,codigoPostal,calle,estado,telefono,salario,rfc,entrada,salida) VALUES ('PLBQ610067AXPYGPT6','Chan','Huby','Ommanney','9','13468','Mallard','Jalisco','4239930479',45391,'WXND073335SI8','15:00','23:00');
INSERT INTO supervisor(curp,nombre,apellidoPaterno,apellidoMaterno,numero,codigoPostal,calle,estado,telefono,salario,rfc,entrada,salida) VALUES ('BAJR888678LILLSPB9','Elayne','Pailin','Trusler','4454','39578','Stang','Quintana Roo','2951683113',37811,'QUND189286AUF','18:00','02:00');
INSERT INTO supervisor(curp,nombre,apellidoPaterno,apellidoMaterno,numero,codigoPostal,calle,estado,telefono,salario,rfc,entrada,salida) VALUES ('LXBZ971959JCULEOU7','Jenna','Rosgen','Renison','79','11584','Westport','Durango','5823913309',39514,'CCQR208529P6Y','12:00','20:00');
INSERT INTO supervisor(curp,nombre,apellidoPaterno,apellidoMaterno,numero,codigoPostal,calle,estado,telefono,salario,rfc,entrada,salida) VALUES ('RHMT951452EUSRFCU3','Goddard','Stillman','Van Velden','6268','60363','Butterfield','Zacatecas','4474591368',30593,'AGSX9531096SQ','11:00','19:00');
INSERT INTO supervisor(curp,nombre,apellidoPaterno,apellidoMaterno,numero,codigoPostal,calle,estado,telefono,salario,rfc,entrada,salida) VALUES ('OLHB302215JAFEHV28','Marni','Stilgo','Adnams','51916','30734','Cody','Quintana Roo','6574378165',46306,'RQYF679612W0N','09:00','17:00');
INSERT INTO supervisor(curp,nombre,apellidoPaterno,apellidoMaterno,numero,codigoPostal,calle,estado,telefono,salario,rfc,entrada,salida) VALUES ('LCLV334656NJZMCP10','Elisabeth','Ortmann','Forcer','65','35658','Pierstorff','Durango','5744737180',37743,'NMJA102887FOF','17:00','01:00');
INSERT INTO supervisor(curp,nombre,apellidoPaterno,apellidoMaterno,numero,codigoPostal,calle,estado,telefono,salario,rfc,entrada,salida) VALUES ('SVKO323270CXDQGZX6','Jessamyn','Jenicke','Aartsen','21','50781','Gulseth','San Luis Potosi','1682528636',47275,'UIIS8168201A5','12:00','20:00');
INSERT INTO supervisor(curp,nombre,apellidoPaterno,apellidoMaterno,numero,codigoPostal,calle,estado,telefono,salario,rfc,entrada,salida) VALUES ('IEIL758510URQQVB88','Bryana','Genery','Penrith','2','68836','Bluestem','Colima','6803045322',39537,'LDJF608405DF1','21:00','05:00');
INSERT INTO supervisor(curp,nombre,apellidoPaterno,apellidoMaterno,numero,codigoPostal,calle,estado,telefono,salario,rfc,entrada,salida) VALUES ('CYYA516113GYDVNSN2','Ainslee','Begwell','Pendrey','5167','12242','Colorado','Michoacán','5196914869',38686,'NRKU5091278RS','09:00','17:00');
INSERT INTO supervisor(curp,nombre,apellidoPaterno,apellidoMaterno,numero,codigoPostal,calle,estado,telefono,salario,rfc,entrada,salida) VALUES ('OFVA084232IAQAMJN0','Koressa','Strathman','Olenchikov','5','83688','Carioca','Durango','6503553499',42690,'SBUV257707C99','13:00','21:00');
INSERT INTO supervisor(curp,nombre,apellidoPaterno,apellidoMaterno,numero,codigoPostal,calle,estado,telefono,salario,rfc,entrada,salida) VALUES ('KCLQ360767RSIWHBG1','Brett','Farrimond','Mc Gee','59876','37139','Steensland','México','7395363626',40846,'OAPD481796J7H','12:00','20:00');
INSERT INTO supervisor(curp,nombre,apellidoPaterno,apellidoMaterno,numero,codigoPostal,calle,estado,telefono,salario,rfc,entrada,salida) VALUES ('KNNB583819CRYCNRQ7','Ulla','Haddinton','Yakovliv','1','59734','American Ash','Michoacán','9373254756',34728,'XFYQ413955RKN','09:00','17:00');
INSERT INTO supervisor(curp,nombre,apellidoPaterno,apellidoMaterno,numero,codigoPostal,calle,estado,telefono,salario,rfc,entrada,salida) VALUES ('URUF597101ONKSGRZ7','Marna','Gilchrest','Ruckert','359','16263','Beilfuss','Morelos','7783658185',30544,'NSDI0334002W2','14:00','22:00');
INSERT INTO supervisor(curp,nombre,apellidoPaterno,apellidoMaterno,numero,codigoPostal,calle,estado,telefono,salario,rfc,entrada,salida) VALUES ('JBPG262413VRGMEWQ5','Sally','Welford','Mauchlen','66','63400','American Ash','Sonora','9866471482',48013,'DZLQ477344G93','11:00','19:00');
INSERT INTO supervisor(curp,nombre,apellidoPaterno,apellidoMaterno,numero,codigoPostal,calle,estado,telefono,salario,rfc,entrada,salida) VALUES ('AVFH070555VSJIOZ95','Stavros','Bench','Garvan','1717','32603','Carey','Guanajuato','1096063187',40915,'JOKZ431828UMO','09:00','17:00');
INSERT INTO supervisor(curp,nombre,apellidoPaterno,apellidoMaterno,numero,codigoPostal,calle,estado,telefono,salario,rfc,entrada,salida) VALUES ('XMNZ215133YAJHSP57','Boothe','Meegin','Bernon','726','44992','Sheridan','Chiapas','6648300575',45907,'ICVH060073IYV','15:00','23:00');
INSERT INTO supervisor(curp,nombre,apellidoPaterno,apellidoMaterno,numero,codigoPostal,calle,estado,telefono,salario,rfc,entrada,salida) VALUES ('UEFW386551UPLNUWY6','Inessa','Dollen','Morrieson','5','11628','Veith','Zacatecas','6693858329',49618,'HYYI922339MA0','12:00','20:00');
INSERT INTO supervisor(curp,nombre,apellidoPaterno,apellidoMaterno,numero,codigoPostal,calle,estado,telefono,salario,rfc,entrada,salida) VALUES ('ELOH413372BCZWMWL5','Cornie','Free','Brotherwood','6140','07423','Shopko','Chiapas','8808146436',43758,'WYET108883IFJ','08:00','16:00');
INSERT INTO supervisor(curp,nombre,apellidoPaterno,apellidoMaterno,numero,codigoPostal,calle,estado,telefono,salario,rfc,entrada,salida) VALUES ('OCTE311365ULZAVUI5','Hurley','Lowry','Craythorn','1','30525','Declaration','Tlaxcala','9015518804',31602,'AZFB6364720FQ','12:00','20:00');
INSERT INTO supervisor(curp,nombre,apellidoPaterno,apellidoMaterno,numero,codigoPostal,calle,estado,telefono,salario,rfc,entrada,salida) VALUES ('TXXX793352BKMRAM95','Karen','Leavey','Vina','84279','95597','Katie','Baja California','3531220951',33202,'LVTH616160YFJ','20:00','04:00');
INSERT INTO supervisor(curp,nombre,apellidoPaterno,apellidoMaterno,numero,codigoPostal,calle,estado,telefono,salario,rfc,entrada,salida) VALUES ('UISX647276OEPIJM41','Flossy','Ference','Carus','58270','00613','Barnett','Veracruz de Ignacio de la Llave','2293043188',32605,'LEFP828564ANC','11:00','19:00');
INSERT INTO supervisor(curp,nombre,apellidoPaterno,apellidoMaterno,numero,codigoPostal,calle,estado,telefono,salario,rfc,entrada,salida) VALUES ('HOGF030683CZDMFFH3','Tito','Hummerston','McKerlie','87064','89900','Shoshone','Tamaulipas','2482291887',39645,'HSNF2785525JN','12:00','20:00');
INSERT INTO supervisor(curp,nombre,apellidoPaterno,apellidoMaterno,numero,codigoPostal,calle,estado,telefono,salario,rfc,entrada,salida) VALUES ('HIWO753752JIPAFYG3','Jolyn','Yesichev','Yeldham','382','87425','Pleasure','Baja California','5492193430',41710,'VSTQ1523479DK','13:00','21:00');
INSERT INTO supervisor(curp,nombre,apellidoPaterno,apellidoMaterno,numero,codigoPostal,calle,estado,telefono,salario,rfc,entrada,salida) VALUES ('NIPO057183PCQUBNL1','Hilario','Siemantel','Piscotti','97541','54845','Stuart','Nayarit','6571636699',42164,'QKWX41638508D','19:00','03:00');
INSERT INTO supervisor(curp,nombre,apellidoPaterno,apellidoMaterno,numero,codigoPostal,calle,estado,telefono,salario,rfc,entrada,salida) VALUES ('LMEB137507UMHOMLG3','Frasier','Sallinger','Scoble','2288','64566','Judy','Nayarit','1028729316',37557,'CUJX6275799L8','13:00','21:00');
INSERT INTO supervisor(curp,nombre,apellidoPaterno,apellidoMaterno,numero,codigoPostal,calle,estado,telefono,salario,rfc,entrada,salida) VALUES ('PFKB544101BWTUPX80','Correna','Addionizio','Castan','02','70459','Daystar','Quintana Roo','5796919337',43928,'XSQH876117GDH','17:00','01:00');
INSERT INTO supervisor(curp,nombre,apellidoPaterno,apellidoMaterno,numero,codigoPostal,calle,estado,telefono,salario,rfc,entrada,salida) VALUES ('SFLK090094UUAUIZF1','Thorsten','Maliffe','MacIlraith','48453','90478','Towne','Sonora','7348051286',31652,'LLQX9581337JM','08:00','16:00');
INSERT INTO supervisor(curp,nombre,apellidoPaterno,apellidoMaterno,numero,codigoPostal,calle,estado,telefono,salario,rfc,entrada,salida) VALUES ('SGSG798515LKQLTOT4','Ariadne','Gascone','O'' Mara','499','50552','Burrows','Oaxaca','7809479546',37400,'YKQH719696154','15:00','23:00');
INSERT INTO supervisor(curp,nombre,apellidoPaterno,apellidoMaterno,numero,codigoPostal,calle,estado,telefono,salario,rfc,entrada,salida) VALUES ('GZPB580540CXMTLBJ4','Obadiah','Rippingall','Samter','56','44156','Marquette','Tlaxcala','6382252362',31026,'ONXB562778D4I','20:00','04:00');
INSERT INTO supervisor(curp,nombre,apellidoPaterno,apellidoMaterno,numero,codigoPostal,calle,estado,telefono,salario,rfc,entrada,salida) VALUES ('VHAF353992XCAUUH95','Sholom','Rapper','Szymanowski','571','23014','Prentice','Chiapas','1384710684',44275,'WAUV860228ENH','08:00','16:00');
INSERT INTO supervisor(curp,nombre,apellidoPaterno,apellidoMaterno,numero,codigoPostal,calle,estado,telefono,salario,rfc,entrada,salida) VALUES ('ZXAO782731IPVISOL7','Kelbee','Proger','Reveley','34815','58257','Jenifer','Morelos','5113782936',45266,'AXLP133213ZSO','11:00','19:00');
INSERT INTO supervisor(curp,nombre,apellidoPaterno,apellidoMaterno,numero,codigoPostal,calle,estado,telefono,salario,rfc,entrada,salida) VALUES ('QPJP656270SZXSYI14','Corrie','Tunnoch','Garratt','6','96847','Chinook','San Luis Potosi','3202039198',47049,'QUZV5734561JH','19:00','03:00');
INSERT INTO supervisor(curp,nombre,apellidoPaterno,apellidoMaterno,numero,codigoPostal,calle,estado,telefono,salario,rfc,entrada,salida) VALUES ('RGLB044899UUEIMOP1','Haydon','Spurdens','Dewane','349','61360','Barnett','Chiapas','3989090393',42068,'CLCA7912043AK','18:00','02:00');
INSERT INTO supervisor(curp,nombre,apellidoPaterno,apellidoMaterno,numero,codigoPostal,calle,estado,telefono,salario,rfc,entrada,salida) VALUES ('HOZR591354XVITYVM6','Remington','Chelam','Poolton','443','21189','Shoshone','Coahuila de Zaragoza','3554328939',34281,'FCBB229692OI6','12:00','20:00');
INSERT INTO supervisor(curp,nombre,apellidoPaterno,apellidoMaterno,numero,codigoPostal,calle,estado,telefono,salario,rfc,entrada,salida) VALUES ('IBRF696614VRKWXNG9','Jakie','Cockran','Rixon','5','45849','Sauthoff','Veracruz de Ignacio de la Llave','5376984333',33413,'ZOSS737602S20','15:00','23:00');
INSERT INTO supervisor(curp,nombre,apellidoPaterno,apellidoMaterno,numero,codigoPostal,calle,estado,telefono,salario,rfc,entrada,salida) VALUES ('TEJE490656ZQFYJLI2','Catlee','Airy','Dibnah','16','91606','Surrey','Colima','1394312095',39728,'KKBL003042TH3','21:00','05:00');
INSERT INTO supervisor(curp,nombre,apellidoPaterno,apellidoMaterno,numero,codigoPostal,calle,estado,telefono,salario,rfc,entrada,salida) VALUES ('ANQS116440WGOBJFR1','Biddy','Cave','Minards','6','01128','Truax','Hidalgo','6773901666',44375,'QJXO7673118WY','14:00','22:00');
INSERT INTO supervisor(curp,nombre,apellidoPaterno,apellidoMaterno,numero,codigoPostal,calle,estado,telefono,salario,rfc,entrada,salida) VALUES ('WPZC339360BAISWF99','Yuma','Gillease','Chese','7486','03385','Kenwood','Jalisco','3858485082',40038,'GZHE833555YEU','15:00','23:00');
INSERT INTO supervisor(curp,nombre,apellidoPaterno,apellidoMaterno,numero,codigoPostal,calle,estado,telefono,salario,rfc,entrada,salida) VALUES ('PKHP648553AYYEYWN5','Anica','Hattigan','Gurery','80','21942','Cottonwood','Sinaloa','8035548662',30256,'SEVT7751930VH','11:00','19:00');
INSERT INTO supervisor(curp,nombre,apellidoPaterno,apellidoMaterno,numero,codigoPostal,calle,estado,telefono,salario,rfc,entrada,salida) VALUES ('CKJP590751ZGEDKXE5','Karalynn','Dimblebee','Dadswell','5','71670','Eastwood','Sonora','3877137460',32864,'TYAK505600KKC','18:00','02:00');
INSERT INTO supervisor(curp,nombre,apellidoPaterno,apellidoMaterno,numero,codigoPostal,calle,estado,telefono,salario,rfc,entrada,salida) VALUES ('ESXZ517680IXBRYTQ9','Monika','Fassum','Gudeman','943','37656','Clemons','Nuevo Leon','4412652541',44493,'WPKO634583K3Q','21:00','05:00');
INSERT INTO supervisor(curp,nombre,apellidoPaterno,apellidoMaterno,numero,codigoPostal,calle,estado,telefono,salario,rfc,entrada,salida) VALUES ('AEXF359833XVLLYCI4','Alberik','Witherspoon','Moyne','07','05507','Eagle Crest','Michoacán','4214215127',47293,'HJZE353831XFR','08:00','16:00');
INSERT INTO supervisor(curp,nombre,apellidoPaterno,apellidoMaterno,numero,codigoPostal,calle,estado,telefono,salario,rfc,entrada,salida) VALUES ('YTJW698648IAEXKHA4','Jesse','Cawthron','Bayston','111','26696','Straubel','Quintana Roo','8833358912',48961,'FHWO985256BHF','13:00','21:00');
INSERT INTO supervisor(curp,nombre,apellidoPaterno,apellidoMaterno,numero,codigoPostal,calle,estado,telefono,salario,rfc,entrada,salida) VALUES ('JEHH259868ERBLYE83','Carlynne','Marquese','Cattermull','13','27994','Blaine','Colima','9102114331',38423,'TLNS7073694GN','13:00','21:00');
INSERT INTO supervisor(curp,nombre,apellidoPaterno,apellidoMaterno,numero,codigoPostal,calle,estado,telefono,salario,rfc,entrada,salida) VALUES ('ROCV000606AMLIRU25','Carney','Garred','Stearn','3103','26025','Lawn','Morelos','6457858623',45755,'LHDC0557476SX','08:00','16:00');
INSERT INTO supervisor(curp,nombre,apellidoPaterno,apellidoMaterno,numero,codigoPostal,calle,estado,telefono,salario,rfc,entrada,salida) VALUES ('LJQZ823939NWFFRTD3','Madonna','Sextone','Kuhnt','3631','46076','Tennyson','Hidalgo','7863142221',35708,'UNVS8519274R8','21:00','05:00');
INSERT INTO supervisor(curp,nombre,apellidoPaterno,apellidoMaterno,numero,codigoPostal,calle,estado,telefono,salario,rfc,entrada,salida) VALUES ('IVDP812874KMESYX93','Correna','Eilhertsen','Harpin','75','93550','Mandrake','Queretaro','6555642319',49378,'VSQH048403S5D','15:00','23:00');
INSERT INTO supervisor(curp,nombre,apellidoPaterno,apellidoMaterno,numero,codigoPostal,calle,estado,telefono,salario,rfc,entrada,salida) VALUES ('XMQF280852UTGDIER1','Giorgia','Voelker','Belmont','18892','01808','2nd','Colima','2206734606',42919,'UEVV977483RH6','20:00','04:00');
INSERT INTO supervisor(curp,nombre,apellidoPaterno,apellidoMaterno,numero,codigoPostal,calle,estado,telefono,salario,rfc,entrada,salida) VALUES ('WYPE351148WCDSNCM8','Melba','Boyan','Cloake','04613','49610','Becker','Jalisco','6837466981',40800,'XCCX518420A31','18:00','02:00');
INSERT INTO supervisor(curp,nombre,apellidoPaterno,apellidoMaterno,numero,codigoPostal,calle,estado,telefono,salario,rfc,entrada,salida) VALUES ('HPEB635900VJFHPJ03','Emlynne','Bette','Cecchetelli','0','87146','Kings','Zacatecas','4788525296',40284,'HUCG172528IKC','09:00','17:00');
INSERT INTO supervisor(curp,nombre,apellidoPaterno,apellidoMaterno,numero,codigoPostal,calle,estado,telefono,salario,rfc,entrada,salida) VALUES ('BFSE742108QUBEBFM3','Verine','Noonan','Bischoff','88627','53521','Buena Vista','Aguascalientes','2595497486',45166,'FKDW9157805S9','14:00','22:00');
INSERT INTO supervisor(curp,nombre,apellidoPaterno,apellidoMaterno,numero,codigoPostal,calle,estado,telefono,salario,rfc,entrada,salida) VALUES ('EROW835040CRCXDW06','Kania','Bensusan','Marrow','41','96455','Merrick','Coahuila de Zaragoza','8494573981',34079,'YNSN734017LKR','15:00','23:00');
INSERT INTO supervisor(curp,nombre,apellidoPaterno,apellidoMaterno,numero,codigoPostal,calle,estado,telefono,salario,rfc,entrada,salida) VALUES ('EHLE478214SHIRVEU0','Cathy','Hawgood','Haggas','50','66713','Lighthouse Bay','Aguascalientes','8835391066',40595,'ZPVQ924901KWZ','12:00','20:00');
INSERT INTO supervisor(curp,nombre,apellidoPaterno,apellidoMaterno,numero,codigoPostal,calle,estado,telefono,salario,rfc,entrada,salida) VALUES ('KUKX529608QCTNZDW7','Joana','Wickliffe','Bolstridge','14','37620','Buell','Michoacán','1541446708',34877,'SMZM7659329CR','09:00','17:00');
INSERT INTO supervisor(curp,nombre,apellidoPaterno,apellidoMaterno,numero,codigoPostal,calle,estado,telefono,salario,rfc,entrada,salida) VALUES ('REOS156201YMBWBND8','Florette','O''Connor','Jeffreys','25192','82309','Main','Colima','7198530200',36108,'QYVB344838KRY','17:00','01:00');
INSERT INTO supervisor(curp,nombre,apellidoPaterno,apellidoMaterno,numero,codigoPostal,calle,estado,telefono,salario,rfc,entrada,salida) VALUES ('VIAF688653WPEECJF5','Tabina','Dreinan','Olliar','73','45890','Kenwood','Yucatan','5438522685',43049,'OGRL653238I1Q','22:00','06:00');
INSERT INTO supervisor(curp,nombre,apellidoPaterno,apellidoMaterno,numero,codigoPostal,calle,estado,telefono,salario,rfc,entrada,salida) VALUES ('KPKK205686XQQVFW52','Dasie','Lethby','Phillcox','46','79495','Monica','Chiapas','4799228111',45663,'DWFU8679069EE','12:00','20:00');
INSERT INTO supervisor(curp,nombre,apellidoPaterno,apellidoMaterno,numero,codigoPostal,calle,estado,telefono,salario,rfc,entrada,salida) VALUES ('AIJZ540692MRNHWPV3','Noemi','Begley','Ketch','22','04446','Buena Vista','Guanajuato','6025719468',32019,'LNXI366234U99','09:00','17:00');
INSERT INTO supervisor(curp,nombre,apellidoPaterno,apellidoMaterno,numero,codigoPostal,calle,estado,telefono,salario,rfc,entrada,salida) VALUES ('CVCS401595YJMZWYD5','Lenee','Folkes','Sauniere','404','44282','Lien','Guanajuato','9724743173',32101,'ODST861587WZC','14:00','22:00');
INSERT INTO supervisor(curp,nombre,apellidoPaterno,apellidoMaterno,numero,codigoPostal,calle,estado,telefono,salario,rfc,entrada,salida) VALUES ('XKFI483904GSGFFDJ9','Charissa','Rope','Hiddy','24889','37268','Florence','Oaxaca','9763555792',41031,'RQNB42593171X','10:00','18:00');
INSERT INTO supervisor(curp,nombre,apellidoPaterno,apellidoMaterno,numero,codigoPostal,calle,estado,telefono,salario,rfc,entrada,salida) VALUES ('QDZO752596CDQLZYZ1','Queenie','Doswell','Cathee','97','16213','Brentwood','Guerrero','9433270873',45660,'QLCO390976GCE','16:00','00:00');
INSERT INTO supervisor(curp,nombre,apellidoPaterno,apellidoMaterno,numero,codigoPostal,calle,estado,telefono,salario,rfc,entrada,salida) VALUES ('XXTZ259895BRUMTE14','Ebony','Hawney','Dymoke','996','06404','Elmside','Queretaro','5182985740',48371,'GVQG596531V90','15:00','23:00');
INSERT INTO supervisor(curp,nombre,apellidoPaterno,apellidoMaterno,numero,codigoPostal,calle,estado,telefono,salario,rfc,entrada,salida) VALUES ('WWDE031044KSHUHB05','Retha','Giorgetti','Iddon','1','22591','Fallview','Yucatan','8383833424',46017,'WINI956192TSG','15:00','23:00');
INSERT INTO supervisor(curp,nombre,apellidoPaterno,apellidoMaterno,numero,codigoPostal,calle,estado,telefono,salario,rfc,entrada,salida) VALUES ('YCPO640333FHVTPBO6','Almeta','Thornton-Dewhirst','Pankhurst.','62845','64209','Crest Line','Yucatan','4168948714',47498,'UCJJ795715J6M','11:00','19:00');
INSERT INTO supervisor(curp,nombre,apellidoPaterno,apellidoMaterno,numero,codigoPostal,calle,estado,telefono,salario,rfc,entrada,salida) VALUES ('CIVC903384VOWVTML1','Ivette','Ruzic','Haffner','7501','76920','Packers','Zacatecas','8856028788',48112,'EPHX998435MPI','13:00','21:00');
INSERT INTO supervisor(curp,nombre,apellidoPaterno,apellidoMaterno,numero,codigoPostal,calle,estado,telefono,salario,rfc,entrada,salida) VALUES ('SHNY735855WCJWJUH0','Raddie','Maryan','Otham','6','56234','Huxley','Coahuila de Zaragoza','6062605351',40460,'FSNU484725Y6K','09:00','17:00');
INSERT INTO supervisor(curp,nombre,apellidoPaterno,apellidoMaterno,numero,codigoPostal,calle,estado,telefono,salario,rfc,entrada,salida) VALUES ('FMMH784962SPELVJK5','Flory','Lerigo','Oxlade','7','26646','Main','Tlaxcala','2937366302',44822,'CWFJ602504JO2','18:00','02:00');
INSERT INTO supervisor(curp,nombre,apellidoPaterno,apellidoMaterno,numero,codigoPostal,calle,estado,telefono,salario,rfc,entrada,salida) VALUES ('NIJB350263PVGNHD32','Jareb','McNamee','Marian','45','64936','Bartelt','Hidalgo','1039761919',30952,'GNPH19985349O','22:00','06:00');
INSERT INTO supervisor(curp,nombre,apellidoPaterno,apellidoMaterno,numero,codigoPostal,calle,estado,telefono,salario,rfc,entrada,salida) VALUES ('QHCV947226UHFWXIS1','Hermia','Woodlands','Marthen','693','70243','Kropf','Yucatan','4151642052',49138,'VCSU385654GZF','10:00','18:00');
INSERT INTO supervisor(curp,nombre,apellidoPaterno,apellidoMaterno,numero,codigoPostal,calle,estado,telefono,salario,rfc,entrada,salida) VALUES ('HUMD374595YOVAOOE1','Bourke','Edelheit','Shoebrook','9','72112','Mockingbird','Puebla','3934657771',36150,'YJWS928579IAG','21:00','05:00');
INSERT INTO supervisor(curp,nombre,apellidoPaterno,apellidoMaterno,numero,codigoPostal,calle,estado,telefono,salario,rfc,entrada,salida) VALUES ('HLUB862586IKDXWBO7','Carie','Veitch','Rantoull','6077','02863','Warrior','Baja California Sur','2768631600',34976,'MXBZ645844YHH','21:00','05:00');
INSERT INTO supervisor(curp,nombre,apellidoPaterno,apellidoMaterno,numero,codigoPostal,calle,estado,telefono,salario,rfc,entrada,salida) VALUES ('HZUD023654QTLLSWT4','Gayler','Vallentin','Claeskens','44455','27384','Schurz','Colima','3815180927',47209,'OCKT368407AXM','08:00','16:00');
INSERT INTO supervisor(curp,nombre,apellidoPaterno,apellidoMaterno,numero,codigoPostal,calle,estado,telefono,salario,rfc,entrada,salida) VALUES ('NOHS167188OBQJDF89','Nanice','Julien','Codling','8389','93157','Carey','Nayarit','5186762128',31437,'PTFI846409LDX','14:00','22:00');
INSERT INTO supervisor(curp,nombre,apellidoPaterno,apellidoMaterno,numero,codigoPostal,calle,estado,telefono,salario,rfc,entrada,salida) VALUES ('QOQK712692AMZWJV90','Wilburt','Hawkin','McMearty','782','36291','Pearson','Zacatecas','1511872781',33861,'IVTC1795570R9','15:00','23:00');
INSERT INTO supervisor(curp,nombre,apellidoPaterno,apellidoMaterno,numero,codigoPostal,calle,estado,telefono,salario,rfc,entrada,salida) VALUES ('CFKW351865TTJVRCQ7','Christie','Piddletown','Revans','075','09327','Oak','Sonora','5165428854',41360,'SPOI159525RSL','15:00','23:00');
INSERT INTO supervisor(curp,nombre,apellidoPaterno,apellidoMaterno,numero,codigoPostal,calle,estado,telefono,salario,rfc,entrada,salida) VALUES ('QKDT955064XBVDAO71','Joannes','Atrill','Stansell','00','86545','Rusk','Tlaxcala','8921231622',49750,'WRYZ655387HHD','10:00','18:00');
INSERT INTO supervisor(curp,nombre,apellidoPaterno,apellidoMaterno,numero,codigoPostal,calle,estado,telefono,salario,rfc,entrada,salida) VALUES ('OJKQ847658MOFUPWI2','Tim','Doul','Durrant','27960','14138','Ilene','Puebla','2432125237',33195,'LWLY23252025A','09:00','17:00');
INSERT INTO supervisor(curp,nombre,apellidoPaterno,apellidoMaterno,numero,codigoPostal,calle,estado,telefono,salario,rfc,entrada,salida) VALUES ('RQFY318469XCJXAZA4','Giraud','Dolohunty','Korba','9','16743','Old Shore','Chiapas','9465016596',36372,'ZZXL489953NMH','08:00','16:00');
INSERT INTO supervisor(curp,nombre,apellidoPaterno,apellidoMaterno,numero,codigoPostal,calle,estado,telefono,salario,rfc,entrada,salida) VALUES ('BSTA337246SWUZBPY6','Robinett','Newlyn','Houdmont','30','69958','Prairieview','Durango','6325169555',43170,'FUHW348892HXG','08:00','16:00');
INSERT INTO supervisor(curp,nombre,apellidoPaterno,apellidoMaterno,numero,codigoPostal,calle,estado,telefono,salario,rfc,entrada,salida) VALUES ('MXXL045040NZWIMZK3','Nydia','Selbach','Hearsum','3','94394','Evergreen','Morelos','7133043645',39080,'AKRF7971129FQ','21:00','05:00');
INSERT INTO supervisor(curp,nombre,apellidoPaterno,apellidoMaterno,numero,codigoPostal,calle,estado,telefono,salario,rfc,entrada,salida) VALUES ('HZAN513088JNHRBC74','Celeste','OIlier','Katt','42566','04186','Drewry','Puebla','8169458699',47123,'AUKI7624168MU','13:00','21:00');
INSERT INTO supervisor(curp,nombre,apellidoPaterno,apellidoMaterno,numero,codigoPostal,calle,estado,telefono,salario,rfc,entrada,salida) VALUES ('HRNO032109PAAALDB2','Dyanne','Debell','Wardesworth','450','18615','Hooker','Puebla','6348277982',45991,'IDZU426068XBB','13:00','21:00');
INSERT INTO supervisor(curp,nombre,apellidoPaterno,apellidoMaterno,numero,codigoPostal,calle,estado,telefono,salario,rfc,entrada,salida) VALUES ('BTYL294673EOHSXMK8','Rab','Hartzog','McGaughay','9717','04532','Farragut','Tlaxcala','3379565162',34826,'ZJJL656233EWR','15:00','23:00');
INSERT INTO supervisor(curp,nombre,apellidoPaterno,apellidoMaterno,numero,codigoPostal,calle,estado,telefono,salario,rfc,entrada,salida) VALUES ('OHQJ058017GISFPF11','Serge','Ragdale','Goldsworthy','2','59027','Memorial','Zacatecas','6247320719',32003,'OXAT372049JT6','18:00','02:00');
INSERT INTO supervisor(curp,nombre,apellidoPaterno,apellidoMaterno,numero,codigoPostal,calle,estado,telefono,salario,rfc,entrada,salida) VALUES ('WCBN714660IGNXBMR0','Allegra','Artois','Williams','9219','91522','Sheridan','Nayarit','2418938829',43451,'RBEL216057Y23','22:00','06:00');
INSERT INTO supervisor(curp,nombre,apellidoPaterno,apellidoMaterno,numero,codigoPostal,calle,estado,telefono,salario,rfc,entrada,salida) VALUES ('AINV314612XYUIBMU0','Lynnet','Sleath','Heino','9468','57777','Kings','Chiapas','7304267158',38123,'HKOK348201190','16:00','00:00');
INSERT INTO supervisor(curp,nombre,apellidoPaterno,apellidoMaterno,numero,codigoPostal,calle,estado,telefono,salario,rfc,entrada,salida) VALUES ('ZTWX959396FSRKHJI5','Taber','Bulle','D''Souza','687','12646','Corscot','Baja California','1519700297',47389,'NXBQ022350BRN','18:00','02:00');
INSERT INTO supervisor(curp,nombre,apellidoPaterno,apellidoMaterno,numero,codigoPostal,calle,estado,telefono,salario,rfc,entrada,salida) VALUES ('KWRK241641IEEMWXK6','Leonie','Truse','Aimeric','32461','21238','3rd','Tabasco','9186048067',38808,'JHWO7392797H1','17:00','01:00');
INSERT INTO supervisor(curp,nombre,apellidoPaterno,apellidoMaterno,numero,codigoPostal,calle,estado,telefono,salario,rfc,entrada,salida) VALUES ('ERSQ993974VNHUXRS9','Jaquenetta','Mewe','Milby','0343','63400','Florence','Hidalgo','3653177209',34586,'ZBOP454707CE1','22:00','06:00');
INSERT INTO supervisor(curp,nombre,apellidoPaterno,apellidoMaterno,numero,codigoPostal,calle,estado,telefono,salario,rfc,entrada,salida) VALUES ('TMLD430923KAHMWQB8','Arte','Bendtsen','Baselio','8582','32125','Jay','Coahuila de Zaragoza','6053660820',47178,'XBXT475176TRX','14:00','22:00');
INSERT INTO supervisor(curp,nombre,apellidoPaterno,apellidoMaterno,numero,codigoPostal,calle,estado,telefono,salario,rfc,entrada,salida) VALUES ('DVGC043029VWINAT36','Sven','Domegan','Elington','833','23458','Brentwood','Durango','1128735204',46046,'QZDD613035O9Y','12:00','20:00');
INSERT INTO supervisor(curp,nombre,apellidoPaterno,apellidoMaterno,numero,codigoPostal,calle,estado,telefono,salario,rfc,entrada,salida) VALUES ('ORQS642426ZBABEEH4','Gillian','Baake','Bilt','56947','91640','Westridge','Durango','1863482684',33236,'TQIS232542RSY','11:00','19:00');
INSERT INTO supervisor(curp,nombre,apellidoPaterno,apellidoMaterno,numero,codigoPostal,calle,estado,telefono,salario,rfc,entrada,salida) VALUES ('CAQK458573VIUEKA95','Tito','Kristufek','Gaskin','0862','71178','Rigney','Baja California Sur','2044518939',42898,'EJRX0790569UO','18:00','02:00');
INSERT INTO supervisor(curp,nombre,apellidoPaterno,apellidoMaterno,numero,codigoPostal,calle,estado,telefono,salario,rfc,entrada,salida) VALUES ('DOSH733502IUUWDP80','Shanda','Josebury','Baguley','3','75476','Pearson','Puebla','7675320299',33296,'MGAC216592FLR','16:00','00:00');
-- 	}}}


--- Veterinario 	{{{
INSERT INTO veterinario(curp,nombre,apellidoPaterno,apellidoMaterno,numero,codigoPostal,calle,estado,telefono,salario,rfc,entrada,salida,numeropacientes) VALUES ('FFDV570707OJMLHQX3','Max','Caveau','Dedham','14','99804','Sloan','Baja California','9156290066',46372,'BRUS493048XSG','15:00','23:00',2);
INSERT INTO veterinario(curp,nombre,apellidoPaterno,apellidoMaterno,numero,codigoPostal,calle,estado,telefono,salario,rfc,entrada,salida,numeropacientes) VALUES ('OPQS702520CINYEVG3','Caesar','Dearl','Gradly','6181','01005','Ridgeview','México','2104725291',33994,'SADR695757IIZ','08:00','16:00',5);
INSERT INTO veterinario(curp,nombre,apellidoPaterno,apellidoMaterno,numero,codigoPostal,calle,estado,telefono,salario,rfc,entrada,salida,numeropacientes) VALUES ('BHMY157691BIDMLV46','Jodi','Abell','Scrancher','2','93438','Gale','Guanajuato','8216315016',36643,'NPUV2822360EX','22:00','06:00',1);
INSERT INTO veterinario(curp,nombre,apellidoPaterno,apellidoMaterno,numero,codigoPostal,calle,estado,telefono,salario,rfc,entrada,salida,numeropacientes) VALUES ('EZSJ320340EGEIDKJ5','Nola','Macguire','Peatheyjohns','74','22426','Farmco','México','6797502051',32264,'CRGY546775ZP3','12:00','20:00',1);
INSERT INTO veterinario(curp,nombre,apellidoPaterno,apellidoMaterno,numero,codigoPostal,calle,estado,telefono,salario,rfc,entrada,salida,numeropacientes) VALUES ('SSYV048599VDNETZU0','Bastian','Isaacson','Jupe','67777','83969','Sheridan','Tabasco','3089232211',38547,'IOOS1764498AA','12:00','20:00',2);
INSERT INTO veterinario(curp,nombre,apellidoPaterno,apellidoMaterno,numero,codigoPostal,calle,estado,telefono,salario,rfc,entrada,salida,numeropacientes) VALUES ('TRVY103203UWJAYBW7','Benjamen','Hulks','Pach','00689','10812','Prentice','Tabasco','1106910037',42853,'QTFN708384OBW','15:00','23:00',5);
INSERT INTO veterinario(curp,nombre,apellidoPaterno,apellidoMaterno,numero,codigoPostal,calle,estado,telefono,salario,rfc,entrada,salida,numeropacientes) VALUES ('ABSU465673REVUIBK8','Vi','Bennison','Clows','88','86483','Ronald Regan','Sinaloa','8574817984',47186,'ABBT827286MRG','20:00','04:00',3);
INSERT INTO veterinario(curp,nombre,apellidoPaterno,apellidoMaterno,numero,codigoPostal,calle,estado,telefono,salario,rfc,entrada,salida,numeropacientes) VALUES ('DHEA416290EJFCTQ30','Hilda','Alwen','Gergely','2','53609','Corry','Tamaulipas','9493614176',49495,'NKOC6605283CO','19:00','03:00',4);
INSERT INTO veterinario(curp,nombre,apellidoPaterno,apellidoMaterno,numero,codigoPostal,calle,estado,telefono,salario,rfc,entrada,salida,numeropacientes) VALUES ('KCCW391804NBSPRDX2','Arnold','Collis','Van Der Walt','25901','69742','Chive','Coahuila de Zaragoza','5591275631',34015,'HAXZ868740UCY','08:00','16:00',4);
INSERT INTO veterinario(curp,nombre,apellidoPaterno,apellidoMaterno,numero,codigoPostal,calle,estado,telefono,salario,rfc,entrada,salida,numeropacientes) VALUES ('GMQC763086DDZAHSN8','Muffin','Kuhndel','Enderwick','6','60054','Jana','Durango','7155007231',31070,'EQOL133034MQP','21:00','05:00',4);
INSERT INTO veterinario(curp,nombre,apellidoPaterno,apellidoMaterno,numero,codigoPostal,calle,estado,telefono,salario,rfc,entrada,salida,numeropacientes) VALUES ('GWZL023136ZZCFKAN9','Walliw','Ridel','Luetchford','04889','87796','Bluestem','Quintana Roo','7731827799',42959,'BYQQ9969789HY','10:00','18:00',1);
INSERT INTO veterinario(curp,nombre,apellidoPaterno,apellidoMaterno,numero,codigoPostal,calle,estado,telefono,salario,rfc,entrada,salida,numeropacientes) VALUES ('OHWN512168KYNIER16','Gay','Chessill','Gilliatt','89','28898','Havey','San Luis Potosi','9879244946',34393,'IWOQ9723098CX','11:00','19:00',0);
INSERT INTO veterinario(curp,nombre,apellidoPaterno,apellidoMaterno,numero,codigoPostal,calle,estado,telefono,salario,rfc,entrada,salida,numeropacientes) VALUES ('MOEN333137DIDDHXV9','Malcolm','Swate','Shortcliffe','6794','26290','Bashford','Chihuahua','8551122816',31007,'PUKY549737FYL','14:00','22:00',5);
INSERT INTO veterinario(curp,nombre,apellidoPaterno,apellidoMaterno,numero,codigoPostal,calle,estado,telefono,salario,rfc,entrada,salida,numeropacientes) VALUES ('DCLS358468LLJBMNK9','Jacinthe','Reast','Ianni','21856','27977','Mosinee','Guerrero','6539159914',42821,'LPJU841661294','10:00','18:00',5);
INSERT INTO veterinario(curp,nombre,apellidoPaterno,apellidoMaterno,numero,codigoPostal,calle,estado,telefono,salario,rfc,entrada,salida,numeropacientes) VALUES ('QOUH005199ONEEVRS5','Corrianne','Scanderet','Bezants','23','33289','Northwestern','Quintana Roo','8375942769',37259,'DLAE081734OUC','19:00','03:00',5);
INSERT INTO veterinario(curp,nombre,apellidoPaterno,apellidoMaterno,numero,codigoPostal,calle,estado,telefono,salario,rfc,entrada,salida,numeropacientes) VALUES ('WBNA189335GHOIFOG8','Tanhya','Huggens','Elcott','24','70704','Mandrake','Queretaro','3489691595',42729,'RVNS7222214EJ','10:00','18:00',3);
INSERT INTO veterinario(curp,nombre,apellidoPaterno,apellidoMaterno,numero,codigoPostal,calle,estado,telefono,salario,rfc,entrada,salida,numeropacientes) VALUES ('IPZU769863JYMVHK07','Alyce','Halling','Basilotta','0417','66764','Forest Dale','Sinaloa','8858910565',43989,'UGKV1337790JF','20:00','04:00',0);
INSERT INTO veterinario(curp,nombre,apellidoPaterno,apellidoMaterno,numero,codigoPostal,calle,estado,telefono,salario,rfc,entrada,salida,numeropacientes) VALUES ('YECJ368291MRXWQOZ6','Ty','Shillabeare','Adams','3149','08320','Iowa','Sonora','1495347536',45661,'ZPZU764709AAQ','19:00','03:00',1);
INSERT INTO veterinario(curp,nombre,apellidoPaterno,apellidoMaterno,numero,codigoPostal,calle,estado,telefono,salario,rfc,entrada,salida,numeropacientes) VALUES ('JBMH209635FAJZRN15','Edsel','Donnett','Odcroft','85','57490','Hintze','Tlaxcala','9014819071',46535,'RQAK490950XKY','09:00','17:00',5);
INSERT INTO veterinario(curp,nombre,apellidoPaterno,apellidoMaterno,numero,codigoPostal,calle,estado,telefono,salario,rfc,entrada,salida,numeropacientes) VALUES ('HRCZ674842ZZMXJAQ4','Berkly','Britnell','Tripney','9042','09894','Annamark','Nayarit','3651405570',37759,'UGGU271569DNT','19:00','03:00',0);
INSERT INTO veterinario(curp,nombre,apellidoPaterno,apellidoMaterno,numero,codigoPostal,calle,estado,telefono,salario,rfc,entrada,salida,numeropacientes) VALUES ('QXWL438068ITQQIU92','Lenka','MacNeely','Creamen','9','56197','Loftsgordon','Baja California Sur','3875245522',48176,'JASG4472244U1','15:00','23:00',0);
INSERT INTO veterinario(curp,nombre,apellidoPaterno,apellidoMaterno,numero,codigoPostal,calle,estado,telefono,salario,rfc,entrada,salida,numeropacientes) VALUES ('BZHS097766RATPLWC7','Gwennie','Vashchenko','Lassen','3427','21804','Sommers','Tabasco','1448253658',37897,'DFPB166170SZQ','16:00','00:00',3);
INSERT INTO veterinario(curp,nombre,apellidoPaterno,apellidoMaterno,numero,codigoPostal,calle,estado,telefono,salario,rfc,entrada,salida,numeropacientes) VALUES ('BPTM735210YBRCMH80','Demetre','Drohun','Swatland','76000','15695','Birchwood','Tabasco','5808501111',44127,'VOBQ0130044OI','14:00','22:00',3);
INSERT INTO veterinario(curp,nombre,apellidoPaterno,apellidoMaterno,numero,codigoPostal,calle,estado,telefono,salario,rfc,entrada,salida,numeropacientes) VALUES ('SMSF623139HPRYQL52','Bernice','McGeorge','McSkin','9299','89428','Sunnyside','Hidalgo','4198213099',35394,'QFMJ636969U7R','20:00','04:00',3);
INSERT INTO veterinario(curp,nombre,apellidoPaterno,apellidoMaterno,numero,codigoPostal,calle,estado,telefono,salario,rfc,entrada,salida,numeropacientes) VALUES ('DZSY337823AGWPEUC1','Daisie','Kimbury','Cleeve','435','15184','Hovde','Veracruz de Ignacio de la Llave','6381535116',32190,'UNDC172168Z5V','18:00','02:00',3);
INSERT INTO veterinario(curp,nombre,apellidoPaterno,apellidoMaterno,numero,codigoPostal,calle,estado,telefono,salario,rfc,entrada,salida,numeropacientes) VALUES ('BXMD064752WAIPCEA9','Ashbey','Heibel','Tire','159','48561','Sycamore','Tabasco','9463004627',40392,'NMCG231889WRN','14:00','22:00',4);
INSERT INTO veterinario(curp,nombre,apellidoPaterno,apellidoMaterno,numero,codigoPostal,calle,estado,telefono,salario,rfc,entrada,salida,numeropacientes) VALUES ('FJAD138203KRCMBTJ6','Heidi','Stoop','Asche','7862','55941','Mendota','Aguascalientes','5614943707',44908,'CWQD55585964G','09:00','17:00',3);
INSERT INTO veterinario(curp,nombre,apellidoPaterno,apellidoMaterno,numero,codigoPostal,calle,estado,telefono,salario,rfc,entrada,salida,numeropacientes) VALUES ('URYX122159XBNRSM93','Bengt','Wort','McMorland','08785','95433','Myrtle','Baja California Sur','1428667216',37245,'JNYU484117XFS','10:00','18:00',0);
INSERT INTO veterinario(curp,nombre,apellidoPaterno,apellidoMaterno,numero,codigoPostal,calle,estado,telefono,salario,rfc,entrada,salida,numeropacientes) VALUES ('SEKD911587XUVUYJI7','Lonnie','Karpe','Brimicombe','0','28294','Lighthouse Bay','Sonora','6569439022',49641,'CIFX139518KAC','13:00','21:00',5);
INSERT INTO veterinario(curp,nombre,apellidoPaterno,apellidoMaterno,numero,codigoPostal,calle,estado,telefono,salario,rfc,entrada,salida,numeropacientes) VALUES ('VPYC042920PXRTAFM9','Gerry','Perrat','Normanvell','259','76754','Hanover','Oaxaca','8587683378',38915,'SVTO9095008UW','15:00','23:00',4);
INSERT INTO veterinario(curp,nombre,apellidoPaterno,apellidoMaterno,numero,codigoPostal,calle,estado,telefono,salario,rfc,entrada,salida,numeropacientes) VALUES ('VAJP112263ZNERIUI5','Kati','Imms','Foakes','9398','98713','Jay','Tlaxcala','4706996257',48361,'GWOX038089EQS','17:00','01:00',1);
INSERT INTO veterinario(curp,nombre,apellidoPaterno,apellidoMaterno,numero,codigoPostal,calle,estado,telefono,salario,rfc,entrada,salida,numeropacientes) VALUES ('ECXV371736IWWPPVD4','Shirl','Godsell','Nester','38549','68827','Thompson','Veracruz de Ignacio de la Llave','2955794470',33277,'PZDL906325CFN','09:00','17:00',3);
INSERT INTO veterinario(curp,nombre,apellidoPaterno,apellidoMaterno,numero,codigoPostal,calle,estado,telefono,salario,rfc,entrada,salida,numeropacientes) VALUES ('XDKO922597VVOJRZE0','Vania','Doiley','Crane','920','56563','Cottonwood','Sonora','1887555936',31899,'DZSK642091E8V','20:00','04:00',0);
INSERT INTO veterinario(curp,nombre,apellidoPaterno,apellidoMaterno,numero,codigoPostal,calle,estado,telefono,salario,rfc,entrada,salida,numeropacientes) VALUES ('ZMLI353734XXLHHDF7','Brandi','Aspey','Pykett','1475','92923','Hovde','San Luis Potosi','1512594306',47802,'LFRO303179Q0S','14:00','22:00',1);
INSERT INTO veterinario(curp,nombre,apellidoPaterno,apellidoMaterno,numero,codigoPostal,calle,estado,telefono,salario,rfc,entrada,salida,numeropacientes) VALUES ('KNCN903386FWXSQBZ9','Taber','MacGilmartin','Stanett','6557','19230','Badeau','Chihuahua','6814100988',31811,'PUKM83521512J','13:00','21:00',0);
INSERT INTO veterinario(curp,nombre,apellidoPaterno,apellidoMaterno,numero,codigoPostal,calle,estado,telefono,salario,rfc,entrada,salida,numeropacientes) VALUES ('YQWA784573JOYAGPL0','Rudolf','Weatherill','Cramphorn','6443','14158','Corscot','Colima','5009246397',44895,'MUWN876045O0F','19:00','03:00',0);
INSERT INTO veterinario(curp,nombre,apellidoPaterno,apellidoMaterno,numero,codigoPostal,calle,estado,telefono,salario,rfc,entrada,salida,numeropacientes) VALUES ('GFUJ420761YSOKDK30','Sabina','Sturgeon','Gaitskell','95883','48495','Butterfield','Morelos','8311343464',33236,'NUOV443622SVO','12:00','20:00',2);
INSERT INTO veterinario(curp,nombre,apellidoPaterno,apellidoMaterno,numero,codigoPostal,calle,estado,telefono,salario,rfc,entrada,salida,numeropacientes) VALUES ('SPWA781730EFWLRNJ5','Cyril','Lugden','Simkovitz','63128','21236','Clove','Zacatecas','4153510972',33620,'SFHD837305E5E','15:00','23:00',0);
INSERT INTO veterinario(curp,nombre,apellidoPaterno,apellidoMaterno,numero,codigoPostal,calle,estado,telefono,salario,rfc,entrada,salida,numeropacientes) VALUES ('GOSG741483EBSDFJG5','Roy','Goodbairn','Blei','1810','62828','Stephen','Michoacán','7374968666',31933,'EVYG799656EPK','19:00','03:00',3);
INSERT INTO veterinario(curp,nombre,apellidoPaterno,apellidoMaterno,numero,codigoPostal,calle,estado,telefono,salario,rfc,entrada,salida,numeropacientes) VALUES ('RHQD571421CERUTLF9','Llywellyn','Lawie','Patullo','0','57730','Reinke','Baja California Sur','6301588137',43326,'ZSQD769676861','08:00','16:00',3);
INSERT INTO veterinario(curp,nombre,apellidoPaterno,apellidoMaterno,numero,codigoPostal,calle,estado,telefono,salario,rfc,entrada,salida,numeropacientes) VALUES ('VPJF212568XGMJPRN0','Sula','Foulgham','Vasey','1622','60407','Northview','Queretaro','1861157925',38950,'PYMK363888ENV','11:00','19:00',5);
INSERT INTO veterinario(curp,nombre,apellidoPaterno,apellidoMaterno,numero,codigoPostal,calle,estado,telefono,salario,rfc,entrada,salida,numeropacientes) VALUES ('VUNV903356OWSVAEK7','Albie','Kew','Gave','3','33488','Mcguire','Yucatan','7579322922',36055,'RVRA325425UWC','08:00','16:00',5);
INSERT INTO veterinario(curp,nombre,apellidoPaterno,apellidoMaterno,numero,codigoPostal,calle,estado,telefono,salario,rfc,entrada,salida,numeropacientes) VALUES ('ALQC599539TDJQBTL0','Skip','Hegges','Togwell','4705','01295','Hoard','Veracruz de Ignacio de la Llave','2107888809',40563,'PWOS524119T38','20:00','04:00',4);
INSERT INTO veterinario(curp,nombre,apellidoPaterno,apellidoMaterno,numero,codigoPostal,calle,estado,telefono,salario,rfc,entrada,salida,numeropacientes) VALUES ('DYEB810379VYBEHW33','Delora','Stimpson','Lockton','2','22044','Sunfield','Guanajuato','8625579630',33822,'PWNO303878646','21:00','05:00',5);
INSERT INTO veterinario(curp,nombre,apellidoPaterno,apellidoMaterno,numero,codigoPostal,calle,estado,telefono,salario,rfc,entrada,salida,numeropacientes) VALUES ('IKJZ406795YKHGTSG8','Shelby','Guildford','Fendley','03','74674','Vernon','Aguascalientes','6316775140',30482,'CXIP5896556ZW','16:00','00:00',0);
INSERT INTO veterinario(curp,nombre,apellidoPaterno,apellidoMaterno,numero,codigoPostal,calle,estado,telefono,salario,rfc,entrada,salida,numeropacientes) VALUES ('EREG600315VCXITS67','Dasi','Dews','Fetherston','482','68954','Packers','Durango','3877032451',49451,'PKTE5131940PK','16:00','00:00',4);
INSERT INTO veterinario(curp,nombre,apellidoPaterno,apellidoMaterno,numero,codigoPostal,calle,estado,telefono,salario,rfc,entrada,salida,numeropacientes) VALUES ('MMWM861805ICQDXGC0','Emmerich','Tryme','Sieve','65341','96429','Blaine','Zacatecas','4791674307',36216,'GGEZ249457BR1','14:00','22:00',5);
INSERT INTO veterinario(curp,nombre,apellidoPaterno,apellidoMaterno,numero,codigoPostal,calle,estado,telefono,salario,rfc,entrada,salida,numeropacientes) VALUES ('DITW375689FQGWSZM9','Lurlene','Menco','Prattington','364','72000','Anzinger','Guanajuato','2924591520',40504,'GITA809600BB1','12:00','20:00',1);
INSERT INTO veterinario(curp,nombre,apellidoPaterno,apellidoMaterno,numero,codigoPostal,calle,estado,telefono,salario,rfc,entrada,salida,numeropacientes) VALUES ('GZSO434852XIVOCLS4','Georges','Casillas','Georges','4869','96184','International','Ciudad de México','1923087413',36073,'MKWN6517977B7','18:00','02:00',5);
INSERT INTO veterinario(curp,nombre,apellidoPaterno,apellidoMaterno,numero,codigoPostal,calle,estado,telefono,salario,rfc,entrada,salida,numeropacientes) VALUES ('RDCX537698BUXJVNN4','Ardelle','Yielding','Spraggon','07482','70709','Bay','Sonora','4178094534',46582,'RMGC029807EC2','18:00','02:00',3);
INSERT INTO veterinario(curp,nombre,apellidoPaterno,apellidoMaterno,numero,codigoPostal,calle,estado,telefono,salario,rfc,entrada,salida,numeropacientes) VALUES ('WPPI042308XXSRBUL4','Nollie','Collibear','Comiam','50','94452','Heffernan','Tamaulipas','9196862302',49122,'VLSE125313K9Q','21:00','05:00',1);
INSERT INTO veterinario(curp,nombre,apellidoPaterno,apellidoMaterno,numero,codigoPostal,calle,estado,telefono,salario,rfc,entrada,salida,numeropacientes) VALUES ('YUCA499283RKMWSN66','Stoddard','Connew','Spurman','8','39387','Pawling','Nuevo Leon','7185602700',48387,'DQHT327004G5U','11:00','19:00',2);
INSERT INTO veterinario(curp,nombre,apellidoPaterno,apellidoMaterno,numero,codigoPostal,calle,estado,telefono,salario,rfc,entrada,salida,numeropacientes) VALUES ('HTYL858594AJGWZC86','Nelie','Solesbury','Jobling','5','98105','Judy','Coahuila de Zaragoza','7388112822',46329,'BTLC650973SRO','17:00','01:00',5);
INSERT INTO veterinario(curp,nombre,apellidoPaterno,apellidoMaterno,numero,codigoPostal,calle,estado,telefono,salario,rfc,entrada,salida,numeropacientes) VALUES ('URYV381733PDIQVU98','Abbe','Abrahmer','Horstead','762','45317','Grayhawk','Michoacán','2065539661',42469,'EPWZ794756VD9','13:00','21:00',5);
INSERT INTO veterinario(curp,nombre,apellidoPaterno,apellidoMaterno,numero,codigoPostal,calle,estado,telefono,salario,rfc,entrada,salida,numeropacientes) VALUES ('OYHF374403YBNZUUV9','Tomasina','Pinkard','Rankmore','74715','90966','Eagan','Durango','4189683640',45561,'AVZI226431RA6','13:00','21:00',2);
INSERT INTO veterinario(curp,nombre,apellidoPaterno,apellidoMaterno,numero,codigoPostal,calle,estado,telefono,salario,rfc,entrada,salida,numeropacientes) VALUES ('AGYP195954NLZADC50','Colas','Jedrzejewicz','Purbrick','8','30122','Spaight','Baja California','8355951630',42816,'TWJF361765FFG','19:00','03:00',5);
INSERT INTO veterinario(curp,nombre,apellidoPaterno,apellidoMaterno,numero,codigoPostal,calle,estado,telefono,salario,rfc,entrada,salida,numeropacientes) VALUES ('BHEK184094FSXMTU58','Keen','Torfin','Jersch','8','38400','Shelley','Aguascalientes','3368593538',40321,'RJFS5786664VV','14:00','22:00',5);
INSERT INTO veterinario(curp,nombre,apellidoPaterno,apellidoMaterno,numero,codigoPostal,calle,estado,telefono,salario,rfc,entrada,salida,numeropacientes) VALUES ('YRHB560296HTCWTHC6','Bonny','Trusler','Enrdigo','1424','47012','Waubesa','Chiapas','9272076546',43374,'RCUU670265F57','22:00','06:00',1);
INSERT INTO veterinario(curp,nombre,apellidoPaterno,apellidoMaterno,numero,codigoPostal,calle,estado,telefono,salario,rfc,entrada,salida,numeropacientes) VALUES ('ZJVI356526WZMKBOH0','Pamelina','Gilsthorpe','Piniur','1','20827','Onsgard','Baja California','9501182916',38446,'LHMF054763L3F','19:00','03:00',5);
INSERT INTO veterinario(curp,nombre,apellidoPaterno,apellidoMaterno,numero,codigoPostal,calle,estado,telefono,salario,rfc,entrada,salida,numeropacientes) VALUES ('MLHE714659PTOOASQ5','Townie','Towll','Attenbarrow','43','02954','Manley','Zacatecas','5473966115',48511,'DBZK299613TXI','22:00','06:00',0);
INSERT INTO veterinario(curp,nombre,apellidoPaterno,apellidoMaterno,numero,codigoPostal,calle,estado,telefono,salario,rfc,entrada,salida,numeropacientes) VALUES ('HNBF684990UPXRXCN0','Karole','Bynert','Fernier','5','27150','Ridgeview','Chihuahua','7417994957',48389,'DNLY8366866U3','19:00','03:00',2);
INSERT INTO veterinario(curp,nombre,apellidoPaterno,apellidoMaterno,numero,codigoPostal,calle,estado,telefono,salario,rfc,entrada,salida,numeropacientes) VALUES ('JQOA394766GXHSGI64','Klaus','Campe','Adacot','374','27512','Lakewood','Baja California Sur','7324881671',32520,'FEPE7493013AE','19:00','03:00',3);
INSERT INTO veterinario(curp,nombre,apellidoPaterno,apellidoMaterno,numero,codigoPostal,calle,estado,telefono,salario,rfc,entrada,salida,numeropacientes) VALUES ('FIIN688511LQAVUL39','Sherilyn','Hairsine','Iredale','85','69491','Daystar','Sinaloa','8883023978',45592,'AMKZ195381R1H','16:00','00:00',0);
INSERT INTO veterinario(curp,nombre,apellidoPaterno,apellidoMaterno,numero,codigoPostal,calle,estado,telefono,salario,rfc,entrada,salida,numeropacientes) VALUES ('WWTZ430854BIWJDJ55','Shirline','Ends','Cashen','682','69222','Gateway','Nayarit','6525967458',49235,'WSXY004888QVG','18:00','02:00',1);
INSERT INTO veterinario(curp,nombre,apellidoPaterno,apellidoMaterno,numero,codigoPostal,calle,estado,telefono,salario,rfc,entrada,salida,numeropacientes) VALUES ('HEAV478953RXOYOZX8','Arie','Blackwell','Maund','3761','28962','Susan','Guanajuato','8134545347',38415,'HQCY958133M7P','11:00','19:00',3);
INSERT INTO veterinario(curp,nombre,apellidoPaterno,apellidoMaterno,numero,codigoPostal,calle,estado,telefono,salario,rfc,entrada,salida,numeropacientes) VALUES ('SNAH126581GBYVCKM1','Ruby','Klassman','Farmar','3','54731','Lukken','Yucatan','9801360165',45713,'TRGZ568752PMS','09:00','17:00',4);
INSERT INTO veterinario(curp,nombre,apellidoPaterno,apellidoMaterno,numero,codigoPostal,calle,estado,telefono,salario,rfc,entrada,salida,numeropacientes) VALUES ('HRLU684133ERXSNEB0','Ernie','Kick','Liddyard','155','57334','Garrison','Nayarit','9018850552',31184,'SVZU069175RC5','12:00','20:00',2);
INSERT INTO veterinario(curp,nombre,apellidoPaterno,apellidoMaterno,numero,codigoPostal,calle,estado,telefono,salario,rfc,entrada,salida,numeropacientes) VALUES ('VRYH005966QENRKK03','Raphaela','Blaes','Phillipson','14','69750','Helena','Campeche','1147991103',40037,'FBMR1223513XX','10:00','18:00',4);
INSERT INTO veterinario(curp,nombre,apellidoPaterno,apellidoMaterno,numero,codigoPostal,calle,estado,telefono,salario,rfc,entrada,salida,numeropacientes) VALUES ('MYBV430688MIOAOHQ9','Danella','Tenny','Tomsen','1251','37075','Barby','México','9858334940',39293,'FHYV507328CLO','16:00','00:00',0);
INSERT INTO veterinario(curp,nombre,apellidoPaterno,apellidoMaterno,numero,codigoPostal,calle,estado,telefono,salario,rfc,entrada,salida,numeropacientes) VALUES ('FIQR275256UCYMLH32','Essy','Clague','Meadway','1737','52398','Towne','Sinaloa','1599169290',43302,'GIAX43285084R','21:00','05:00',0);
INSERT INTO veterinario(curp,nombre,apellidoPaterno,apellidoMaterno,numero,codigoPostal,calle,estado,telefono,salario,rfc,entrada,salida,numeropacientes) VALUES ('JRHB919192LEKTAW30','Libbey','Gisborne','Desesquelle','55404','64582','Westerfield','Baja California','3762785052',43041,'LKXW662515AZB','09:00','17:00',4);
INSERT INTO veterinario(curp,nombre,apellidoPaterno,apellidoMaterno,numero,codigoPostal,calle,estado,telefono,salario,rfc,entrada,salida,numeropacientes) VALUES ('FXOQ102733PRHTUEM5','Randall','Wanley','Liff','3','01851','Havey','Chihuahua','9734911665',36615,'XKKA877574CTP','19:00','03:00',2);
INSERT INTO veterinario(curp,nombre,apellidoPaterno,apellidoMaterno,numero,codigoPostal,calle,estado,telefono,salario,rfc,entrada,salida,numeropacientes) VALUES ('BHZC905004ISUNPHD4','Ragnar','Hirsthouse','Kliment','7502','23249','Service','Baja California Sur','6998816667',48694,'LBHZ885243GBC','22:00','06:00',2);
INSERT INTO veterinario(curp,nombre,apellidoPaterno,apellidoMaterno,numero,codigoPostal,calle,estado,telefono,salario,rfc,entrada,salida,numeropacientes) VALUES ('FULS670864OYSJCXH5','Lishe','Passo','Ryan','13922','80413','Iowa','Puebla','9064125423',39137,'BMLW622590234','09:00','17:00',5);
INSERT INTO veterinario(curp,nombre,apellidoPaterno,apellidoMaterno,numero,codigoPostal,calle,estado,telefono,salario,rfc,entrada,salida,numeropacientes) VALUES ('QDYQ957375FOJLQMX3','Boycie','McAdam','Le Maitre','3485','85431','Lakewood','Puebla','9545798316',48425,'EMFQ073434IEA','20:00','04:00',0);
INSERT INTO veterinario(curp,nombre,apellidoPaterno,apellidoMaterno,numero,codigoPostal,calle,estado,telefono,salario,rfc,entrada,salida,numeropacientes) VALUES ('JJHK985123FVLVCME9','Grace','Lathey','Littlejohns','4631','78463','Lunder','Queretaro','9016835177',38203,'FYHF730832BYE','12:00','20:00',0);
INSERT INTO veterinario(curp,nombre,apellidoPaterno,apellidoMaterno,numero,codigoPostal,calle,estado,telefono,salario,rfc,entrada,salida,numeropacientes) VALUES ('WZYJ494270MFIJKNS6','Dorothee','Boyde','MacArthur','6','83198','Aberg','Michoacán','1281524217',31461,'VMJG338259MJG','16:00','00:00',3);
INSERT INTO veterinario(curp,nombre,apellidoPaterno,apellidoMaterno,numero,codigoPostal,calle,estado,telefono,salario,rfc,entrada,salida,numeropacientes) VALUES ('COXB045604XWCZEVH4','Udell','Fussen','Fowgies','081','21560','Scott','Chiapas','3024361807',36429,'MGSQ5416488I5','18:00','02:00',0);
INSERT INTO veterinario(curp,nombre,apellidoPaterno,apellidoMaterno,numero,codigoPostal,calle,estado,telefono,salario,rfc,entrada,salida,numeropacientes) VALUES ('ZWRO512344PSAASHE0','Donny','Legrice','Coltherd','135','69967','David','Oaxaca','1987649505',47456,'TTBZ628520SL8','14:00','22:00',0);
INSERT INTO veterinario(curp,nombre,apellidoPaterno,apellidoMaterno,numero,codigoPostal,calle,estado,telefono,salario,rfc,entrada,salida,numeropacientes) VALUES ('HPWO526574TSDWJA33','Elka','Jacklin','Rishbrook','272','68619','Forster','Coahuila de Zaragoza','2241019539',42815,'XBWR98682195M','14:00','22:00',2);
INSERT INTO veterinario(curp,nombre,apellidoPaterno,apellidoMaterno,numero,codigoPostal,calle,estado,telefono,salario,rfc,entrada,salida,numeropacientes) VALUES ('GJFC887200PNRUFAM9','Sonnnie','Giuroni','Shilliday','7','33161','Ridge Oak','Jalisco','8274146331',33090,'OFZP646371FS3','16:00','00:00',0);
INSERT INTO veterinario(curp,nombre,apellidoPaterno,apellidoMaterno,numero,codigoPostal,calle,estado,telefono,salario,rfc,entrada,salida,numeropacientes) VALUES ('JFCZ132487GDWUWIJ4','Tracy','Yakov','Farnhill','989','48848','Badeau','Yucatan','5307353438',49307,'TAXH055410SJ9','10:00','18:00',4);
INSERT INTO veterinario(curp,nombre,apellidoPaterno,apellidoMaterno,numero,codigoPostal,calle,estado,telefono,salario,rfc,entrada,salida,numeropacientes) VALUES ('UKAC914071HLVYEVB4','Pavlov','Marten','Mohammad','43','30558','Northfield','Aguascalientes','7444499018',39765,'DSXP190113RBL','10:00','18:00',5);
INSERT INTO veterinario(curp,nombre,apellidoPaterno,apellidoMaterno,numero,codigoPostal,calle,estado,telefono,salario,rfc,entrada,salida,numeropacientes) VALUES ('CZWO448769ILHAPBV2','Meagan','Lydiate','Elcott','9307','44105','Russell','Baja California','2053284716',30876,'MAHN417752AFX','19:00','03:00',0);
INSERT INTO veterinario(curp,nombre,apellidoPaterno,apellidoMaterno,numero,codigoPostal,calle,estado,telefono,salario,rfc,entrada,salida,numeropacientes) VALUES ('KQIH835975ELSYCJI6','Lemuel','Boustred','Tungay','7811','09698','Mccormick','Guanajuato','1338073622',41102,'SSIL317753IRJ','16:00','00:00',5);
INSERT INTO veterinario(curp,nombre,apellidoPaterno,apellidoMaterno,numero,codigoPostal,calle,estado,telefono,salario,rfc,entrada,salida,numeropacientes) VALUES ('NECZ261764TIIGBKW1','Ferne','Mar','Bogace','5779','32717','Hoard','Coahuila de Zaragoza','9461574911',38964,'LBKF987449C1T','20:00','04:00',3);
INSERT INTO veterinario(curp,nombre,apellidoPaterno,apellidoMaterno,numero,codigoPostal,calle,estado,telefono,salario,rfc,entrada,salida,numeropacientes) VALUES ('ICKI240010PPOAWVR2','Jeanelle','Overbury','Van den Velden','3554','89755','Vermont','Colima','8081804000',48306,'YHVM593116EG6','15:00','23:00',5);
INSERT INTO veterinario(curp,nombre,apellidoPaterno,apellidoMaterno,numero,codigoPostal,calle,estado,telefono,salario,rfc,entrada,salida,numeropacientes) VALUES ('HFDD891109CVXPUD59','Moise','Ather','Kieran','71592','88130','Veith','Baja California Sur','4605186092',34265,'GFLT948650S47','20:00','04:00',1);
INSERT INTO veterinario(curp,nombre,apellidoPaterno,apellidoMaterno,numero,codigoPostal,calle,estado,telefono,salario,rfc,entrada,salida,numeropacientes) VALUES ('BPBU693426GUITXOJ8','Giorgia','Somerville','Rennix','1643','72470','Jenna','Tamaulipas','2615731414',39440,'ACNT3938219YC','15:00','23:00',5);
INSERT INTO veterinario(curp,nombre,apellidoPaterno,apellidoMaterno,numero,codigoPostal,calle,estado,telefono,salario,rfc,entrada,salida,numeropacientes) VALUES ('XLMK863725RFNFRZR0','Murielle','MacMechan','Hellewell','4','28773','Aberg','Queretaro','2473734209',48485,'YXHM329232MZA','18:00','02:00',0);
INSERT INTO veterinario(curp,nombre,apellidoPaterno,apellidoMaterno,numero,codigoPostal,calle,estado,telefono,salario,rfc,entrada,salida,numeropacientes) VALUES ('BHFI790436WNCKFBB0','Dion','Wabey','Josham','33','27015','Maryland','Chiapas','9341015732',33828,'OIGP714972R5T','13:00','21:00',1);
INSERT INTO veterinario(curp,nombre,apellidoPaterno,apellidoMaterno,numero,codigoPostal,calle,estado,telefono,salario,rfc,entrada,salida,numeropacientes) VALUES ('IZMP514941RNHMRMH6','Lea','Ludlow','Danett','067','06796','Magdeline','Puebla','7869730032',35492,'DSCD578200DHB','20:00','04:00',5);
INSERT INTO veterinario(curp,nombre,apellidoPaterno,apellidoMaterno,numero,codigoPostal,calle,estado,telefono,salario,rfc,entrada,salida,numeropacientes) VALUES ('OAHK285400DRWWHBI9','Estrellita','Morten','Gaymer','948','44537','Warrior','Guanajuato','4459871095',40793,'LGLX416492QCS','17:00','01:00',4);
INSERT INTO veterinario(curp,nombre,apellidoPaterno,apellidoMaterno,numero,codigoPostal,calle,estado,telefono,salario,rfc,entrada,salida,numeropacientes) VALUES ('YEXY438087HAKMHUL7','Lemmy','Criag','Cocksedge','322','15121','New Castle','San Luis Potosi','4715185517',45513,'YVQZ6536161HL','19:00','03:00',0);
INSERT INTO veterinario(curp,nombre,apellidoPaterno,apellidoMaterno,numero,codigoPostal,calle,estado,telefono,salario,rfc,entrada,salida,numeropacientes) VALUES ('RVNN920869TAQSOB47','Manda','Muzzullo','Durkin','7806','79032','Alpine','Jalisco','7923921401',41986,'DOXA527607KN3','17:00','01:00',1);
INSERT INTO veterinario(curp,nombre,apellidoPaterno,apellidoMaterno,numero,codigoPostal,calle,estado,telefono,salario,rfc,entrada,salida,numeropacientes) VALUES ('DOFT514177ANVZCA02','Ibrahim','Palfery','Skipp','63','92990','Evergreen','Hidalgo','7256335977',44620,'VBQH683871EC2','15:00','23:00',2);
INSERT INTO veterinario(curp,nombre,apellidoPaterno,apellidoMaterno,numero,codigoPostal,calle,estado,telefono,salario,rfc,entrada,salida,numeropacientes) VALUES ('IUPD738379RABGTRK6','Ingar','Dinsale','Waumsley','32143','70467','Dwight','Guanajuato','7279231996',39711,'JYWU339718VIL','17:00','01:00',2);
INSERT INTO veterinario(curp,nombre,apellidoPaterno,apellidoMaterno,numero,codigoPostal,calle,estado,telefono,salario,rfc,entrada,salida,numeropacientes) VALUES ('LJTK374147RNSUGVS6','Fina','Hassey','Parnby','41','92232','Debs','Nayarit','5809081281',38571,'MEHH2635531FH','19:00','03:00',1);
INSERT INTO veterinario(curp,nombre,apellidoPaterno,apellidoMaterno,numero,codigoPostal,calle,estado,telefono,salario,rfc,entrada,salida,numeropacientes) VALUES ('IRPQ670683MXVONMF4','Fredelia','Folker','McCrann','383','74147','Washington','Chiapas','8279378460',34702,'ESHA923490ZUZ','21:00','05:00',3);
INSERT INTO veterinario(curp,nombre,apellidoPaterno,apellidoMaterno,numero,codigoPostal,calle,estado,telefono,salario,rfc,entrada,salida,numeropacientes) VALUES ('ESBY100087QBWNZJ78','Jeffie','Warlaw','Round','4','61739','Emmet','Sinaloa','2188541256',42648,'CSWX1060147GH','22:00','06:00',3);
-- 	}}}


--- Estilista 	{{{
INSERT INTO estilista(curp,nombre,apellidoPaterno,apellidoMaterno,numero,codigoPostal,calle,estado,telefono,salario,certificado) VALUES ('OFWJ288665JVWQRBO4','Filmer','Kunzelmann','Clows','50','49991','Hazelcrest','Ciudad de México','3356143258',38879,'96637571');
INSERT INTO estilista(curp,nombre,apellidoPaterno,apellidoMaterno,numero,codigoPostal,calle,estado,telefono,salario,certificado) VALUES ('OCEF659475AQJPAWG4','Eugenio','Scandrett','Christofe','627','65858','Pearson','Jalisco','7888110994',45122,'37402030');
INSERT INTO estilista(curp,nombre,apellidoPaterno,apellidoMaterno,numero,codigoPostal,calle,estado,telefono,salario,certificado) VALUES ('TYKB293725RNCDQQ92','Shell','Elden','Measor','0','37615','Huxley','Nuevo Leon','1499369812',33932,'03418992');
INSERT INTO estilista(curp,nombre,apellidoPaterno,apellidoMaterno,numero,codigoPostal,calle,estado,telefono,salario,certificado) VALUES ('GXOQ855319VVQWVKT7','Wells','Petrushkevich','Coomber','65','61326','Miller','Hidalgo','3415189613',37551,'81312529');
INSERT INTO estilista(curp,nombre,apellidoPaterno,apellidoMaterno,numero,codigoPostal,calle,estado,telefono,salario,certificado) VALUES ('IAWU024287EXOPZW71','Rossy','Filipov','Mosedall','6699','49869','Messerschmidt','Guanajuato','2977153950',30780,'57962085');
INSERT INTO estilista(curp,nombre,apellidoPaterno,apellidoMaterno,numero,codigoPostal,calle,estado,telefono,salario,certificado) VALUES ('YWTO921592JJVDPJE9','Tuesday','Maciaszek','Ligerton','808','79137','Harper','Quintana Roo','4153904992',37277,'34402150');
INSERT INTO estilista(curp,nombre,apellidoPaterno,apellidoMaterno,numero,codigoPostal,calle,estado,telefono,salario,certificado) VALUES ('SWRR259307DSPDPKR5','Shaylynn','Douch','Gerlack','8256','53419','Lawn','Jalisco','9754725266',45277,'22621060');
INSERT INTO estilista(curp,nombre,apellidoPaterno,apellidoMaterno,numero,codigoPostal,calle,estado,telefono,salario,certificado) VALUES ('GQOV376739LGRLRMM8','Avery','Mabbutt','Kehir','190','95586','Claremont','Guerrero','9896580566',45586,'11154829');
INSERT INTO estilista(curp,nombre,apellidoPaterno,apellidoMaterno,numero,codigoPostal,calle,estado,telefono,salario,certificado) VALUES ('DQXQ753256NTBHSPX3','Arie','Cassely','Spiaggia','3579','70371','Basil','Baja California Sur','5012072979',47323,'38073586');
INSERT INTO estilista(curp,nombre,apellidoPaterno,apellidoMaterno,numero,codigoPostal,calle,estado,telefono,salario,certificado) VALUES ('MAZP826268NKHBOCO1','Allie','Headington','Dewis','40013','81569','Pearson','Ciudad de México','2204113879',42487,'42658017');
INSERT INTO estilista(curp,nombre,apellidoPaterno,apellidoMaterno,numero,codigoPostal,calle,estado,telefono,salario,certificado) VALUES ('UQOO341278IDBFPF37','Osbourn','April','Esom','4407','56996','Oneill','Durango','4369949374',31758,'12816715');
INSERT INTO estilista(curp,nombre,apellidoPaterno,apellidoMaterno,numero,codigoPostal,calle,estado,telefono,salario,certificado) VALUES ('ITSP270052BDGCRI31','Marty','Chieze','Tewkesbury','13803','78418','Continental','Sinaloa','1361977201',33939,'52079025');
INSERT INTO estilista(curp,nombre,apellidoPaterno,apellidoMaterno,numero,codigoPostal,calle,estado,telefono,salario,certificado) VALUES ('MLXZ854763MJVDMFB4','Julian','Prujean','Hourican','55680','08036','Mesta','Guanajuato','2434522585',44480,'44989505');
INSERT INTO estilista(curp,nombre,apellidoPaterno,apellidoMaterno,numero,codigoPostal,calle,estado,telefono,salario,certificado) VALUES ('IAMG608557LHOQTCI7','Gisele','Rittmeier','Yakuntsov','9264','70163','1st','Morelos','5129393017',49727,'30946333');
INSERT INTO estilista(curp,nombre,apellidoPaterno,apellidoMaterno,numero,codigoPostal,calle,estado,telefono,salario,certificado) VALUES ('BMHM326085HEVZBCZ3','Lisa','Wisdish','Mounce','99446','64618','Grasskamp','Chihuahua','2894298011',33311,'39168783');
INSERT INTO estilista(curp,nombre,apellidoPaterno,apellidoMaterno,numero,codigoPostal,calle,estado,telefono,salario,certificado) VALUES ('ACQJ184595SUUQIQP6','Cletus','Ashley','Emptage','8793','37408','Holy Cross','Baja California','7328733711',38208,'59444103');
INSERT INTO estilista(curp,nombre,apellidoPaterno,apellidoMaterno,numero,codigoPostal,calle,estado,telefono,salario,certificado) VALUES ('DDOP470479UTAPREY7','Susan','Antuk','Pavic','09','08631','Heffernan','Sonora','4253767211',34647,'67492535');
INSERT INTO estilista(curp,nombre,apellidoPaterno,apellidoMaterno,numero,codigoPostal,calle,estado,telefono,salario,certificado) VALUES ('SEHA559633AMBLEZN7','Nessi','Rosenhaupt','Sollon','9579','86303','Armistice','Hidalgo','5267012980',32661,'51832412');
INSERT INTO estilista(curp,nombre,apellidoPaterno,apellidoMaterno,numero,codigoPostal,calle,estado,telefono,salario,certificado) VALUES ('MGDX817399DMDMYNW1','Wanda','Hackford','Silbert','89','71884','Mayfield','Puebla','6821075406',45028,'60834371');
INSERT INTO estilista(curp,nombre,apellidoPaterno,apellidoMaterno,numero,codigoPostal,calle,estado,telefono,salario,certificado) VALUES ('WTSR071977LKFGSH91','Maurizia','Collins','Androli','13','59300','Steensland','Nayarit','6062352388',45180,'63691470');
INSERT INTO estilista(curp,nombre,apellidoPaterno,apellidoMaterno,numero,codigoPostal,calle,estado,telefono,salario,certificado) VALUES ('YTXQ865947ULSPCDO0','Eolande','Handman','Clougher','4','86032','Derek','Veracruz de Ignacio de la Llave','9376300244',44388,'87430580');
INSERT INTO estilista(curp,nombre,apellidoPaterno,apellidoMaterno,numero,codigoPostal,calle,estado,telefono,salario,certificado) VALUES ('BLAJ813286YIYMUO85','Anabella','Bladon','Indge','585','09978','Eastwood','Oaxaca','9768557555',39748,'33947700');
INSERT INTO estilista(curp,nombre,apellidoPaterno,apellidoMaterno,numero,codigoPostal,calle,estado,telefono,salario,certificado) VALUES ('QMAA590698GIMFTN61','Paige','Chue','McNelly','20568','63328','Parkside','Queretaro','5936984111',30495,'64711557');
INSERT INTO estilista(curp,nombre,apellidoPaterno,apellidoMaterno,numero,codigoPostal,calle,estado,telefono,salario,certificado) VALUES ('GBAA071088VGUXBGL1','Gino','Robinett','Spollen','54','11999','North','Colima','8206452187',34418,'47344016');
INSERT INTO estilista(curp,nombre,apellidoPaterno,apellidoMaterno,numero,codigoPostal,calle,estado,telefono,salario,certificado) VALUES ('VYPM879020ZVWSAX98','Kimble','Bracer','Giorgetti','0210','81863','Warbler','Baja California','7431434575',34306,'12338133');
INSERT INTO estilista(curp,nombre,apellidoPaterno,apellidoMaterno,numero,codigoPostal,calle,estado,telefono,salario,certificado) VALUES ('CHOO353733ZSRSRYF9','Alberta','Bransgrove','James','6942','49475','Dawn','Puebla','9372824889',34377,'27262660');
INSERT INTO estilista(curp,nombre,apellidoPaterno,apellidoMaterno,numero,codigoPostal,calle,estado,telefono,salario,certificado) VALUES ('FPNY684615YCOEQYD4','Brucie','Vanne','Taaffe','1710','80643','Blaine','Veracruz de Ignacio de la Llave','3437883607',42531,'72556583');
INSERT INTO estilista(curp,nombre,apellidoPaterno,apellidoMaterno,numero,codigoPostal,calle,estado,telefono,salario,certificado) VALUES ('BMKN337144TKYNTAD9','Nelson','Olney','Townsend','1','56742','Coolidge','Yucatan','9195772528',48641,'77809911');
INSERT INTO estilista(curp,nombre,apellidoPaterno,apellidoMaterno,numero,codigoPostal,calle,estado,telefono,salario,certificado) VALUES ('YGTG996480AHVSXUO7','Timmi','Kenwin','Allbon','2','78951','Jenna','Campeche','6774929664',42184,'76130079');
INSERT INTO estilista(curp,nombre,apellidoPaterno,apellidoMaterno,numero,codigoPostal,calle,estado,telefono,salario,certificado) VALUES ('BWMI958277FFQLVNO3','Nancee','Byllam','Abrashkov','2','31257','Tomscot','Veracruz de Ignacio de la Llave','7917326929',49716,'79496696');
INSERT INTO estilista(curp,nombre,apellidoPaterno,apellidoMaterno,numero,codigoPostal,calle,estado,telefono,salario,certificado) VALUES ('DBUL394538FFZFIMM3','Ivonne','Wilcot','Gillibrand','9284','92051','Reindahl','Sonora','7494243926',49806,'82511490');
INSERT INTO estilista(curp,nombre,apellidoPaterno,apellidoMaterno,numero,codigoPostal,calle,estado,telefono,salario,certificado) VALUES ('CVIH990815PNIUEB94','Chiquia','Zambon','Tidmas','36','75463','Golf','Ciudad de México','2706196575',37988,'20156815');
INSERT INTO estilista(curp,nombre,apellidoPaterno,apellidoMaterno,numero,codigoPostal,calle,estado,telefono,salario,certificado) VALUES ('MCJL342533UAICLHP9','Addie','Gainsburgh','Hale','83568','44557','Eastwood','Oaxaca','1811031629',36662,'76353926');
INSERT INTO estilista(curp,nombre,apellidoPaterno,apellidoMaterno,numero,codigoPostal,calle,estado,telefono,salario,certificado) VALUES ('CXIZ860782GXZTJDZ9','Edyth','Ipsly','Vodden','7','42516','Londonderry','Veracruz de Ignacio de la Llave','6389628793',42427,'38904951');
INSERT INTO estilista(curp,nombre,apellidoPaterno,apellidoMaterno,numero,codigoPostal,calle,estado,telefono,salario,certificado) VALUES ('TPEB737736CPPUNNJ0','Dorolisa','Radbond','Ander','96','40830','Crest Line','Michoacán','9082914893',44778,'66892607');
INSERT INTO estilista(curp,nombre,apellidoPaterno,apellidoMaterno,numero,codigoPostal,calle,estado,telefono,salario,certificado) VALUES ('OXDZ347118EZIUTPA9','Ardyce','Speir','Scrimshaw','89','17252','Thackeray','Colima','2106511631',43047,'41979893');
INSERT INTO estilista(curp,nombre,apellidoPaterno,apellidoMaterno,numero,codigoPostal,calle,estado,telefono,salario,certificado) VALUES ('RSYG093686ZQNDINP5','Verla','Munroe','Fussell','33373','37127','8th','Puebla','6171129399',44069,'54803859');
INSERT INTO estilista(curp,nombre,apellidoPaterno,apellidoMaterno,numero,codigoPostal,calle,estado,telefono,salario,certificado) VALUES ('QREE445379YOQMXGW5','Ara','Farnall','Shoebottom','24','08959','Banding','Sonora','7605762892',39231,'75122113');
INSERT INTO estilista(curp,nombre,apellidoPaterno,apellidoMaterno,numero,codigoPostal,calle,estado,telefono,salario,certificado) VALUES ('NHCI447484MKDDGMR3','Gene','Tidmas','Kyllford','85223','15703','Schurz','Chihuahua','9417225268',47499,'20919241');
INSERT INTO estilista(curp,nombre,apellidoPaterno,apellidoMaterno,numero,codigoPostal,calle,estado,telefono,salario,certificado) VALUES ('FWCZ822471BGNZQF91','Colan','Muldoon','Lympany','40963','13656','Fair Oaks','Baja California Sur','4137354485',34555,'29937978');
INSERT INTO estilista(curp,nombre,apellidoPaterno,apellidoMaterno,numero,codigoPostal,calle,estado,telefono,salario,certificado) VALUES ('SGQE149957WRUIBHQ6','Vernon','Errol','Oake','6367','26732','Sullivan','Guerrero','6968183455',46753,'90596323');
INSERT INTO estilista(curp,nombre,apellidoPaterno,apellidoMaterno,numero,codigoPostal,calle,estado,telefono,salario,certificado) VALUES ('GXLB701084AJBFCAV4','Noble','Coils','Dumphry','6516','74524','Cordelia','Tamaulipas','6323390930',46548,'80481541');
INSERT INTO estilista(curp,nombre,apellidoPaterno,apellidoMaterno,numero,codigoPostal,calle,estado,telefono,salario,certificado) VALUES ('YFGL495513EHEXSKL2','Xylina','Barkess','Pudsey','5404','87350','American','Chihuahua','2448174936',34356,'06045100');
INSERT INTO estilista(curp,nombre,apellidoPaterno,apellidoMaterno,numero,codigoPostal,calle,estado,telefono,salario,certificado) VALUES ('ECPA458661NXVYEHT5','Clerkclaude','Franke','Sabater','7','17240','Stone Corner','Michoacán','3874625084',35590,'68559250');
INSERT INTO estilista(curp,nombre,apellidoPaterno,apellidoMaterno,numero,codigoPostal,calle,estado,telefono,salario,certificado) VALUES ('BBYO931255TBDGGBX1','Brandon','Dome','Trimmell','64802','76332','Spaight','San Luis Potosi','8247266840',30303,'71193690');
INSERT INTO estilista(curp,nombre,apellidoPaterno,apellidoMaterno,numero,codigoPostal,calle,estado,telefono,salario,certificado) VALUES ('VQSQ572837SPNFLIJ1','Nari','Craufurd','Cannaway','9144','50924','Birchwood','Chihuahua','1903627044',44550,'22829172');
INSERT INTO estilista(curp,nombre,apellidoPaterno,apellidoMaterno,numero,codigoPostal,calle,estado,telefono,salario,certificado) VALUES ('MSFN398916ZTJRTMN2','Brnaba','Kittow','Coper','12','49692','Anzinger','Chihuahua','8336019163',38904,'66206940');
INSERT INTO estilista(curp,nombre,apellidoPaterno,apellidoMaterno,numero,codigoPostal,calle,estado,telefono,salario,certificado) VALUES ('RVVG697746LGAXQZF6','Albertina','Scurlock','Dundridge','1','24772','Rockefeller','Nayarit','5829289153',31724,'21420300');
INSERT INTO estilista(curp,nombre,apellidoPaterno,apellidoMaterno,numero,codigoPostal,calle,estado,telefono,salario,certificado) VALUES ('EDKU408441UESNWSB3','Ali','Swepson','Ceillier','847','71938','Mandrake','San Luis Potosi','1099998043',33528,'01050116');
INSERT INTO estilista(curp,nombre,apellidoPaterno,apellidoMaterno,numero,codigoPostal,calle,estado,telefono,salario,certificado) VALUES ('SVDV980591EIVNMXT9','Missy','Roly','Radbourne','1513','21259','8th','Sonora','9532414857',33172,'44062628');
INSERT INTO estilista(curp,nombre,apellidoPaterno,apellidoMaterno,numero,codigoPostal,calle,estado,telefono,salario,certificado) VALUES ('ZWYX957022PPFLYF44','Biddy','Ewebank','Firbanks','620','00403','Banding','Nuevo Leon','5763475307',34702,'91590773');
INSERT INTO estilista(curp,nombre,apellidoPaterno,apellidoMaterno,numero,codigoPostal,calle,estado,telefono,salario,certificado) VALUES ('OTSK893630KLGCCHG8','Orlan','Corradini','De Paoli','297','48693','Clarendon','Sonora','4957155312',30908,'44107852');
INSERT INTO estilista(curp,nombre,apellidoPaterno,apellidoMaterno,numero,codigoPostal,calle,estado,telefono,salario,certificado) VALUES ('JPTK679606EFLFTD68','Devlen','Swannick','Foxhall','194','36287','Straubel','Tamaulipas','4797714660',42146,'21810336');
INSERT INTO estilista(curp,nombre,apellidoPaterno,apellidoMaterno,numero,codigoPostal,calle,estado,telefono,salario,certificado) VALUES ('RQIW607461FMRZRI54','Aurilia','Hellin','Holde','1009','10163','Laurel','Nayarit','4528311844',34050,'59644346');
INSERT INTO estilista(curp,nombre,apellidoPaterno,apellidoMaterno,numero,codigoPostal,calle,estado,telefono,salario,certificado) VALUES ('GUHT814155LQFNISQ6','Royce','Shoemark','Culley','36592','41655','4th','Quintana Roo','8272914919',46467,'77809211');
INSERT INTO estilista(curp,nombre,apellidoPaterno,apellidoMaterno,numero,codigoPostal,calle,estado,telefono,salario,certificado) VALUES ('HSTV142761VFDEAYM5','Ashlan','O''Hdirscoll','Gwilliams','2','74539','Dottie','Puebla','1418955622',34502,'50423935');
INSERT INTO estilista(curp,nombre,apellidoPaterno,apellidoMaterno,numero,codigoPostal,calle,estado,telefono,salario,certificado) VALUES ('DUVG267552QLUXGDC3','Hesther','Gibbins','Sheber','32','90308','Chinook','Yucatan','7199013386',44111,'74476792');
INSERT INTO estilista(curp,nombre,apellidoPaterno,apellidoMaterno,numero,codigoPostal,calle,estado,telefono,salario,certificado) VALUES ('WAWU388447KKLVNPQ5','Winne','Reddan','Dullaghan','6','18770','5th','Morelos','8831463114',37428,'83557124');
INSERT INTO estilista(curp,nombre,apellidoPaterno,apellidoMaterno,numero,codigoPostal,calle,estado,telefono,salario,certificado) VALUES ('UJOC651650QKNPVSJ6','Kristina','Moodey','Farncombe','96','32924','Service','Yucatan','5273615724',33971,'31538189');
INSERT INTO estilista(curp,nombre,apellidoPaterno,apellidoMaterno,numero,codigoPostal,calle,estado,telefono,salario,certificado) VALUES ('NWWB123195BUYBTX41','Roslyn','McKim','Starmont','152','03211','Muir','Jalisco','1887425969',30918,'86380004');
INSERT INTO estilista(curp,nombre,apellidoPaterno,apellidoMaterno,numero,codigoPostal,calle,estado,telefono,salario,certificado) VALUES ('GSFC143724UMPHFM82','Royce','Schohier','Boothman','543','91186','Westend','Jalisco','6783867863',31445,'97454928');
INSERT INTO estilista(curp,nombre,apellidoPaterno,apellidoMaterno,numero,codigoPostal,calle,estado,telefono,salario,certificado) VALUES ('UOKE128947WNMXFTV4','Buffy','McLleese','Davidde','92','12378','Fair Oaks','Michoacán','6363407226',49883,'60996746');
INSERT INTO estilista(curp,nombre,apellidoPaterno,apellidoMaterno,numero,codigoPostal,calle,estado,telefono,salario,certificado) VALUES ('FCPY821964ZUAXTVA9','Boycey','Lambrick','Audibert','4009','23301','Pierstorff','Chihuahua','5972034475',42093,'71509382');
INSERT INTO estilista(curp,nombre,apellidoPaterno,apellidoMaterno,numero,codigoPostal,calle,estado,telefono,salario,certificado) VALUES ('BGHY613345WCRTJVN7','Chrotoem','O''Dunniom','Ferier','76','16383','Portage','Colima','1047898711',35843,'93233046');
INSERT INTO estilista(curp,nombre,apellidoPaterno,apellidoMaterno,numero,codigoPostal,calle,estado,telefono,salario,certificado) VALUES ('GSNC135882OKXFWVE3','Cord','Kingerby','Whittlesee','3','16509','Riverside','Guanajuato','8897061546',46011,'95026004');
INSERT INTO estilista(curp,nombre,apellidoPaterno,apellidoMaterno,numero,codigoPostal,calle,estado,telefono,salario,certificado) VALUES ('IWUA125673QFLAUTV0','Allianora','Flint','McArthur','523','60171','Monterey','Chiapas','5339353363',30466,'25675220');
INSERT INTO estilista(curp,nombre,apellidoPaterno,apellidoMaterno,numero,codigoPostal,calle,estado,telefono,salario,certificado) VALUES ('IYLH607488JIHGPPJ7','Anthia','Redmile','Cuseick','1','36987','Melrose','Oaxaca','8383187627',33544,'98564296');
INSERT INTO estilista(curp,nombre,apellidoPaterno,apellidoMaterno,numero,codigoPostal,calle,estado,telefono,salario,certificado) VALUES ('JSBX272961EGNLMY32','Terry','McKue','Willett','04662','57013','Meadow Vale','Sonora','1083475612',33528,'16995181');
INSERT INTO estilista(curp,nombre,apellidoPaterno,apellidoMaterno,numero,codigoPostal,calle,estado,telefono,salario,certificado) VALUES ('HIXS745486QNTBOXS2','Krissy','Chifney','Issatt','1261','03419','Petterle','Morelos','6348283662',31290,'61743901');
INSERT INTO estilista(curp,nombre,apellidoPaterno,apellidoMaterno,numero,codigoPostal,calle,estado,telefono,salario,certificado) VALUES ('MYMD542935NULOAFN9','Dayna','Franseco','Shafe','89466','97631','Carpenter','Coahuila de Zaragoza','6241952778',41018,'39880503');
INSERT INTO estilista(curp,nombre,apellidoPaterno,apellidoMaterno,numero,codigoPostal,calle,estado,telefono,salario,certificado) VALUES ('NEUM485493GIULKN28','Angelle','Darnell','Kordovani','68','07057','Talisman','Campeche','6354709859',45617,'40402345');
INSERT INTO estilista(curp,nombre,apellidoPaterno,apellidoMaterno,numero,codigoPostal,calle,estado,telefono,salario,certificado) VALUES ('PEVI724865OMDOUB71','Gussie','Wooler','Powlesland','8052','30124','Farmco','México','2564835751',47747,'48996453');
INSERT INTO estilista(curp,nombre,apellidoPaterno,apellidoMaterno,numero,codigoPostal,calle,estado,telefono,salario,certificado) VALUES ('VFJC662394HCOFUZV0','Amalie','Matusson','Lampl','51858','61085','Mitchell','Queretaro','8878357864',30314,'26950105');
INSERT INTO estilista(curp,nombre,apellidoPaterno,apellidoMaterno,numero,codigoPostal,calle,estado,telefono,salario,certificado) VALUES ('XGTD139664MUFYTAB7','Sebastian','Hackinge','MacLleese','282','71848','Dahle','Veracruz de Ignacio de la Llave','5956349513',32669,'36565855');
INSERT INTO estilista(curp,nombre,apellidoPaterno,apellidoMaterno,numero,codigoPostal,calle,estado,telefono,salario,certificado) VALUES ('TINM403324QANOFHB7','Palmer','Gammon','Berends','4139','27809','Bunker Hill','Veracruz de Ignacio de la Llave','6615582702',39182,'12605528');
INSERT INTO estilista(curp,nombre,apellidoPaterno,apellidoMaterno,numero,codigoPostal,calle,estado,telefono,salario,certificado) VALUES ('HQIS867421RBLDMXO5','Anjanette','Pauli','Gierth','802','19153','John Wall','Nayarit','9898380066',40579,'45999098');
INSERT INTO estilista(curp,nombre,apellidoPaterno,apellidoMaterno,numero,codigoPostal,calle,estado,telefono,salario,certificado) VALUES ('XIZE744532AXVUUKQ5','Rochester','Malatalant','Crossingham','940','35780','Vidon','Aguascalientes','7521307860',46073,'31796760');
INSERT INTO estilista(curp,nombre,apellidoPaterno,apellidoMaterno,numero,codigoPostal,calle,estado,telefono,salario,certificado) VALUES ('XPGU325798QYRCVSY4','Amalea','De La Coste','Fitzjohn','26','37425','Valley Edge','Quintana Roo','4034726257',38186,'79286586');
INSERT INTO estilista(curp,nombre,apellidoPaterno,apellidoMaterno,numero,codigoPostal,calle,estado,telefono,salario,certificado) VALUES ('ALBF667849FJDRSH58','Sunny','Ulster','Venneur','1','80109','Ridgeview','Quintana Roo','5242720201',38243,'99547070');
INSERT INTO estilista(curp,nombre,apellidoPaterno,apellidoMaterno,numero,codigoPostal,calle,estado,telefono,salario,certificado) VALUES ('KHWJ831358XTVQUCN3','Neilla','Pendleton','Drewery','8298','13873','Jana','Baja California Sur','4376768092',36333,'34227965');
INSERT INTO estilista(curp,nombre,apellidoPaterno,apellidoMaterno,numero,codigoPostal,calle,estado,telefono,salario,certificado) VALUES ('EIZO717418XAWHSAR1','Raf','Nelthorp','Philipeaux','11','60268','Village','Zacatecas','4564794069',39162,'89176872');
INSERT INTO estilista(curp,nombre,apellidoPaterno,apellidoMaterno,numero,codigoPostal,calle,estado,telefono,salario,certificado) VALUES ('DBXA207666CTKFLHZ8','Jody','Voase','Wetton','61741','53998','Granby','Morelos','7571287560',46871,'20622229');
INSERT INTO estilista(curp,nombre,apellidoPaterno,apellidoMaterno,numero,codigoPostal,calle,estado,telefono,salario,certificado) VALUES ('MZHW100134JJGOEX73','Johan','Raycroft','Greated','70','49465','Schmedeman','Guanajuato','9768449908',43511,'43341808');
INSERT INTO estilista(curp,nombre,apellidoPaterno,apellidoMaterno,numero,codigoPostal,calle,estado,telefono,salario,certificado) VALUES ('HYZR353519ZQLCEE82','Gaynor','Basire','Limbert','915','08182','Eggendart','Aguascalientes','4681840597',39057,'77495817');
INSERT INTO estilista(curp,nombre,apellidoPaterno,apellidoMaterno,numero,codigoPostal,calle,estado,telefono,salario,certificado) VALUES ('KHBG962159ITNFGZ70','Eugine','Whitmarsh','McDarmid','6','43680','Randy','Morelos','1804216749',48937,'53197607');
INSERT INTO estilista(curp,nombre,apellidoPaterno,apellidoMaterno,numero,codigoPostal,calle,estado,telefono,salario,certificado) VALUES ('EJLE650083JKPUCSV5','Sherm','Ioan','Clarycott','518','72511','Starling','México','3015834122',42313,'09879979');
INSERT INTO estilista(curp,nombre,apellidoPaterno,apellidoMaterno,numero,codigoPostal,calle,estado,telefono,salario,certificado) VALUES ('KCYM677694UXRSWJ36','Elset','Mahoney','Trodd','8271','58735','American Ash','Tabasco','7922327082',38812,'27684364');
INSERT INTO estilista(curp,nombre,apellidoPaterno,apellidoMaterno,numero,codigoPostal,calle,estado,telefono,salario,certificado) VALUES ('WYRA606183TGPSGV28','Gay','Gilderoy','Chawner','8','20248','Moose','Tlaxcala','8108096984',38444,'75240619');
INSERT INTO estilista(curp,nombre,apellidoPaterno,apellidoMaterno,numero,codigoPostal,calle,estado,telefono,salario,certificado) VALUES ('NXUD184845DGEIJZ10','Rubia','Whetland','Bugge','069','81652','Southridge','Jalisco','7936892620',32744,'08849579');
INSERT INTO estilista(curp,nombre,apellidoPaterno,apellidoMaterno,numero,codigoPostal,calle,estado,telefono,salario,certificado) VALUES ('XFQB160085PQBPRFZ3','Lionel','Eastman','Matthaus','1','52630','Melby','Guanajuato','4822677597',36658,'88178296');
INSERT INTO estilista(curp,nombre,apellidoPaterno,apellidoMaterno,numero,codigoPostal,calle,estado,telefono,salario,certificado) VALUES ('EUHO822656DDDYCKO8','Karrie','Laydel','Thamelt','8280','71070','Rigney','Hidalgo','5438239187',38950,'51085893');
INSERT INTO estilista(curp,nombre,apellidoPaterno,apellidoMaterno,numero,codigoPostal,calle,estado,telefono,salario,certificado) VALUES ('XJRR737957FNYSPPK5','Jarrett','Pendrill','Gabrieli','4833','97242','Hanover','San Luis Potosi','9892587091',31307,'14177345');
INSERT INTO estilista(curp,nombre,apellidoPaterno,apellidoMaterno,numero,codigoPostal,calle,estado,telefono,salario,certificado) VALUES ('ONDG802526RWFUMW05','Augusta','Pawelec','Scopham','40','80615','Morningstar','Baja California','6933726774',35482,'44183208');
INSERT INTO estilista(curp,nombre,apellidoPaterno,apellidoMaterno,numero,codigoPostal,calle,estado,telefono,salario,certificado) VALUES ('MPBT867222UERQGZB0','Rheba','Inkpen','Serrier','77847','27899','Thackeray','Ciudad de México','3351364369',36159,'22571867');
INSERT INTO estilista(curp,nombre,apellidoPaterno,apellidoMaterno,numero,codigoPostal,calle,estado,telefono,salario,certificado) VALUES ('ZCIV974366GQGRJSX9','Gerick','Attenbrough','Ivantsov','94224','12800','Ridge Oak','Tabasco','8346040584',42033,'81302494');
INSERT INTO estilista(curp,nombre,apellidoPaterno,apellidoMaterno,numero,codigoPostal,calle,estado,telefono,salario,certificado) VALUES ('BXTA324085MPNMVF14','Lem','Tabrett','Antliff','56465','71321','Sutherland','Michoacán','3879665028',37253,'97050433');
INSERT INTO estilista(curp,nombre,apellidoPaterno,apellidoMaterno,numero,codigoPostal,calle,estado,telefono,salario,certificado) VALUES ('GZFN097559OUGPQLP8','Hendrika','Patters','Kroll','9663','34206','Roxbury','Tlaxcala','7327144594',32860,'96513568');
INSERT INTO estilista(curp,nombre,apellidoPaterno,apellidoMaterno,numero,codigoPostal,calle,estado,telefono,salario,certificado) VALUES ('ITCW312168RICYXO43','Siffre','Elcoat','Lowth','46299','81033','Dovetail','Tabasco','5454129514',39482,'13515086');
INSERT INTO estilista(curp,nombre,apellidoPaterno,apellidoMaterno,numero,codigoPostal,calle,estado,telefono,salario,certificado) VALUES ('ZHJO450009VFLTRS07','Jeannette','Cumbes','Dodman','847','00913','Redwing','Baja California Sur','8304440974',44813,'97304286');
INSERT INTO estilista(curp,nombre,apellidoPaterno,apellidoMaterno,numero,codigoPostal,calle,estado,telefono,salario,certificado) VALUES ('HTZF140562ZQFJJWD6','Elvira','Conrard','Heake','0','86606','Forster','Campeche','8504125631',41051,'56272725');
-- 	}}}


--- TelefonoSupervisor 	{{{
INSERT INTO telefonoSupervisor(curp,telefono) VALUES ('DARR172627NFYVCVD9','5616723610');
INSERT INTO telefonoSupervisor(curp,telefono) VALUES ('WIEL535446VMFHGLX8','7495268335');
INSERT INTO telefonoSupervisor(curp,telefono) VALUES ('WLJG400198ZKKDEQJ3','9763292994');
INSERT INTO telefonoSupervisor(curp,telefono) VALUES ('OUCO513027XPPQJEK9','1282916917');
INSERT INTO telefonoSupervisor(curp,telefono) VALUES ('DLRO372012VJKZHGL7','4194597781');
INSERT INTO telefonoSupervisor(curp,telefono) VALUES ('EAES324158NPWOYWP9','3406339253');
INSERT INTO telefonoSupervisor(curp,telefono) VALUES ('PLBQ610067AXPYGPT6','6353521127');
INSERT INTO telefonoSupervisor(curp,telefono) VALUES ('BAJR888678LILLSPB9','8067478486');
INSERT INTO telefonoSupervisor(curp,telefono) VALUES ('LXBZ971959JCULEOU7','2176397384');
INSERT INTO telefonoSupervisor(curp,telefono) VALUES ('RHMT951452EUSRFCU3','8292274387');
INSERT INTO telefonoSupervisor(curp,telefono) VALUES ('OLHB302215JAFEHV28','2099504668');
INSERT INTO telefonoSupervisor(curp,telefono) VALUES ('LCLV334656NJZMCP10','6374459355');
INSERT INTO telefonoSupervisor(curp,telefono) VALUES ('SVKO323270CXDQGZX6','7528951511');
INSERT INTO telefonoSupervisor(curp,telefono) VALUES ('IEIL758510URQQVB88','7956368787');
INSERT INTO telefonoSupervisor(curp,telefono) VALUES ('CYYA516113GYDVNSN2','7619293904');
INSERT INTO telefonoSupervisor(curp,telefono) VALUES ('OFVA084232IAQAMJN0','7094057555');
INSERT INTO telefonoSupervisor(curp,telefono) VALUES ('KCLQ360767RSIWHBG1','6492039035');
INSERT INTO telefonoSupervisor(curp,telefono) VALUES ('KNNB583819CRYCNRQ7','3199787977');
INSERT INTO telefonoSupervisor(curp,telefono) VALUES ('URUF597101ONKSGRZ7','6552432700');
INSERT INTO telefonoSupervisor(curp,telefono) VALUES ('JBPG262413VRGMEWQ5','9158192786');
INSERT INTO telefonoSupervisor(curp,telefono) VALUES ('AVFH070555VSJIOZ95','4931503733');
INSERT INTO telefonoSupervisor(curp,telefono) VALUES ('XMNZ215133YAJHSP57','9467863411');
INSERT INTO telefonoSupervisor(curp,telefono) VALUES ('UEFW386551UPLNUWY6','9325057296');
INSERT INTO telefonoSupervisor(curp,telefono) VALUES ('ELOH413372BCZWMWL5','2027291671');
INSERT INTO telefonoSupervisor(curp,telefono) VALUES ('OCTE311365ULZAVUI5','3775193952');
INSERT INTO telefonoSupervisor(curp,telefono) VALUES ('TXXX793352BKMRAM95','3183430190');
INSERT INTO telefonoSupervisor(curp,telefono) VALUES ('UISX647276OEPIJM41','2946298377');
INSERT INTO telefonoSupervisor(curp,telefono) VALUES ('HOGF030683CZDMFFH3','3895991412');
INSERT INTO telefonoSupervisor(curp,telefono) VALUES ('HIWO753752JIPAFYG3','8604324101');
INSERT INTO telefonoSupervisor(curp,telefono) VALUES ('NIPO057183PCQUBNL1','7912625881');
INSERT INTO telefonoSupervisor(curp,telefono) VALUES ('LMEB137507UMHOMLG3','4945182794');
INSERT INTO telefonoSupervisor(curp,telefono) VALUES ('PFKB544101BWTUPX80','2524754039');
INSERT INTO telefonoSupervisor(curp,telefono) VALUES ('SFLK090094UUAUIZF1','3611436636');
INSERT INTO telefonoSupervisor(curp,telefono) VALUES ('SGSG798515LKQLTOT4','7381807799');
INSERT INTO telefonoSupervisor(curp,telefono) VALUES ('GZPB580540CXMTLBJ4','5532661415');
INSERT INTO telefonoSupervisor(curp,telefono) VALUES ('VHAF353992XCAUUH95','6902918541');
INSERT INTO telefonoSupervisor(curp,telefono) VALUES ('ZXAO782731IPVISOL7','8594597667');
INSERT INTO telefonoSupervisor(curp,telefono) VALUES ('QPJP656270SZXSYI14','4672638000');
INSERT INTO telefonoSupervisor(curp,telefono) VALUES ('RGLB044899UUEIMOP1','4849094750');
INSERT INTO telefonoSupervisor(curp,telefono) VALUES ('HOZR591354XVITYVM6','9252729489');
INSERT INTO telefonoSupervisor(curp,telefono) VALUES ('IBRF696614VRKWXNG9','8557810385');
INSERT INTO telefonoSupervisor(curp,telefono) VALUES ('TEJE490656ZQFYJLI2','7597247368');
INSERT INTO telefonoSupervisor(curp,telefono) VALUES ('ANQS116440WGOBJFR1','5194159509');
INSERT INTO telefonoSupervisor(curp,telefono) VALUES ('WPZC339360BAISWF99','9762222241');
INSERT INTO telefonoSupervisor(curp,telefono) VALUES ('PKHP648553AYYEYWN5','9537891858');
INSERT INTO telefonoSupervisor(curp,telefono) VALUES ('CKJP590751ZGEDKXE5','9007813003');
INSERT INTO telefonoSupervisor(curp,telefono) VALUES ('ESXZ517680IXBRYTQ9','6388178450');
INSERT INTO telefonoSupervisor(curp,telefono) VALUES ('AEXF359833XVLLYCI4','9484086791');
INSERT INTO telefonoSupervisor(curp,telefono) VALUES ('YTJW698648IAEXKHA4','7118506750');
INSERT INTO telefonoSupervisor(curp,telefono) VALUES ('JEHH259868ERBLYE83','3157503005');
INSERT INTO telefonoSupervisor(curp,telefono) VALUES ('ROCV000606AMLIRU25','1148992997');
INSERT INTO telefonoSupervisor(curp,telefono) VALUES ('LJQZ823939NWFFRTD3','9006508636');
INSERT INTO telefonoSupervisor(curp,telefono) VALUES ('IVDP812874KMESYX93','6944932215');
INSERT INTO telefonoSupervisor(curp,telefono) VALUES ('XMQF280852UTGDIER1','8044666979');
INSERT INTO telefonoSupervisor(curp,telefono) VALUES ('WYPE351148WCDSNCM8','1496594568');
INSERT INTO telefonoSupervisor(curp,telefono) VALUES ('HPEB635900VJFHPJ03','5104280791');
INSERT INTO telefonoSupervisor(curp,telefono) VALUES ('BFSE742108QUBEBFM3','4118650092');
INSERT INTO telefonoSupervisor(curp,telefono) VALUES ('EROW835040CRCXDW06','9216243809');
INSERT INTO telefonoSupervisor(curp,telefono) VALUES ('EHLE478214SHIRVEU0','7054916178');
INSERT INTO telefonoSupervisor(curp,telefono) VALUES ('KUKX529608QCTNZDW7','4147114351');
INSERT INTO telefonoSupervisor(curp,telefono) VALUES ('REOS156201YMBWBND8','8475216216');
INSERT INTO telefonoSupervisor(curp,telefono) VALUES ('VIAF688653WPEECJF5','4217010582');
INSERT INTO telefonoSupervisor(curp,telefono) VALUES ('KPKK205686XQQVFW52','5989054951');
INSERT INTO telefonoSupervisor(curp,telefono) VALUES ('AIJZ540692MRNHWPV3','4226612212');
INSERT INTO telefonoSupervisor(curp,telefono) VALUES ('CVCS401595YJMZWYD5','9844886868');
INSERT INTO telefonoSupervisor(curp,telefono) VALUES ('XKFI483904GSGFFDJ9','1118506587');
INSERT INTO telefonoSupervisor(curp,telefono) VALUES ('QDZO752596CDQLZYZ1','3447034905');
INSERT INTO telefonoSupervisor(curp,telefono) VALUES ('XXTZ259895BRUMTE14','1633180189');
INSERT INTO telefonoSupervisor(curp,telefono) VALUES ('WWDE031044KSHUHB05','6073967968');
INSERT INTO telefonoSupervisor(curp,telefono) VALUES ('YCPO640333FHVTPBO6','1996006898');
INSERT INTO telefonoSupervisor(curp,telefono) VALUES ('CIVC903384VOWVTML1','1714504684');
INSERT INTO telefonoSupervisor(curp,telefono) VALUES ('SHNY735855WCJWJUH0','7407404159');
INSERT INTO telefonoSupervisor(curp,telefono) VALUES ('FMMH784962SPELVJK5','9104211370');
INSERT INTO telefonoSupervisor(curp,telefono) VALUES ('NIJB350263PVGNHD32','9304246507');
INSERT INTO telefonoSupervisor(curp,telefono) VALUES ('QHCV947226UHFWXIS1','9241486867');
INSERT INTO telefonoSupervisor(curp,telefono) VALUES ('HUMD374595YOVAOOE1','8528523888');
INSERT INTO telefonoSupervisor(curp,telefono) VALUES ('HLUB862586IKDXWBO7','3373596308');
INSERT INTO telefonoSupervisor(curp,telefono) VALUES ('HZUD023654QTLLSWT4','8512703594');
INSERT INTO telefonoSupervisor(curp,telefono) VALUES ('NOHS167188OBQJDF89','1026079932');
INSERT INTO telefonoSupervisor(curp,telefono) VALUES ('QOQK712692AMZWJV90','4258782735');
INSERT INTO telefonoSupervisor(curp,telefono) VALUES ('CFKW351865TTJVRCQ7','8091981216');
INSERT INTO telefonoSupervisor(curp,telefono) VALUES ('QKDT955064XBVDAO71','4026865048');
INSERT INTO telefonoSupervisor(curp,telefono) VALUES ('OJKQ847658MOFUPWI2','5716002796');
INSERT INTO telefonoSupervisor(curp,telefono) VALUES ('RQFY318469XCJXAZA4','7638825810');
INSERT INTO telefonoSupervisor(curp,telefono) VALUES ('BSTA337246SWUZBPY6','4282105431');
INSERT INTO telefonoSupervisor(curp,telefono) VALUES ('MXXL045040NZWIMZK3','8966279159');
INSERT INTO telefonoSupervisor(curp,telefono) VALUES ('HZAN513088JNHRBC74','7723755027');
INSERT INTO telefonoSupervisor(curp,telefono) VALUES ('HRNO032109PAAALDB2','3098945982');
INSERT INTO telefonoSupervisor(curp,telefono) VALUES ('BTYL294673EOHSXMK8','3767034134');
INSERT INTO telefonoSupervisor(curp,telefono) VALUES ('OHQJ058017GISFPF11','3754532876');
INSERT INTO telefonoSupervisor(curp,telefono) VALUES ('WCBN714660IGNXBMR0','2227125562');
INSERT INTO telefonoSupervisor(curp,telefono) VALUES ('AINV314612XYUIBMU0','9367911765');
INSERT INTO telefonoSupervisor(curp,telefono) VALUES ('ZTWX959396FSRKHJI5','9597590926');
INSERT INTO telefonoSupervisor(curp,telefono) VALUES ('KWRK241641IEEMWXK6','4578541534');
INSERT INTO telefonoSupervisor(curp,telefono) VALUES ('ERSQ993974VNHUXRS9','8376368886');
INSERT INTO telefonoSupervisor(curp,telefono) VALUES ('TMLD430923KAHMWQB8','5405544805');
INSERT INTO telefonoSupervisor(curp,telefono) VALUES ('DVGC043029VWINAT36','3789563106');
INSERT INTO telefonoSupervisor(curp,telefono) VALUES ('ORQS642426ZBABEEH4','2841343298');
INSERT INTO telefonoSupervisor(curp,telefono) VALUES ('CAQK458573VIUEKA95','6102467706');
INSERT INTO telefonoSupervisor(curp,telefono) VALUES ('DOSH733502IUUWDP80','7049598427');
-- 	}}}


--- TelefonoVeterinario 	{{{
INSERT INTO telefonoVeterinario(curp,telefono) VALUES ('FFDV570707OJMLHQX3','7284511697');
INSERT INTO telefonoVeterinario(curp,telefono) VALUES ('OPQS702520CINYEVG3','7263758933');
INSERT INTO telefonoVeterinario(curp,telefono) VALUES ('BHMY157691BIDMLV46','9893744666');
INSERT INTO telefonoVeterinario(curp,telefono) VALUES ('EZSJ320340EGEIDKJ5','6069255794');
INSERT INTO telefonoVeterinario(curp,telefono) VALUES ('SSYV048599VDNETZU0','7532815682');
INSERT INTO telefonoVeterinario(curp,telefono) VALUES ('TRVY103203UWJAYBW7','7744091709');
INSERT INTO telefonoVeterinario(curp,telefono) VALUES ('ABSU465673REVUIBK8','7966624591');
INSERT INTO telefonoVeterinario(curp,telefono) VALUES ('DHEA416290EJFCTQ30','3984091514');
INSERT INTO telefonoVeterinario(curp,telefono) VALUES ('KCCW391804NBSPRDX2','1703276562');
INSERT INTO telefonoVeterinario(curp,telefono) VALUES ('GMQC763086DDZAHSN8','1173049183');
INSERT INTO telefonoVeterinario(curp,telefono) VALUES ('GWZL023136ZZCFKAN9','8365085420');
INSERT INTO telefonoVeterinario(curp,telefono) VALUES ('OHWN512168KYNIER16','4685333207');
INSERT INTO telefonoVeterinario(curp,telefono) VALUES ('MOEN333137DIDDHXV9','3866652925');
INSERT INTO telefonoVeterinario(curp,telefono) VALUES ('DCLS358468LLJBMNK9','2655291425');
INSERT INTO telefonoVeterinario(curp,telefono) VALUES ('QOUH005199ONEEVRS5','2792441916');
INSERT INTO telefonoVeterinario(curp,telefono) VALUES ('WBNA189335GHOIFOG8','1959437654');
INSERT INTO telefonoVeterinario(curp,telefono) VALUES ('IPZU769863JYMVHK07','2016340716');
INSERT INTO telefonoVeterinario(curp,telefono) VALUES ('YECJ368291MRXWQOZ6','5847868169');
INSERT INTO telefonoVeterinario(curp,telefono) VALUES ('JBMH209635FAJZRN15','5648685851');
INSERT INTO telefonoVeterinario(curp,telefono) VALUES ('HRCZ674842ZZMXJAQ4','4964303902');
INSERT INTO telefonoVeterinario(curp,telefono) VALUES ('QXWL438068ITQQIU92','5456715930');
INSERT INTO telefonoVeterinario(curp,telefono) VALUES ('BZHS097766RATPLWC7','5594471600');
INSERT INTO telefonoVeterinario(curp,telefono) VALUES ('BPTM735210YBRCMH80','4684036294');
INSERT INTO telefonoVeterinario(curp,telefono) VALUES ('SMSF623139HPRYQL52','3299726279');
INSERT INTO telefonoVeterinario(curp,telefono) VALUES ('DZSY337823AGWPEUC1','4534218600');
INSERT INTO telefonoVeterinario(curp,telefono) VALUES ('BXMD064752WAIPCEA9','6577335473');
INSERT INTO telefonoVeterinario(curp,telefono) VALUES ('FJAD138203KRCMBTJ6','5208100634');
INSERT INTO telefonoVeterinario(curp,telefono) VALUES ('URYX122159XBNRSM93','7808815348');
INSERT INTO telefonoVeterinario(curp,telefono) VALUES ('SEKD911587XUVUYJI7','3084645166');
INSERT INTO telefonoVeterinario(curp,telefono) VALUES ('VPYC042920PXRTAFM9','1354902762');
INSERT INTO telefonoVeterinario(curp,telefono) VALUES ('VAJP112263ZNERIUI5','7199559692');
INSERT INTO telefonoVeterinario(curp,telefono) VALUES ('ECXV371736IWWPPVD4','9736888214');
INSERT INTO telefonoVeterinario(curp,telefono) VALUES ('XDKO922597VVOJRZE0','8155233766');
INSERT INTO telefonoVeterinario(curp,telefono) VALUES ('ZMLI353734XXLHHDF7','2924323740');
INSERT INTO telefonoVeterinario(curp,telefono) VALUES ('KNCN903386FWXSQBZ9','9168930842');
INSERT INTO telefonoVeterinario(curp,telefono) VALUES ('YQWA784573JOYAGPL0','4835224901');
INSERT INTO telefonoVeterinario(curp,telefono) VALUES ('GFUJ420761YSOKDK30','4602734584');
INSERT INTO telefonoVeterinario(curp,telefono) VALUES ('SPWA781730EFWLRNJ5','8267150013');
INSERT INTO telefonoVeterinario(curp,telefono) VALUES ('GOSG741483EBSDFJG5','8095895058');
INSERT INTO telefonoVeterinario(curp,telefono) VALUES ('RHQD571421CERUTLF9','8153942050');
INSERT INTO telefonoVeterinario(curp,telefono) VALUES ('VPJF212568XGMJPRN0','2818790831');
INSERT INTO telefonoVeterinario(curp,telefono) VALUES ('VUNV903356OWSVAEK7','3794956671');
INSERT INTO telefonoVeterinario(curp,telefono) VALUES ('ALQC599539TDJQBTL0','8966665538');
INSERT INTO telefonoVeterinario(curp,telefono) VALUES ('DYEB810379VYBEHW33','1554833416');
INSERT INTO telefonoVeterinario(curp,telefono) VALUES ('IKJZ406795YKHGTSG8','5852703364');
INSERT INTO telefonoVeterinario(curp,telefono) VALUES ('EREG600315VCXITS67','4131428489');
INSERT INTO telefonoVeterinario(curp,telefono) VALUES ('MMWM861805ICQDXGC0','6149040820');
INSERT INTO telefonoVeterinario(curp,telefono) VALUES ('DITW375689FQGWSZM9','5211290987');
INSERT INTO telefonoVeterinario(curp,telefono) VALUES ('GZSO434852XIVOCLS4','7669399992');
INSERT INTO telefonoVeterinario(curp,telefono) VALUES ('RDCX537698BUXJVNN4','4725451975');
INSERT INTO telefonoVeterinario(curp,telefono) VALUES ('WPPI042308XXSRBUL4','4358374730');
INSERT INTO telefonoVeterinario(curp,telefono) VALUES ('YUCA499283RKMWSN66','4013780011');
INSERT INTO telefonoVeterinario(curp,telefono) VALUES ('HTYL858594AJGWZC86','9472896321');
INSERT INTO telefonoVeterinario(curp,telefono) VALUES ('URYV381733PDIQVU98','1367613494');
INSERT INTO telefonoVeterinario(curp,telefono) VALUES ('OYHF374403YBNZUUV9','7527118091');
INSERT INTO telefonoVeterinario(curp,telefono) VALUES ('AGYP195954NLZADC50','9948657320');
INSERT INTO telefonoVeterinario(curp,telefono) VALUES ('BHEK184094FSXMTU58','4822462291');
INSERT INTO telefonoVeterinario(curp,telefono) VALUES ('YRHB560296HTCWTHC6','1693217204');
INSERT INTO telefonoVeterinario(curp,telefono) VALUES ('ZJVI356526WZMKBOH0','2689261937');
INSERT INTO telefonoVeterinario(curp,telefono) VALUES ('MLHE714659PTOOASQ5','1335298414');
INSERT INTO telefonoVeterinario(curp,telefono) VALUES ('HNBF684990UPXRXCN0','3594526767');
INSERT INTO telefonoVeterinario(curp,telefono) VALUES ('JQOA394766GXHSGI64','8722015798');
INSERT INTO telefonoVeterinario(curp,telefono) VALUES ('FIIN688511LQAVUL39','2217382202');
INSERT INTO telefonoVeterinario(curp,telefono) VALUES ('WWTZ430854BIWJDJ55','3519789076');
INSERT INTO telefonoVeterinario(curp,telefono) VALUES ('HEAV478953RXOYOZX8','8639811746');
INSERT INTO telefonoVeterinario(curp,telefono) VALUES ('SNAH126581GBYVCKM1','6596748179');
INSERT INTO telefonoVeterinario(curp,telefono) VALUES ('HRLU684133ERXSNEB0','4171359560');
INSERT INTO telefonoVeterinario(curp,telefono) VALUES ('VRYH005966QENRKK03','6495381223');
INSERT INTO telefonoVeterinario(curp,telefono) VALUES ('MYBV430688MIOAOHQ9','2642147379');
INSERT INTO telefonoVeterinario(curp,telefono) VALUES ('FIQR275256UCYMLH32','4311647619');
INSERT INTO telefonoVeterinario(curp,telefono) VALUES ('JRHB919192LEKTAW30','8274426769');
INSERT INTO telefonoVeterinario(curp,telefono) VALUES ('FXOQ102733PRHTUEM5','3319994922');
INSERT INTO telefonoVeterinario(curp,telefono) VALUES ('BHZC905004ISUNPHD4','2255109758');
INSERT INTO telefonoVeterinario(curp,telefono) VALUES ('FULS670864OYSJCXH5','6185423322');
INSERT INTO telefonoVeterinario(curp,telefono) VALUES ('QDYQ957375FOJLQMX3','2336755395');
INSERT INTO telefonoVeterinario(curp,telefono) VALUES ('JJHK985123FVLVCME9','6582069243');
INSERT INTO telefonoVeterinario(curp,telefono) VALUES ('WZYJ494270MFIJKNS6','3354724498');
INSERT INTO telefonoVeterinario(curp,telefono) VALUES ('COXB045604XWCZEVH4','9523547149');
INSERT INTO telefonoVeterinario(curp,telefono) VALUES ('ZWRO512344PSAASHE0','2728464951');
INSERT INTO telefonoVeterinario(curp,telefono) VALUES ('HPWO526574TSDWJA33','1351499789');
INSERT INTO telefonoVeterinario(curp,telefono) VALUES ('GJFC887200PNRUFAM9','8374830164');
INSERT INTO telefonoVeterinario(curp,telefono) VALUES ('JFCZ132487GDWUWIJ4','1921016536');
INSERT INTO telefonoVeterinario(curp,telefono) VALUES ('UKAC914071HLVYEVB4','1311310433');
INSERT INTO telefonoVeterinario(curp,telefono) VALUES ('CZWO448769ILHAPBV2','6196206572');
INSERT INTO telefonoVeterinario(curp,telefono) VALUES ('KQIH835975ELSYCJI6','4269173841');
INSERT INTO telefonoVeterinario(curp,telefono) VALUES ('NECZ261764TIIGBKW1','9164955304');
INSERT INTO telefonoVeterinario(curp,telefono) VALUES ('ICKI240010PPOAWVR2','4897511498');
INSERT INTO telefonoVeterinario(curp,telefono) VALUES ('HFDD891109CVXPUD59','7195218695');
INSERT INTO telefonoVeterinario(curp,telefono) VALUES ('BPBU693426GUITXOJ8','6516018332');
INSERT INTO telefonoVeterinario(curp,telefono) VALUES ('XLMK863725RFNFRZR0','6408435902');
INSERT INTO telefonoVeterinario(curp,telefono) VALUES ('BHFI790436WNCKFBB0','7212326049');
INSERT INTO telefonoVeterinario(curp,telefono) VALUES ('IZMP514941RNHMRMH6','8669257405');
INSERT INTO telefonoVeterinario(curp,telefono) VALUES ('OAHK285400DRWWHBI9','8621431474');
INSERT INTO telefonoVeterinario(curp,telefono) VALUES ('YEXY438087HAKMHUL7','6306980742');
INSERT INTO telefonoVeterinario(curp,telefono) VALUES ('RVNN920869TAQSOB47','2795721716');
INSERT INTO telefonoVeterinario(curp,telefono) VALUES ('DOFT514177ANVZCA02','9672813976');
INSERT INTO telefonoVeterinario(curp,telefono) VALUES ('IUPD738379RABGTRK6','3792439086');
INSERT INTO telefonoVeterinario(curp,telefono) VALUES ('LJTK374147RNSUGVS6','1038812152');
INSERT INTO telefonoVeterinario(curp,telefono) VALUES ('IRPQ670683MXVONMF4','8563812173');
INSERT INTO telefonoVeterinario(curp,telefono) VALUES ('ESBY100087QBWNZJ78','9456021055');
-- 	}}}


--- TelefonoEstilista 	{{{
INSERT INTO telefonoEstilista(curp,telefono) VALUES ('OFWJ288665JVWQRBO4','1673730879');
INSERT INTO telefonoEstilista(curp,telefono) VALUES ('OCEF659475AQJPAWG4','6552610683');
INSERT INTO telefonoEstilista(curp,telefono) VALUES ('TYKB293725RNCDQQ92','6546478096');
INSERT INTO telefonoEstilista(curp,telefono) VALUES ('GXOQ855319VVQWVKT7','9015814143');
INSERT INTO telefonoEstilista(curp,telefono) VALUES ('IAWU024287EXOPZW71','9936195345');
INSERT INTO telefonoEstilista(curp,telefono) VALUES ('YWTO921592JJVDPJE9','7189682632');
INSERT INTO telefonoEstilista(curp,telefono) VALUES ('SWRR259307DSPDPKR5','5436099954');
INSERT INTO telefonoEstilista(curp,telefono) VALUES ('GQOV376739LGRLRMM8','2882129492');
INSERT INTO telefonoEstilista(curp,telefono) VALUES ('DQXQ753256NTBHSPX3','8736478276');
INSERT INTO telefonoEstilista(curp,telefono) VALUES ('MAZP826268NKHBOCO1','2217313098');
INSERT INTO telefonoEstilista(curp,telefono) VALUES ('UQOO341278IDBFPF37','2736210548');
INSERT INTO telefonoEstilista(curp,telefono) VALUES ('ITSP270052BDGCRI31','6146104869');
INSERT INTO telefonoEstilista(curp,telefono) VALUES ('MLXZ854763MJVDMFB4','2563006328');
INSERT INTO telefonoEstilista(curp,telefono) VALUES ('IAMG608557LHOQTCI7','2093539578');
INSERT INTO telefonoEstilista(curp,telefono) VALUES ('BMHM326085HEVZBCZ3','2659309779');
INSERT INTO telefonoEstilista(curp,telefono) VALUES ('ACQJ184595SUUQIQP6','3657057246');
INSERT INTO telefonoEstilista(curp,telefono) VALUES ('DDOP470479UTAPREY7','2013951410');
INSERT INTO telefonoEstilista(curp,telefono) VALUES ('SEHA559633AMBLEZN7','6126236648');
INSERT INTO telefonoEstilista(curp,telefono) VALUES ('MGDX817399DMDMYNW1','4883354365');
INSERT INTO telefonoEstilista(curp,telefono) VALUES ('WTSR071977LKFGSH91','6315025518');
INSERT INTO telefonoEstilista(curp,telefono) VALUES ('YTXQ865947ULSPCDO0','4941866079');
INSERT INTO telefonoEstilista(curp,telefono) VALUES ('BLAJ813286YIYMUO85','6608775213');
INSERT INTO telefonoEstilista(curp,telefono) VALUES ('QMAA590698GIMFTN61','9653081014');
INSERT INTO telefonoEstilista(curp,telefono) VALUES ('GBAA071088VGUXBGL1','2667030168');
INSERT INTO telefonoEstilista(curp,telefono) VALUES ('VYPM879020ZVWSAX98','9817172038');
INSERT INTO telefonoEstilista(curp,telefono) VALUES ('CHOO353733ZSRSRYF9','5328037183');
INSERT INTO telefonoEstilista(curp,telefono) VALUES ('FPNY684615YCOEQYD4','7496885477');
INSERT INTO telefonoEstilista(curp,telefono) VALUES ('BMKN337144TKYNTAD9','1648105953');
INSERT INTO telefonoEstilista(curp,telefono) VALUES ('YGTG996480AHVSXUO7','5806934589');
INSERT INTO telefonoEstilista(curp,telefono) VALUES ('BWMI958277FFQLVNO3','1796681493');
INSERT INTO telefonoEstilista(curp,telefono) VALUES ('DBUL394538FFZFIMM3','3411343471');
INSERT INTO telefonoEstilista(curp,telefono) VALUES ('CVIH990815PNIUEB94','5099696223');
INSERT INTO telefonoEstilista(curp,telefono) VALUES ('MCJL342533UAICLHP9','2214829702');
INSERT INTO telefonoEstilista(curp,telefono) VALUES ('CXIZ860782GXZTJDZ9','9306580369');
INSERT INTO telefonoEstilista(curp,telefono) VALUES ('TPEB737736CPPUNNJ0','5019863859');
INSERT INTO telefonoEstilista(curp,telefono) VALUES ('OXDZ347118EZIUTPA9','6127708924');
INSERT INTO telefonoEstilista(curp,telefono) VALUES ('RSYG093686ZQNDINP5','1516616257');
INSERT INTO telefonoEstilista(curp,telefono) VALUES ('QREE445379YOQMXGW5','7626013125');
INSERT INTO telefonoEstilista(curp,telefono) VALUES ('NHCI447484MKDDGMR3','1954089255');
INSERT INTO telefonoEstilista(curp,telefono) VALUES ('FWCZ822471BGNZQF91','3969898024');
INSERT INTO telefonoEstilista(curp,telefono) VALUES ('SGQE149957WRUIBHQ6','9968272277');
INSERT INTO telefonoEstilista(curp,telefono) VALUES ('GXLB701084AJBFCAV4','8765427801');
INSERT INTO telefonoEstilista(curp,telefono) VALUES ('YFGL495513EHEXSKL2','6825712026');
INSERT INTO telefonoEstilista(curp,telefono) VALUES ('ECPA458661NXVYEHT5','4432486244');
INSERT INTO telefonoEstilista(curp,telefono) VALUES ('BBYO931255TBDGGBX1','9472213275');
INSERT INTO telefonoEstilista(curp,telefono) VALUES ('VQSQ572837SPNFLIJ1','3263295951');
INSERT INTO telefonoEstilista(curp,telefono) VALUES ('MSFN398916ZTJRTMN2','2358742037');
INSERT INTO telefonoEstilista(curp,telefono) VALUES ('RVVG697746LGAXQZF6','1413093679');
INSERT INTO telefonoEstilista(curp,telefono) VALUES ('EDKU408441UESNWSB3','8502147865');
INSERT INTO telefonoEstilista(curp,telefono) VALUES ('SVDV980591EIVNMXT9','9386106336');
INSERT INTO telefonoEstilista(curp,telefono) VALUES ('ZWYX957022PPFLYF44','8335316871');
INSERT INTO telefonoEstilista(curp,telefono) VALUES ('OTSK893630KLGCCHG8','9528769959');
INSERT INTO telefonoEstilista(curp,telefono) VALUES ('JPTK679606EFLFTD68','7869379010');
INSERT INTO telefonoEstilista(curp,telefono) VALUES ('RQIW607461FMRZRI54','9959028476');
INSERT INTO telefonoEstilista(curp,telefono) VALUES ('GUHT814155LQFNISQ6','6729801962');
INSERT INTO telefonoEstilista(curp,telefono) VALUES ('HSTV142761VFDEAYM5','7222763272');
INSERT INTO telefonoEstilista(curp,telefono) VALUES ('DUVG267552QLUXGDC3','8973243000');
INSERT INTO telefonoEstilista(curp,telefono) VALUES ('WAWU388447KKLVNPQ5','7166050059');
INSERT INTO telefonoEstilista(curp,telefono) VALUES ('UJOC651650QKNPVSJ6','5832760756');
INSERT INTO telefonoEstilista(curp,telefono) VALUES ('NWWB123195BUYBTX41','2443221178');
INSERT INTO telefonoEstilista(curp,telefono) VALUES ('GSFC143724UMPHFM82','5788700199');
INSERT INTO telefonoEstilista(curp,telefono) VALUES ('UOKE128947WNMXFTV4','3097578870');
INSERT INTO telefonoEstilista(curp,telefono) VALUES ('FCPY821964ZUAXTVA9','1956447300');
INSERT INTO telefonoEstilista(curp,telefono) VALUES ('BGHY613345WCRTJVN7','3063978470');
INSERT INTO telefonoEstilista(curp,telefono) VALUES ('GSNC135882OKXFWVE3','5119868250');
INSERT INTO telefonoEstilista(curp,telefono) VALUES ('IWUA125673QFLAUTV0','1231992906');
INSERT INTO telefonoEstilista(curp,telefono) VALUES ('IYLH607488JIHGPPJ7','7631414810');
INSERT INTO telefonoEstilista(curp,telefono) VALUES ('JSBX272961EGNLMY32','7077109879');
INSERT INTO telefonoEstilista(curp,telefono) VALUES ('HIXS745486QNTBOXS2','3445019090');
INSERT INTO telefonoEstilista(curp,telefono) VALUES ('MYMD542935NULOAFN9','4424564053');
INSERT INTO telefonoEstilista(curp,telefono) VALUES ('NEUM485493GIULKN28','9868414844');
INSERT INTO telefonoEstilista(curp,telefono) VALUES ('PEVI724865OMDOUB71','1429167964');
INSERT INTO telefonoEstilista(curp,telefono) VALUES ('VFJC662394HCOFUZV0','8309590118');
INSERT INTO telefonoEstilista(curp,telefono) VALUES ('XGTD139664MUFYTAB7','6937292997');
INSERT INTO telefonoEstilista(curp,telefono) VALUES ('TINM403324QANOFHB7','7039689836');
INSERT INTO telefonoEstilista(curp,telefono) VALUES ('HQIS867421RBLDMXO5','9209531957');
INSERT INTO telefonoEstilista(curp,telefono) VALUES ('XIZE744532AXVUUKQ5','9061644142');
INSERT INTO telefonoEstilista(curp,telefono) VALUES ('XPGU325798QYRCVSY4','3099131539');
INSERT INTO telefonoEstilista(curp,telefono) VALUES ('ALBF667849FJDRSH58','5233183300');
INSERT INTO telefonoEstilista(curp,telefono) VALUES ('KHWJ831358XTVQUCN3','5252031392');
INSERT INTO telefonoEstilista(curp,telefono) VALUES ('EIZO717418XAWHSAR1','1718920377');
INSERT INTO telefonoEstilista(curp,telefono) VALUES ('DBXA207666CTKFLHZ8','2593145753');
INSERT INTO telefonoEstilista(curp,telefono) VALUES ('MZHW100134JJGOEX73','3074158366');
INSERT INTO telefonoEstilista(curp,telefono) VALUES ('HYZR353519ZQLCEE82','8422249102');
INSERT INTO telefonoEstilista(curp,telefono) VALUES ('KHBG962159ITNFGZ70','1765717170');
INSERT INTO telefonoEstilista(curp,telefono) VALUES ('EJLE650083JKPUCSV5','9634429587');
INSERT INTO telefonoEstilista(curp,telefono) VALUES ('KCYM677694UXRSWJ36','4816046863');
INSERT INTO telefonoEstilista(curp,telefono) VALUES ('WYRA606183TGPSGV28','5271276010');
INSERT INTO telefonoEstilista(curp,telefono) VALUES ('NXUD184845DGEIJZ10','7052758071');
INSERT INTO telefonoEstilista(curp,telefono) VALUES ('XFQB160085PQBPRFZ3','9497094251');
INSERT INTO telefonoEstilista(curp,telefono) VALUES ('EUHO822656DDDYCKO8','2662868608');
INSERT INTO telefonoEstilista(curp,telefono) VALUES ('XJRR737957FNYSPPK5','3861484529');
INSERT INTO telefonoEstilista(curp,telefono) VALUES ('ONDG802526RWFUMW05','1673102959');
INSERT INTO telefonoEstilista(curp,telefono) VALUES ('MPBT867222UERQGZB0','4778193292');
INSERT INTO telefonoEstilista(curp,telefono) VALUES ('ZCIV974366GQGRJSX9','7555060738');
INSERT INTO telefonoEstilista(curp,telefono) VALUES ('BXTA324085MPNMVF14','8373514118');
INSERT INTO telefonoEstilista(curp,telefono) VALUES ('GZFN097559OUGPQLP8','5316512136');
INSERT INTO telefonoEstilista(curp,telefono) VALUES ('ITCW312168RICYXO43','9146313668');
INSERT INTO telefonoEstilista(curp,telefono) VALUES ('ZHJO450009VFLTRS07','2811574902');
INSERT INTO telefonoEstilista(curp,telefono) VALUES ('HTZF140562ZQFJJWD6','7266222485');
-- 	}}}


--- SupervisorTrabajaEn 	{{{
INSERT INTO supervisorTrabajaEn(curp,nombreestetica) VALUES ('DARR172627NFYVCVD9','Lubowitz, Christiansen and Barrows');
INSERT INTO supervisorTrabajaEn(curp,nombreestetica) VALUES ('WIEL535446VMFHGLX8','Zemlak-Morar');
INSERT INTO supervisorTrabajaEn(curp,nombreestetica) VALUES ('WLJG400198ZKKDEQJ3','Parisian-VonRueden');
INSERT INTO supervisorTrabajaEn(curp,nombreestetica) VALUES ('OUCO513027XPPQJEK9','Jacobi-Gorczany');
INSERT INTO supervisorTrabajaEn(curp,nombreestetica) VALUES ('DLRO372012VJKZHGL7','Casper, Tillman and Ernser');
INSERT INTO supervisorTrabajaEn(curp,nombreestetica) VALUES ('EAES324158NPWOYWP9','Murazik and Sons');
INSERT INTO supervisorTrabajaEn(curp,nombreestetica) VALUES ('PLBQ610067AXPYGPT6','Wolf and Sons');
INSERT INTO supervisorTrabajaEn(curp,nombreestetica) VALUES ('BAJR888678LILLSPB9','Lynch-McClure');
INSERT INTO supervisorTrabajaEn(curp,nombreestetica) VALUES ('LXBZ971959JCULEOU7','Gleason LLC');
INSERT INTO supervisorTrabajaEn(curp,nombreestetica) VALUES ('RHMT951452EUSRFCU3','Beer-Anderson');
INSERT INTO supervisorTrabajaEn(curp,nombreestetica) VALUES ('OLHB302215JAFEHV28','O''Keefe Group');
INSERT INTO supervisorTrabajaEn(curp,nombreestetica) VALUES ('LCLV334656NJZMCP10','Homenick-Kling');
INSERT INTO supervisorTrabajaEn(curp,nombreestetica) VALUES ('SVKO323270CXDQGZX6','Kunde, Greenfelder and Moore');
INSERT INTO supervisorTrabajaEn(curp,nombreestetica) VALUES ('IEIL758510URQQVB88','Mertz-Lueilwitz');
INSERT INTO supervisorTrabajaEn(curp,nombreestetica) VALUES ('CYYA516113GYDVNSN2','Hodkiewicz-Schaden');
INSERT INTO supervisorTrabajaEn(curp,nombreestetica) VALUES ('OFVA084232IAQAMJN0','Bruen LLC');
INSERT INTO supervisorTrabajaEn(curp,nombreestetica) VALUES ('KCLQ360767RSIWHBG1','Sporer-D''Amore');
INSERT INTO supervisorTrabajaEn(curp,nombreestetica) VALUES ('KNNB583819CRYCNRQ7','Farrell Group');
INSERT INTO supervisorTrabajaEn(curp,nombreestetica) VALUES ('URUF597101ONKSGRZ7','Wehner-Crooks');
INSERT INTO supervisorTrabajaEn(curp,nombreestetica) VALUES ('JBPG262413VRGMEWQ5','Murphy, Raynor and Kilback');
INSERT INTO supervisorTrabajaEn(curp,nombreestetica) VALUES ('AVFH070555VSJIOZ95','Leannon-Durgan');
INSERT INTO supervisorTrabajaEn(curp,nombreestetica) VALUES ('XMNZ215133YAJHSP57','Goyette-Quitzon');
INSERT INTO supervisorTrabajaEn(curp,nombreestetica) VALUES ('UEFW386551UPLNUWY6','Bartell Group');
INSERT INTO supervisorTrabajaEn(curp,nombreestetica) VALUES ('ELOH413372BCZWMWL5','Reichel Inc');
INSERT INTO supervisorTrabajaEn(curp,nombreestetica) VALUES ('OCTE311365ULZAVUI5','Renner Inc');
INSERT INTO supervisorTrabajaEn(curp,nombreestetica) VALUES ('TXXX793352BKMRAM95','Considine and Sons');
INSERT INTO supervisorTrabajaEn(curp,nombreestetica) VALUES ('UISX647276OEPIJM41','Beatty, Kilback and Keeling');
INSERT INTO supervisorTrabajaEn(curp,nombreestetica) VALUES ('HOGF030683CZDMFFH3','Mante Group');
INSERT INTO supervisorTrabajaEn(curp,nombreestetica) VALUES ('HIWO753752JIPAFYG3','Fisher and Sons');
INSERT INTO supervisorTrabajaEn(curp,nombreestetica) VALUES ('NIPO057183PCQUBNL1','Abshire, Kuhic and Franecki');
INSERT INTO supervisorTrabajaEn(curp,nombreestetica) VALUES ('LMEB137507UMHOMLG3','Rath Inc');
INSERT INTO supervisorTrabajaEn(curp,nombreestetica) VALUES ('PFKB544101BWTUPX80','Beer Inc');
INSERT INTO supervisorTrabajaEn(curp,nombreestetica) VALUES ('SFLK090094UUAUIZF1','Koch, Wehner and Zieme');
INSERT INTO supervisorTrabajaEn(curp,nombreestetica) VALUES ('SGSG798515LKQLTOT4','Hackett, Veum and Wilkinson');
INSERT INTO supervisorTrabajaEn(curp,nombreestetica) VALUES ('GZPB580540CXMTLBJ4','Kuphal-Jakubowski');
INSERT INTO supervisorTrabajaEn(curp,nombreestetica) VALUES ('VHAF353992XCAUUH95','Conroy Inc');
INSERT INTO supervisorTrabajaEn(curp,nombreestetica) VALUES ('ZXAO782731IPVISOL7','Beer, Abernathy and Wyman');
INSERT INTO supervisorTrabajaEn(curp,nombreestetica) VALUES ('QPJP656270SZXSYI14','Christiansen, Murray and Walter');
INSERT INTO supervisorTrabajaEn(curp,nombreestetica) VALUES ('RGLB044899UUEIMOP1','Stracke-Mosciski');
INSERT INTO supervisorTrabajaEn(curp,nombreestetica) VALUES ('HOZR591354XVITYVM6','Waelchi, Buckridge and Daugherty');
INSERT INTO supervisorTrabajaEn(curp,nombreestetica) VALUES ('IBRF696614VRKWXNG9','Schowalter and Sons');
INSERT INTO supervisorTrabajaEn(curp,nombreestetica) VALUES ('TEJE490656ZQFYJLI2','Kutch LLC');
INSERT INTO supervisorTrabajaEn(curp,nombreestetica) VALUES ('ANQS116440WGOBJFR1','Herman, Borer and Leffler');
INSERT INTO supervisorTrabajaEn(curp,nombreestetica) VALUES ('WPZC339360BAISWF99','Wilderman, Flatley and Lebsack');
INSERT INTO supervisorTrabajaEn(curp,nombreestetica) VALUES ('PKHP648553AYYEYWN5','Beahan, Langworth and Johnson');
INSERT INTO supervisorTrabajaEn(curp,nombreestetica) VALUES ('CKJP590751ZGEDKXE5','Nader Group');
INSERT INTO supervisorTrabajaEn(curp,nombreestetica) VALUES ('ESXZ517680IXBRYTQ9','Kilback Group');
INSERT INTO supervisorTrabajaEn(curp,nombreestetica) VALUES ('AEXF359833XVLLYCI4','Borer, Goyette and Berge');
INSERT INTO supervisorTrabajaEn(curp,nombreestetica) VALUES ('YTJW698648IAEXKHA4','Kunze, Wehner and Stanton');
INSERT INTO supervisorTrabajaEn(curp,nombreestetica) VALUES ('JEHH259868ERBLYE83','Huels-Simonis');
INSERT INTO supervisorTrabajaEn(curp,nombreestetica) VALUES ('ROCV000606AMLIRU25','Effertz-Hauck');
INSERT INTO supervisorTrabajaEn(curp,nombreestetica) VALUES ('LJQZ823939NWFFRTD3','Ziemann-Wunsch');
INSERT INTO supervisorTrabajaEn(curp,nombreestetica) VALUES ('IVDP812874KMESYX93','Hansen, Larson and Quitzon');
INSERT INTO supervisorTrabajaEn(curp,nombreestetica) VALUES ('XMQF280852UTGDIER1','Ratke-Gislason');
INSERT INTO supervisorTrabajaEn(curp,nombreestetica) VALUES ('WYPE351148WCDSNCM8','Brekke and Sons');
INSERT INTO supervisorTrabajaEn(curp,nombreestetica) VALUES ('HPEB635900VJFHPJ03','Weimann-Stiedemann');
INSERT INTO supervisorTrabajaEn(curp,nombreestetica) VALUES ('BFSE742108QUBEBFM3','D''Amore-Mosciski');
INSERT INTO supervisorTrabajaEn(curp,nombreestetica) VALUES ('EROW835040CRCXDW06','Kassulke Inc');
INSERT INTO supervisorTrabajaEn(curp,nombreestetica) VALUES ('EHLE478214SHIRVEU0','Beatty Group');
INSERT INTO supervisorTrabajaEn(curp,nombreestetica) VALUES ('KUKX529608QCTNZDW7','Donnelly-Ortiz');
INSERT INTO supervisorTrabajaEn(curp,nombreestetica) VALUES ('REOS156201YMBWBND8','Krajcik LLC');
INSERT INTO supervisorTrabajaEn(curp,nombreestetica) VALUES ('VIAF688653WPEECJF5','Hagenes Inc');
INSERT INTO supervisorTrabajaEn(curp,nombreestetica) VALUES ('KPKK205686XQQVFW52','Flatley-Stracke');
INSERT INTO supervisorTrabajaEn(curp,nombreestetica) VALUES ('AIJZ540692MRNHWPV3','Marvin-Rodriguez');
INSERT INTO supervisorTrabajaEn(curp,nombreestetica) VALUES ('CVCS401595YJMZWYD5','Raynor-Krajcik');
INSERT INTO supervisorTrabajaEn(curp,nombreestetica) VALUES ('XKFI483904GSGFFDJ9','Reynolds, Hagenes and VonRueden');
INSERT INTO supervisorTrabajaEn(curp,nombreestetica) VALUES ('QDZO752596CDQLZYZ1','Doyle-Funk');
INSERT INTO supervisorTrabajaEn(curp,nombreestetica) VALUES ('XXTZ259895BRUMTE14','Feest, Muller and Rodriguez');
INSERT INTO supervisorTrabajaEn(curp,nombreestetica) VALUES ('WWDE031044KSHUHB05','Roob, Beer and Wiegand');
INSERT INTO supervisorTrabajaEn(curp,nombreestetica) VALUES ('YCPO640333FHVTPBO6','Feil-Schulist');
INSERT INTO supervisorTrabajaEn(curp,nombreestetica) VALUES ('CIVC903384VOWVTML1','Treutel, Conn and O''Kon');
INSERT INTO supervisorTrabajaEn(curp,nombreestetica) VALUES ('SHNY735855WCJWJUH0','Nitzsche-Hodkiewicz');
INSERT INTO supervisorTrabajaEn(curp,nombreestetica) VALUES ('FMMH784962SPELVJK5','Huels-Deckow');
INSERT INTO supervisorTrabajaEn(curp,nombreestetica) VALUES ('NIJB350263PVGNHD32','Koss Inc');
INSERT INTO supervisorTrabajaEn(curp,nombreestetica) VALUES ('QHCV947226UHFWXIS1','Hartmann, Bernhard and Yost');
INSERT INTO supervisorTrabajaEn(curp,nombreestetica) VALUES ('HUMD374595YOVAOOE1','Fay Group');
INSERT INTO supervisorTrabajaEn(curp,nombreestetica) VALUES ('HLUB862586IKDXWBO7','Wiegand, Klein and Kshlerin');
INSERT INTO supervisorTrabajaEn(curp,nombreestetica) VALUES ('HZUD023654QTLLSWT4','Fisher-Buckridge');
INSERT INTO supervisorTrabajaEn(curp,nombreestetica) VALUES ('NOHS167188OBQJDF89','Kunze, Littel and Weissnat');
INSERT INTO supervisorTrabajaEn(curp,nombreestetica) VALUES ('QOQK712692AMZWJV90','Koss-Denesik');
INSERT INTO supervisorTrabajaEn(curp,nombreestetica) VALUES ('CFKW351865TTJVRCQ7','Quigley LLC');
INSERT INTO supervisorTrabajaEn(curp,nombreestetica) VALUES ('QKDT955064XBVDAO71','Willms Inc');
INSERT INTO supervisorTrabajaEn(curp,nombreestetica) VALUES ('OJKQ847658MOFUPWI2','Marvin-Will');
INSERT INTO supervisorTrabajaEn(curp,nombreestetica) VALUES ('RQFY318469XCJXAZA4','Frami-Goyette');
INSERT INTO supervisorTrabajaEn(curp,nombreestetica) VALUES ('BSTA337246SWUZBPY6','Gerhold-Moore');
INSERT INTO supervisorTrabajaEn(curp,nombreestetica) VALUES ('MXXL045040NZWIMZK3','Reichert LLC');
INSERT INTO supervisorTrabajaEn(curp,nombreestetica) VALUES ('HZAN513088JNHRBC74','Tremblay-Thiel');
INSERT INTO supervisorTrabajaEn(curp,nombreestetica) VALUES ('HRNO032109PAAALDB2','Von, Morissette and Heller');
INSERT INTO supervisorTrabajaEn(curp,nombreestetica) VALUES ('BTYL294673EOHSXMK8','Maggio, Sanford and Predovic');
INSERT INTO supervisorTrabajaEn(curp,nombreestetica) VALUES ('OHQJ058017GISFPF11','Cormier LLC');
INSERT INTO supervisorTrabajaEn(curp,nombreestetica) VALUES ('WCBN714660IGNXBMR0','Dietrich-Wintheiser');
INSERT INTO supervisorTrabajaEn(curp,nombreestetica) VALUES ('AINV314612XYUIBMU0','Hackett-Quitzon');
INSERT INTO supervisorTrabajaEn(curp,nombreestetica) VALUES ('ZTWX959396FSRKHJI5','Bartoletti-Crist');
INSERT INTO supervisorTrabajaEn(curp,nombreestetica) VALUES ('KWRK241641IEEMWXK6','Monahan LLC');
INSERT INTO supervisorTrabajaEn(curp,nombreestetica) VALUES ('ERSQ993974VNHUXRS9','Jaskolski Inc');
INSERT INTO supervisorTrabajaEn(curp,nombreestetica) VALUES ('TMLD430923KAHMWQB8','Roberts, Morissette and Hermiston');
INSERT INTO supervisorTrabajaEn(curp,nombreestetica) VALUES ('DVGC043029VWINAT36','Morar, Prosacco and Steuber');
INSERT INTO supervisorTrabajaEn(curp,nombreestetica) VALUES ('ORQS642426ZBABEEH4','Sporer, Harris and Hauck');
INSERT INTO supervisorTrabajaEn(curp,nombreestetica) VALUES ('CAQK458573VIUEKA95','Gleason, Koss and Wiegand');
INSERT INTO supervisorTrabajaEn(curp,nombreestetica) VALUES ('DOSH733502IUUWDP80','Howell, Ritchie and Terry');
-- }}}


--- VeterinarioTrabajaEn 	{{{
INSERT INTO veterinarioTrabajaEn(curp,nombreestetica) VALUES ('FFDV570707OJMLHQX3','Lubowitz, Christiansen and Barrows');
INSERT INTO veterinarioTrabajaEn(curp,nombreestetica) VALUES ('OPQS702520CINYEVG3','Zemlak-Morar');
INSERT INTO veterinarioTrabajaEn(curp,nombreestetica) VALUES ('BHMY157691BIDMLV46','Parisian-VonRueden');
INSERT INTO veterinarioTrabajaEn(curp,nombreestetica) VALUES ('EZSJ320340EGEIDKJ5','Jacobi-Gorczany');
INSERT INTO veterinarioTrabajaEn(curp,nombreestetica) VALUES ('SSYV048599VDNETZU0','Casper, Tillman and Ernser');
INSERT INTO veterinarioTrabajaEn(curp,nombreestetica) VALUES ('TRVY103203UWJAYBW7','Murazik and Sons');
INSERT INTO veterinarioTrabajaEn(curp,nombreestetica) VALUES ('ABSU465673REVUIBK8','Wolf and Sons');
INSERT INTO veterinarioTrabajaEn(curp,nombreestetica) VALUES ('DHEA416290EJFCTQ30','Lynch-McClure');
INSERT INTO veterinarioTrabajaEn(curp,nombreestetica) VALUES ('KCCW391804NBSPRDX2','Gleason LLC');
INSERT INTO veterinarioTrabajaEn(curp,nombreestetica) VALUES ('GMQC763086DDZAHSN8','Beer-Anderson');
INSERT INTO veterinarioTrabajaEn(curp,nombreestetica) VALUES ('GWZL023136ZZCFKAN9','O''Keefe Group');
INSERT INTO veterinarioTrabajaEn(curp,nombreestetica) VALUES ('OHWN512168KYNIER16','Homenick-Kling');
INSERT INTO veterinarioTrabajaEn(curp,nombreestetica) VALUES ('MOEN333137DIDDHXV9','Kunde, Greenfelder and Moore');
INSERT INTO veterinarioTrabajaEn(curp,nombreestetica) VALUES ('DCLS358468LLJBMNK9','Mertz-Lueilwitz');
INSERT INTO veterinarioTrabajaEn(curp,nombreestetica) VALUES ('QOUH005199ONEEVRS5','Hodkiewicz-Schaden');
INSERT INTO veterinarioTrabajaEn(curp,nombreestetica) VALUES ('WBNA189335GHOIFOG8','Bruen LLC');
INSERT INTO veterinarioTrabajaEn(curp,nombreestetica) VALUES ('IPZU769863JYMVHK07','Sporer-D''Amore');
INSERT INTO veterinarioTrabajaEn(curp,nombreestetica) VALUES ('YECJ368291MRXWQOZ6','Farrell Group');
INSERT INTO veterinarioTrabajaEn(curp,nombreestetica) VALUES ('JBMH209635FAJZRN15','Wehner-Crooks');
INSERT INTO veterinarioTrabajaEn(curp,nombreestetica) VALUES ('HRCZ674842ZZMXJAQ4','Murphy, Raynor and Kilback');
INSERT INTO veterinarioTrabajaEn(curp,nombreestetica) VALUES ('QXWL438068ITQQIU92','Leannon-Durgan');
INSERT INTO veterinarioTrabajaEn(curp,nombreestetica) VALUES ('BZHS097766RATPLWC7','Goyette-Quitzon');
INSERT INTO veterinarioTrabajaEn(curp,nombreestetica) VALUES ('BPTM735210YBRCMH80','Bartell Group');
INSERT INTO veterinarioTrabajaEn(curp,nombreestetica) VALUES ('SMSF623139HPRYQL52','Reichel Inc');
INSERT INTO veterinarioTrabajaEn(curp,nombreestetica) VALUES ('DZSY337823AGWPEUC1','Renner Inc');
INSERT INTO veterinarioTrabajaEn(curp,nombreestetica) VALUES ('BXMD064752WAIPCEA9','Considine and Sons');
INSERT INTO veterinarioTrabajaEn(curp,nombreestetica) VALUES ('FJAD138203KRCMBTJ6','Beatty, Kilback and Keeling');
INSERT INTO veterinarioTrabajaEn(curp,nombreestetica) VALUES ('URYX122159XBNRSM93','Mante Group');
INSERT INTO veterinarioTrabajaEn(curp,nombreestetica) VALUES ('SEKD911587XUVUYJI7','Fisher and Sons');
INSERT INTO veterinarioTrabajaEn(curp,nombreestetica) VALUES ('VPYC042920PXRTAFM9','Abshire, Kuhic and Franecki');
INSERT INTO veterinarioTrabajaEn(curp,nombreestetica) VALUES ('VAJP112263ZNERIUI5','Rath Inc');
INSERT INTO veterinarioTrabajaEn(curp,nombreestetica) VALUES ('ECXV371736IWWPPVD4','Beer Inc');
INSERT INTO veterinarioTrabajaEn(curp,nombreestetica) VALUES ('XDKO922597VVOJRZE0','Koch, Wehner and Zieme');
INSERT INTO veterinarioTrabajaEn(curp,nombreestetica) VALUES ('ZMLI353734XXLHHDF7','Hackett, Veum and Wilkinson');
INSERT INTO veterinarioTrabajaEn(curp,nombreestetica) VALUES ('KNCN903386FWXSQBZ9','Kuphal-Jakubowski');
INSERT INTO veterinarioTrabajaEn(curp,nombreestetica) VALUES ('YQWA784573JOYAGPL0','Conroy Inc');
INSERT INTO veterinarioTrabajaEn(curp,nombreestetica) VALUES ('GFUJ420761YSOKDK30','Beer, Abernathy and Wyman');
INSERT INTO veterinarioTrabajaEn(curp,nombreestetica) VALUES ('SPWA781730EFWLRNJ5','Christiansen, Murray and Walter');
INSERT INTO veterinarioTrabajaEn(curp,nombreestetica) VALUES ('GOSG741483EBSDFJG5','Stracke-Mosciski');
INSERT INTO veterinarioTrabajaEn(curp,nombreestetica) VALUES ('RHQD571421CERUTLF9','Waelchi, Buckridge and Daugherty');
INSERT INTO veterinarioTrabajaEn(curp,nombreestetica) VALUES ('VPJF212568XGMJPRN0','Schowalter and Sons');
INSERT INTO veterinarioTrabajaEn(curp,nombreestetica) VALUES ('VUNV903356OWSVAEK7','Kutch LLC');
INSERT INTO veterinarioTrabajaEn(curp,nombreestetica) VALUES ('ALQC599539TDJQBTL0','Herman, Borer and Leffler');
INSERT INTO veterinarioTrabajaEn(curp,nombreestetica) VALUES ('DYEB810379VYBEHW33','Wilderman, Flatley and Lebsack');
INSERT INTO veterinarioTrabajaEn(curp,nombreestetica) VALUES ('IKJZ406795YKHGTSG8','Beahan, Langworth and Johnson');
INSERT INTO veterinarioTrabajaEn(curp,nombreestetica) VALUES ('EREG600315VCXITS67','Nader Group');
INSERT INTO veterinarioTrabajaEn(curp,nombreestetica) VALUES ('MMWM861805ICQDXGC0','Kilback Group');
INSERT INTO veterinarioTrabajaEn(curp,nombreestetica) VALUES ('DITW375689FQGWSZM9','Borer, Goyette and Berge');
INSERT INTO veterinarioTrabajaEn(curp,nombreestetica) VALUES ('GZSO434852XIVOCLS4','Kunze, Wehner and Stanton');
INSERT INTO veterinarioTrabajaEn(curp,nombreestetica) VALUES ('RDCX537698BUXJVNN4','Huels-Simonis');
INSERT INTO veterinarioTrabajaEn(curp,nombreestetica) VALUES ('WPPI042308XXSRBUL4','Effertz-Hauck');
INSERT INTO veterinarioTrabajaEn(curp,nombreestetica) VALUES ('YUCA499283RKMWSN66','Ziemann-Wunsch');
INSERT INTO veterinarioTrabajaEn(curp,nombreestetica) VALUES ('HTYL858594AJGWZC86','Hansen, Larson and Quitzon');
INSERT INTO veterinarioTrabajaEn(curp,nombreestetica) VALUES ('URYV381733PDIQVU98','Ratke-Gislason');
INSERT INTO veterinarioTrabajaEn(curp,nombreestetica) VALUES ('OYHF374403YBNZUUV9','Brekke and Sons');
INSERT INTO veterinarioTrabajaEn(curp,nombreestetica) VALUES ('AGYP195954NLZADC50','Weimann-Stiedemann');
INSERT INTO veterinarioTrabajaEn(curp,nombreestetica) VALUES ('BHEK184094FSXMTU58','D''Amore-Mosciski');
INSERT INTO veterinarioTrabajaEn(curp,nombreestetica) VALUES ('YRHB560296HTCWTHC6','Kassulke Inc');
INSERT INTO veterinarioTrabajaEn(curp,nombreestetica) VALUES ('ZJVI356526WZMKBOH0','Beatty Group');
INSERT INTO veterinarioTrabajaEn(curp,nombreestetica) VALUES ('MLHE714659PTOOASQ5','Donnelly-Ortiz');
INSERT INTO veterinarioTrabajaEn(curp,nombreestetica) VALUES ('HNBF684990UPXRXCN0','Krajcik LLC');
INSERT INTO veterinarioTrabajaEn(curp,nombreestetica) VALUES ('JQOA394766GXHSGI64','Hagenes Inc');
INSERT INTO veterinarioTrabajaEn(curp,nombreestetica) VALUES ('FIIN688511LQAVUL39','Flatley-Stracke');
INSERT INTO veterinarioTrabajaEn(curp,nombreestetica) VALUES ('WWTZ430854BIWJDJ55','Marvin-Rodriguez');
INSERT INTO veterinarioTrabajaEn(curp,nombreestetica) VALUES ('HEAV478953RXOYOZX8','Raynor-Krajcik');
INSERT INTO veterinarioTrabajaEn(curp,nombreestetica) VALUES ('SNAH126581GBYVCKM1','Reynolds, Hagenes and VonRueden');
INSERT INTO veterinarioTrabajaEn(curp,nombreestetica) VALUES ('HRLU684133ERXSNEB0','Doyle-Funk');
INSERT INTO veterinarioTrabajaEn(curp,nombreestetica) VALUES ('VRYH005966QENRKK03','Feest, Muller and Rodriguez');
INSERT INTO veterinarioTrabajaEn(curp,nombreestetica) VALUES ('MYBV430688MIOAOHQ9','Roob, Beer and Wiegand');
INSERT INTO veterinarioTrabajaEn(curp,nombreestetica) VALUES ('FIQR275256UCYMLH32','Feil-Schulist');
INSERT INTO veterinarioTrabajaEn(curp,nombreestetica) VALUES ('JRHB919192LEKTAW30','Treutel, Conn and O''Kon');
INSERT INTO veterinarioTrabajaEn(curp,nombreestetica) VALUES ('FXOQ102733PRHTUEM5','Nitzsche-Hodkiewicz');
INSERT INTO veterinarioTrabajaEn(curp,nombreestetica) VALUES ('BHZC905004ISUNPHD4','Huels-Deckow');
INSERT INTO veterinarioTrabajaEn(curp,nombreestetica) VALUES ('FULS670864OYSJCXH5','Koss Inc');
INSERT INTO veterinarioTrabajaEn(curp,nombreestetica) VALUES ('QDYQ957375FOJLQMX3','Hartmann, Bernhard and Yost');
INSERT INTO veterinarioTrabajaEn(curp,nombreestetica) VALUES ('JJHK985123FVLVCME9','Fay Group');
INSERT INTO veterinarioTrabajaEn(curp,nombreestetica) VALUES ('WZYJ494270MFIJKNS6','Wiegand, Klein and Kshlerin');
INSERT INTO veterinarioTrabajaEn(curp,nombreestetica) VALUES ('COXB045604XWCZEVH4','Fisher-Buckridge');
INSERT INTO veterinarioTrabajaEn(curp,nombreestetica) VALUES ('ZWRO512344PSAASHE0','Kunze, Littel and Weissnat');
INSERT INTO veterinarioTrabajaEn(curp,nombreestetica) VALUES ('HPWO526574TSDWJA33','Koss-Denesik');
INSERT INTO veterinarioTrabajaEn(curp,nombreestetica) VALUES ('GJFC887200PNRUFAM9','Quigley LLC');
INSERT INTO veterinarioTrabajaEn(curp,nombreestetica) VALUES ('JFCZ132487GDWUWIJ4','Willms Inc');
INSERT INTO veterinarioTrabajaEn(curp,nombreestetica) VALUES ('UKAC914071HLVYEVB4','Marvin-Will');
INSERT INTO veterinarioTrabajaEn(curp,nombreestetica) VALUES ('CZWO448769ILHAPBV2','Frami-Goyette');
INSERT INTO veterinarioTrabajaEn(curp,nombreestetica) VALUES ('KQIH835975ELSYCJI6','Gerhold-Moore');
INSERT INTO veterinarioTrabajaEn(curp,nombreestetica) VALUES ('NECZ261764TIIGBKW1','Reichert LLC');
INSERT INTO veterinarioTrabajaEn(curp,nombreestetica) VALUES ('ICKI240010PPOAWVR2','Tremblay-Thiel');
INSERT INTO veterinarioTrabajaEn(curp,nombreestetica) VALUES ('HFDD891109CVXPUD59','Von, Morissette and Heller');
INSERT INTO veterinarioTrabajaEn(curp,nombreestetica) VALUES ('BPBU693426GUITXOJ8','Maggio, Sanford and Predovic');
INSERT INTO veterinarioTrabajaEn(curp,nombreestetica) VALUES ('XLMK863725RFNFRZR0','Cormier LLC');
INSERT INTO veterinarioTrabajaEn(curp,nombreestetica) VALUES ('BHFI790436WNCKFBB0','Dietrich-Wintheiser');
INSERT INTO veterinarioTrabajaEn(curp,nombreestetica) VALUES ('IZMP514941RNHMRMH6','Hackett-Quitzon');
INSERT INTO veterinarioTrabajaEn(curp,nombreestetica) VALUES ('OAHK285400DRWWHBI9','Bartoletti-Crist');
INSERT INTO veterinarioTrabajaEn(curp,nombreestetica) VALUES ('YEXY438087HAKMHUL7','Monahan LLC');
INSERT INTO veterinarioTrabajaEn(curp,nombreestetica) VALUES ('RVNN920869TAQSOB47','Jaskolski Inc');
INSERT INTO veterinarioTrabajaEn(curp,nombreestetica) VALUES ('DOFT514177ANVZCA02','Roberts, Morissette and Hermiston');
INSERT INTO veterinarioTrabajaEn(curp,nombreestetica) VALUES ('IUPD738379RABGTRK6','Morar, Prosacco and Steuber');
INSERT INTO veterinarioTrabajaEn(curp,nombreestetica) VALUES ('LJTK374147RNSUGVS6','Sporer, Harris and Hauck');
INSERT INTO veterinarioTrabajaEn(curp,nombreestetica) VALUES ('IRPQ670683MXVONMF4','Gleason, Koss and Wiegand');
INSERT INTO veterinarioTrabajaEn(curp,nombreestetica) VALUES ('ESBY100087QBWNZJ78','Howell, Ritchie and Terry');
-- 	}}}


--- EstilistaTrabajaEn 	{{{
INSERT INTO estilistaTrabajaEn(curp,nombreestetica) VALUES ('OFWJ288665JVWQRBO4','Lubowitz, Christiansen and Barrows');
INSERT INTO estilistaTrabajaEn(curp,nombreestetica) VALUES ('OCEF659475AQJPAWG4','Zemlak-Morar');
INSERT INTO estilistaTrabajaEn(curp,nombreestetica) VALUES ('TYKB293725RNCDQQ92','Parisian-VonRueden');
INSERT INTO estilistaTrabajaEn(curp,nombreestetica) VALUES ('GXOQ855319VVQWVKT7','Jacobi-Gorczany');
INSERT INTO estilistaTrabajaEn(curp,nombreestetica) VALUES ('IAWU024287EXOPZW71','Casper, Tillman and Ernser');
INSERT INTO estilistaTrabajaEn(curp,nombreestetica) VALUES ('YWTO921592JJVDPJE9','Murazik and Sons');
INSERT INTO estilistaTrabajaEn(curp,nombreestetica) VALUES ('SWRR259307DSPDPKR5','Wolf and Sons');
INSERT INTO estilistaTrabajaEn(curp,nombreestetica) VALUES ('GQOV376739LGRLRMM8','Lynch-McClure');
INSERT INTO estilistaTrabajaEn(curp,nombreestetica) VALUES ('DQXQ753256NTBHSPX3','Gleason LLC');
INSERT INTO estilistaTrabajaEn(curp,nombreestetica) VALUES ('MAZP826268NKHBOCO1','Beer-Anderson');
INSERT INTO estilistaTrabajaEn(curp,nombreestetica) VALUES ('UQOO341278IDBFPF37','O''Keefe Group');
INSERT INTO estilistaTrabajaEn(curp,nombreestetica) VALUES ('ITSP270052BDGCRI31','Homenick-Kling');
INSERT INTO estilistaTrabajaEn(curp,nombreestetica) VALUES ('MLXZ854763MJVDMFB4','Kunde, Greenfelder and Moore');
INSERT INTO estilistaTrabajaEn(curp,nombreestetica) VALUES ('IAMG608557LHOQTCI7','Mertz-Lueilwitz');
INSERT INTO estilistaTrabajaEn(curp,nombreestetica) VALUES ('BMHM326085HEVZBCZ3','Hodkiewicz-Schaden');
INSERT INTO estilistaTrabajaEn(curp,nombreestetica) VALUES ('ACQJ184595SUUQIQP6','Bruen LLC');
INSERT INTO estilistaTrabajaEn(curp,nombreestetica) VALUES ('DDOP470479UTAPREY7','Sporer-D''Amore');
INSERT INTO estilistaTrabajaEn(curp,nombreestetica) VALUES ('SEHA559633AMBLEZN7','Farrell Group');
INSERT INTO estilistaTrabajaEn(curp,nombreestetica) VALUES ('MGDX817399DMDMYNW1','Wehner-Crooks');
INSERT INTO estilistaTrabajaEn(curp,nombreestetica) VALUES ('WTSR071977LKFGSH91','Murphy, Raynor and Kilback');
INSERT INTO estilistaTrabajaEn(curp,nombreestetica) VALUES ('YTXQ865947ULSPCDO0','Leannon-Durgan');
INSERT INTO estilistaTrabajaEn(curp,nombreestetica) VALUES ('BLAJ813286YIYMUO85','Goyette-Quitzon');
INSERT INTO estilistaTrabajaEn(curp,nombreestetica) VALUES ('QMAA590698GIMFTN61','Bartell Group');
INSERT INTO estilistaTrabajaEn(curp,nombreestetica) VALUES ('GBAA071088VGUXBGL1','Reichel Inc');
INSERT INTO estilistaTrabajaEn(curp,nombreestetica) VALUES ('VYPM879020ZVWSAX98','Renner Inc');
INSERT INTO estilistaTrabajaEn(curp,nombreestetica) VALUES ('CHOO353733ZSRSRYF9','Considine and Sons');
INSERT INTO estilistaTrabajaEn(curp,nombreestetica) VALUES ('FPNY684615YCOEQYD4','Beatty, Kilback and Keeling');
INSERT INTO estilistaTrabajaEn(curp,nombreestetica) VALUES ('BMKN337144TKYNTAD9','Mante Group');
INSERT INTO estilistaTrabajaEn(curp,nombreestetica) VALUES ('YGTG996480AHVSXUO7','Fisher and Sons');
INSERT INTO estilistaTrabajaEn(curp,nombreestetica) VALUES ('BWMI958277FFQLVNO3','Abshire, Kuhic and Franecki');
INSERT INTO estilistaTrabajaEn(curp,nombreestetica) VALUES ('DBUL394538FFZFIMM3','Rath Inc');
INSERT INTO estilistaTrabajaEn(curp,nombreestetica) VALUES ('CVIH990815PNIUEB94','Beer Inc');
INSERT INTO estilistaTrabajaEn(curp,nombreestetica) VALUES ('MCJL342533UAICLHP9','Koch, Wehner and Zieme');
INSERT INTO estilistaTrabajaEn(curp,nombreestetica) VALUES ('CXIZ860782GXZTJDZ9','Hackett, Veum and Wilkinson');
INSERT INTO estilistaTrabajaEn(curp,nombreestetica) VALUES ('TPEB737736CPPUNNJ0','Kuphal-Jakubowski');
INSERT INTO estilistaTrabajaEn(curp,nombreestetica) VALUES ('OXDZ347118EZIUTPA9','Conroy Inc');
INSERT INTO estilistaTrabajaEn(curp,nombreestetica) VALUES ('RSYG093686ZQNDINP5','Beer, Abernathy and Wyman');
INSERT INTO estilistaTrabajaEn(curp,nombreestetica) VALUES ('QREE445379YOQMXGW5','Christiansen, Murray and Walter');
INSERT INTO estilistaTrabajaEn(curp,nombreestetica) VALUES ('NHCI447484MKDDGMR3','Stracke-Mosciski');
INSERT INTO estilistaTrabajaEn(curp,nombreestetica) VALUES ('FWCZ822471BGNZQF91','Waelchi, Buckridge and Daugherty');
INSERT INTO estilistaTrabajaEn(curp,nombreestetica) VALUES ('SGQE149957WRUIBHQ6','Schowalter and Sons');
INSERT INTO estilistaTrabajaEn(curp,nombreestetica) VALUES ('GXLB701084AJBFCAV4','Kutch LLC');
INSERT INTO estilistaTrabajaEn(curp,nombreestetica) VALUES ('YFGL495513EHEXSKL2','Herman, Borer and Leffler');
INSERT INTO estilistaTrabajaEn(curp,nombreestetica) VALUES ('ECPA458661NXVYEHT5','Wilderman, Flatley and Lebsack');
INSERT INTO estilistaTrabajaEn(curp,nombreestetica) VALUES ('BBYO931255TBDGGBX1','Beahan, Langworth and Johnson');
INSERT INTO estilistaTrabajaEn(curp,nombreestetica) VALUES ('VQSQ572837SPNFLIJ1','Nader Group');
INSERT INTO estilistaTrabajaEn(curp,nombreestetica) VALUES ('MSFN398916ZTJRTMN2','Kilback Group');
INSERT INTO estilistaTrabajaEn(curp,nombreestetica) VALUES ('RVVG697746LGAXQZF6','Borer, Goyette and Berge');
INSERT INTO estilistaTrabajaEn(curp,nombreestetica) VALUES ('EDKU408441UESNWSB3','Kunze, Wehner and Stanton');
INSERT INTO estilistaTrabajaEn(curp,nombreestetica) VALUES ('SVDV980591EIVNMXT9','Huels-Simonis');
INSERT INTO estilistaTrabajaEn(curp,nombreestetica) VALUES ('ZWYX957022PPFLYF44','Effertz-Hauck');
INSERT INTO estilistaTrabajaEn(curp,nombreestetica) VALUES ('OTSK893630KLGCCHG8','Ziemann-Wunsch');
INSERT INTO estilistaTrabajaEn(curp,nombreestetica) VALUES ('JPTK679606EFLFTD68','Hansen, Larson and Quitzon');
INSERT INTO estilistaTrabajaEn(curp,nombreestetica) VALUES ('RQIW607461FMRZRI54','Ratke-Gislason');
INSERT INTO estilistaTrabajaEn(curp,nombreestetica) VALUES ('GUHT814155LQFNISQ6','Brekke and Sons');
INSERT INTO estilistaTrabajaEn(curp,nombreestetica) VALUES ('HSTV142761VFDEAYM5','Weimann-Stiedemann');
INSERT INTO estilistaTrabajaEn(curp,nombreestetica) VALUES ('DUVG267552QLUXGDC3','D''Amore-Mosciski');
INSERT INTO estilistaTrabajaEn(curp,nombreestetica) VALUES ('WAWU388447KKLVNPQ5','Kassulke Inc');
INSERT INTO estilistaTrabajaEn(curp,nombreestetica) VALUES ('UJOC651650QKNPVSJ6','Beatty Group');
INSERT INTO estilistaTrabajaEn(curp,nombreestetica) VALUES ('NWWB123195BUYBTX41','Donnelly-Ortiz');
INSERT INTO estilistaTrabajaEn(curp,nombreestetica) VALUES ('GSFC143724UMPHFM82','Krajcik LLC');
INSERT INTO estilistaTrabajaEn(curp,nombreestetica) VALUES ('UOKE128947WNMXFTV4','Hagenes Inc');
INSERT INTO estilistaTrabajaEn(curp,nombreestetica) VALUES ('FCPY821964ZUAXTVA9','Flatley-Stracke');
INSERT INTO estilistaTrabajaEn(curp,nombreestetica) VALUES ('BGHY613345WCRTJVN7','Marvin-Rodriguez');
INSERT INTO estilistaTrabajaEn(curp,nombreestetica) VALUES ('GSNC135882OKXFWVE3','Raynor-Krajcik');
INSERT INTO estilistaTrabajaEn(curp,nombreestetica) VALUES ('IWUA125673QFLAUTV0','Reynolds, Hagenes and VonRueden');
INSERT INTO estilistaTrabajaEn(curp,nombreestetica) VALUES ('IYLH607488JIHGPPJ7','Doyle-Funk');
INSERT INTO estilistaTrabajaEn(curp,nombreestetica) VALUES ('JSBX272961EGNLMY32','Feest, Muller and Rodriguez');
INSERT INTO estilistaTrabajaEn(curp,nombreestetica) VALUES ('HIXS745486QNTBOXS2','Roob, Beer and Wiegand');
INSERT INTO estilistaTrabajaEn(curp,nombreestetica) VALUES ('MYMD542935NULOAFN9','Feil-Schulist');
INSERT INTO estilistaTrabajaEn(curp,nombreestetica) VALUES ('NEUM485493GIULKN28','Treutel, Conn and O''Kon');
INSERT INTO estilistaTrabajaEn(curp,nombreestetica) VALUES ('PEVI724865OMDOUB71','Nitzsche-Hodkiewicz');
INSERT INTO estilistaTrabajaEn(curp,nombreestetica) VALUES ('VFJC662394HCOFUZV0','Huels-Deckow');
INSERT INTO estilistaTrabajaEn(curp,nombreestetica) VALUES ('XGTD139664MUFYTAB7','Koss Inc');
INSERT INTO estilistaTrabajaEn(curp,nombreestetica) VALUES ('TINM403324QANOFHB7','Hartmann, Bernhard and Yost');
INSERT INTO estilistaTrabajaEn(curp,nombreestetica) VALUES ('HQIS867421RBLDMXO5','Fay Group');
INSERT INTO estilistaTrabajaEn(curp,nombreestetica) VALUES ('XIZE744532AXVUUKQ5','Wiegand, Klein and Kshlerin');
INSERT INTO estilistaTrabajaEn(curp,nombreestetica) VALUES ('XPGU325798QYRCVSY4','Fisher-Buckridge');
INSERT INTO estilistaTrabajaEn(curp,nombreestetica) VALUES ('ALBF667849FJDRSH58','Kunze, Littel and Weissnat');
INSERT INTO estilistaTrabajaEn(curp,nombreestetica) VALUES ('KHWJ831358XTVQUCN3','Koss-Denesik');
INSERT INTO estilistaTrabajaEn(curp,nombreestetica) VALUES ('EIZO717418XAWHSAR1','Quigley LLC');
INSERT INTO estilistaTrabajaEn(curp,nombreestetica) VALUES ('DBXA207666CTKFLHZ8','Willms Inc');
INSERT INTO estilistaTrabajaEn(curp,nombreestetica) VALUES ('MZHW100134JJGOEX73','Marvin-Will');
INSERT INTO estilistaTrabajaEn(curp,nombreestetica) VALUES ('HYZR353519ZQLCEE82','Frami-Goyette');
INSERT INTO estilistaTrabajaEn(curp,nombreestetica) VALUES ('KHBG962159ITNFGZ70','Gerhold-Moore');
INSERT INTO estilistaTrabajaEn(curp,nombreestetica) VALUES ('EJLE650083JKPUCSV5','Reichert LLC');
INSERT INTO estilistaTrabajaEn(curp,nombreestetica) VALUES ('KCYM677694UXRSWJ36','Tremblay-Thiel');
INSERT INTO estilistaTrabajaEn(curp,nombreestetica) VALUES ('WYRA606183TGPSGV28','Von, Morissette and Heller');
INSERT INTO estilistaTrabajaEn(curp,nombreestetica) VALUES ('NXUD184845DGEIJZ10','Maggio, Sanford and Predovic');
INSERT INTO estilistaTrabajaEn(curp,nombreestetica) VALUES ('XFQB160085PQBPRFZ3','Cormier LLC');
INSERT INTO estilistaTrabajaEn(curp,nombreestetica) VALUES ('EUHO822656DDDYCKO8','Dietrich-Wintheiser');
INSERT INTO estilistaTrabajaEn(curp,nombreestetica) VALUES ('XJRR737957FNYSPPK5','Hackett-Quitzon');
INSERT INTO estilistaTrabajaEn(curp,nombreestetica) VALUES ('ONDG802526RWFUMW05','Bartoletti-Crist');
INSERT INTO estilistaTrabajaEn(curp,nombreestetica) VALUES ('MPBT867222UERQGZB0','Monahan LLC');
INSERT INTO estilistaTrabajaEn(curp,nombreestetica) VALUES ('ZCIV974366GQGRJSX9','Jaskolski Inc');
INSERT INTO estilistaTrabajaEn(curp,nombreestetica) VALUES ('BXTA324085MPNMVF14','Roberts, Morissette and Hermiston');
INSERT INTO estilistaTrabajaEn(curp,nombreestetica) VALUES ('GZFN097559OUGPQLP8','Morar, Prosacco and Steuber');
INSERT INTO estilistaTrabajaEn(curp,nombreestetica) VALUES ('ITCW312168RICYXO43','Sporer, Harris and Hauck');
INSERT INTO estilistaTrabajaEn(curp,nombreestetica) VALUES ('ZHJO450009VFLTRS07','Gleason, Koss and Wiegand');
INSERT INTO estilistaTrabajaEn(curp,nombreestetica) VALUES ('HTZF140562ZQFJJWD6','Howell, Ritchie and Terry');
-- 	}}}


--- ConsultaEmergencia 	{{{
INSERT INTO consultaEmergencia(idconsulta,sintomas,procedimiento) VALUES ('6YG6YP1DJTC7WRADJX','Trauma','Procedimiento para tratar traumas');
INSERT INTO consultaEmergencia(idconsulta,sintomas,procedimiento) VALUES ('QZ5QAIW8ALZM1XCVOY','Trauma','Procedimiento para tratar traumas');
INSERT INTO consultaEmergencia(idconsulta,sintomas,procedimiento) VALUES ('TKXGPMPV9EF63AIHB0','Intoxicacion','Procedimiento para tratar intoxicacion');
INSERT INTO consultaEmergencia(idconsulta,sintomas,procedimiento) VALUES ('1MVMOTJM77JLPJ110U','Intoxicacion','Procedimiento para tratar intoxicacion');
INSERT INTO consultaEmergencia(idconsulta,sintomas,procedimiento) VALUES ('OXBOCYKJ7GISQ3U14D','Intoxicacion','Procedimiento para tratar intoxicacion');
INSERT INTO consultaEmergencia(idconsulta,sintomas,procedimiento) VALUES ('RNB5ME9L76LRRPQZMS','Convulsiones','Estabilizar y observacion');
INSERT INTO consultaEmergencia(idconsulta,sintomas,procedimiento) VALUES ('OTIAGF07EI4DRT8VSY','Trauma','Procedimiento para tratar traumas');
INSERT INTO consultaEmergencia(idconsulta,sintomas,procedimiento) VALUES ('XCI06HHQGECF2SF8MS','Diarrea','Observacion');
INSERT INTO consultaEmergencia(idconsulta,sintomas,procedimiento) VALUES ('9C76MCM624DVOKSJ55','Trauma','Procedimiento para tratar traumas');
INSERT INTO consultaEmergencia(idconsulta,sintomas,procedimiento) VALUES ('DTSFDLP4GD9VNDSOC0','Convulsiones','Estabilizar y observacion');
INSERT INTO consultaEmergencia(idconsulta,sintomas,procedimiento) VALUES ('2NOLYTUR0GGKGCEWGF','Diarrea','Observacion');
INSERT INTO consultaEmergencia(idconsulta,sintomas,procedimiento) VALUES ('USTKDEMRR3OI12A37M','Convulsiones','Estabilizar y observacion');
INSERT INTO consultaEmergencia(idconsulta,sintomas,procedimiento) VALUES ('RA6H51GTQ2TUBO56ZA','Problemas de parto','Procedimiento para asistir partos');
INSERT INTO consultaEmergencia(idconsulta,sintomas,procedimiento) VALUES ('XUPNIWR5D6O40W1JBV','Problemas de parto','Procedimiento para asistir partos');
INSERT INTO consultaEmergencia(idconsulta,sintomas,procedimiento) VALUES ('PIJON5SVGJ6KB5PHMF','Diarrea','Observacion');
INSERT INTO consultaEmergencia(idconsulta,sintomas,procedimiento) VALUES ('FA6AXNQNCH9H6O6JN9','Convulsiones','Estabilizar y observacion');
INSERT INTO consultaEmergencia(idconsulta,sintomas,procedimiento) VALUES ('REWO5KS3QQA22LA3X5','Convulsiones','Estabilizar y observacion');
INSERT INTO consultaEmergencia(idconsulta,sintomas,procedimiento) VALUES ('YBN4SDE3FBFOV298JZ','Convulsiones','Estabilizar y observacion');
INSERT INTO consultaEmergencia(idconsulta,sintomas,procedimiento) VALUES ('ISO39WOGMATGUE6S45','Diarrea','Observacion');
INSERT INTO consultaEmergencia(idconsulta,sintomas,procedimiento) VALUES ('Q829E7DO6PBT1DWBVN','Convulsiones','Estabilizar y observacion');
INSERT INTO consultaEmergencia(idconsulta,sintomas,procedimiento) VALUES ('KZZ7OPQI0Q80J9U83R','Intoxicacion','Procedimiento para tratar intoxicacion');
INSERT INTO consultaEmergencia(idconsulta,sintomas,procedimiento) VALUES ('NNZ96UDU4L1UWZM08N','Trauma','Procedimiento para tratar traumas');
INSERT INTO consultaEmergencia(idconsulta,sintomas,procedimiento) VALUES ('ZPYIAU93M01S9YCKZM','Problemas de parto','Procedimiento para asistir partos');
INSERT INTO consultaEmergencia(idconsulta,sintomas,procedimiento) VALUES ('ZTCQQF4860UTPMB11M','Intoxicacion','Procedimiento para tratar intoxicacion');
INSERT INTO consultaEmergencia(idconsulta,sintomas,procedimiento) VALUES ('1JT5OL2G5Q920Z11Z3','Intoxicacion','Procedimiento para tratar intoxicacion');
INSERT INTO consultaEmergencia(idconsulta,sintomas,procedimiento) VALUES ('X6FAVCZFT6IQQ7NFXC','Problemas de parto','Procedimiento para asistir partos');
INSERT INTO consultaEmergencia(idconsulta,sintomas,procedimiento) VALUES ('YVNTHB5ND9M1DIAEUL','Convulsiones','Estabilizar y observacion');
INSERT INTO consultaEmergencia(idconsulta,sintomas,procedimiento) VALUES ('7QBKFTJ86N1YGFNBGG','Intoxicacion','Procedimiento para tratar intoxicacion');
INSERT INTO consultaEmergencia(idconsulta,sintomas,procedimiento) VALUES ('6JQVURK4MF9VF6R2BY','Problemas de parto','Procedimiento para asistir partos');
INSERT INTO consultaEmergencia(idconsulta,sintomas,procedimiento) VALUES ('JLKMCANNVB88RFXTI6','Trauma','Procedimiento para tratar traumas');
INSERT INTO consultaEmergencia(idconsulta,sintomas,procedimiento) VALUES ('UTY4FT1C7PEQMBDU49','Problemas de parto','Procedimiento para asistir partos');
INSERT INTO consultaEmergencia(idconsulta,sintomas,procedimiento) VALUES ('6VMU3X8KX7S93FWR2S','Convulsiones','Estabilizar y observacion');
INSERT INTO consultaEmergencia(idconsulta,sintomas,procedimiento) VALUES ('AZ7HC7NKDDDCN6A9H6','Trauma','Procedimiento para tratar traumas');
INSERT INTO consultaEmergencia(idconsulta,sintomas,procedimiento) VALUES ('5KRVZKLTYFWCY3EKVA','Convulsiones','Estabilizar y observacion');
INSERT INTO consultaEmergencia(idconsulta,sintomas,procedimiento) VALUES ('T0FBN78ULY6QD3ZFJY','Diarrea','Observacion');
INSERT INTO consultaEmergencia(idconsulta,sintomas,procedimiento) VALUES ('T9YPY68LWSZE99XAP9','Diarrea','Observacion');
INSERT INTO consultaEmergencia(idconsulta,sintomas,procedimiento) VALUES ('1MXMQQQIB1JG5379QP','Intoxicacion','Procedimiento para tratar intoxicacion');
INSERT INTO consultaEmergencia(idconsulta,sintomas,procedimiento) VALUES ('3K738L3DV8G8DJ8P1X','Diarrea','Observacion');
INSERT INTO consultaEmergencia(idconsulta,sintomas,procedimiento) VALUES ('8WU7GWFBGKSENE95YB','Intoxicacion','Procedimiento para tratar intoxicacion');
INSERT INTO consultaEmergencia(idconsulta,sintomas,procedimiento) VALUES ('5Z7KE473NNH7BIAVCM','Diarrea','Observacion');
INSERT INTO consultaEmergencia(idconsulta,sintomas,procedimiento) VALUES ('EVB8F2LC80SB421RUL','Diarrea','Observacion');
INSERT INTO consultaEmergencia(idconsulta,sintomas,procedimiento) VALUES ('NHDPVO2W26QL21HUII','Diarrea','Observacion');
INSERT INTO consultaEmergencia(idconsulta,sintomas,procedimiento) VALUES ('60K0LA4ZR41W56081Y','Problemas de parto','Procedimiento para asistir partos');
INSERT INTO consultaEmergencia(idconsulta,sintomas,procedimiento) VALUES ('96ADL67MTUG81YB6F6','Convulsiones','Estabilizar y observacion');
INSERT INTO consultaEmergencia(idconsulta,sintomas,procedimiento) VALUES ('UNJ248ONCSSHYQ3FP1','Trauma','Procedimiento para tratar traumas');
INSERT INTO consultaEmergencia(idconsulta,sintomas,procedimiento) VALUES ('2J37AQDWK50CR0EKBE','Convulsiones','Estabilizar y observacion');
INSERT INTO consultaEmergencia(idconsulta,sintomas,procedimiento) VALUES ('INWE82R82K1EK837Q4','Trauma','Procedimiento para tratar traumas');
INSERT INTO consultaEmergencia(idconsulta,sintomas,procedimiento) VALUES ('46WIFY9MHCDE6H3KA9','Trauma','Procedimiento para tratar traumas');
INSERT INTO consultaEmergencia(idconsulta,sintomas,procedimiento) VALUES ('1XTE84V3Z018D3POLW','Intoxicacion','Procedimiento para tratar intoxicacion');
INSERT INTO consultaEmergencia(idconsulta,sintomas,procedimiento) VALUES ('04HKA1C5DBXDC29PEC','Trauma','Procedimiento para tratar traumas');
INSERT INTO consultaEmergencia(idconsulta,sintomas,procedimiento) VALUES ('JMGASGDYMNGA7AQ4T8','Intoxicacion','Procedimiento para tratar intoxicacion');
INSERT INTO consultaEmergencia(idconsulta,sintomas,procedimiento) VALUES ('5AO32QV8TSRGSJKWE5','Intoxicacion','Procedimiento para tratar intoxicacion');
INSERT INTO consultaEmergencia(idconsulta,sintomas,procedimiento) VALUES ('6UHK7641776KUF76HL','Intoxicacion','Procedimiento para tratar intoxicacion');
INSERT INTO consultaEmergencia(idconsulta,sintomas,procedimiento) VALUES ('M8JU1F0WRIFN3ZUPCI','Convulsiones','Estabilizar y observacion');
INSERT INTO consultaEmergencia(idconsulta,sintomas,procedimiento) VALUES ('Q5BCYLM7H6LTSRTM3N','Trauma','Procedimiento para tratar traumas');
INSERT INTO consultaEmergencia(idconsulta,sintomas,procedimiento) VALUES ('R803UQ9DM9GSRSCUCU','Convulsiones','Estabilizar y observacion');
INSERT INTO consultaEmergencia(idconsulta,sintomas,procedimiento) VALUES ('3M93YLEZW6WCTPS6LF','Trauma','Procedimiento para tratar traumas');
INSERT INTO consultaEmergencia(idconsulta,sintomas,procedimiento) VALUES ('ZYBGJFPDXIB8SBO4ER','Diarrea','Observacion');
INSERT INTO consultaEmergencia(idconsulta,sintomas,procedimiento) VALUES ('C8GBPXGCXQ2L9EPTM2','Diarrea','Observacion');
INSERT INTO consultaEmergencia(idconsulta,sintomas,procedimiento) VALUES ('W6551M2YX03CXS1AF4','Trauma','Procedimiento para tratar traumas');
INSERT INTO consultaEmergencia(idconsulta,sintomas,procedimiento) VALUES ('5MBS1XUH2VY9SS2XQM','Intoxicacion','Procedimiento para tratar intoxicacion');
INSERT INTO consultaEmergencia(idconsulta,sintomas,procedimiento) VALUES ('VXKM1JKFYFMPMY3UU3','Diarrea','Observacion');
INSERT INTO consultaEmergencia(idconsulta,sintomas,procedimiento) VALUES ('I7BS76EQTYLHF855WO','Problemas de parto','Procedimiento para asistir partos');
INSERT INTO consultaEmergencia(idconsulta,sintomas,procedimiento) VALUES ('4RTIZCNS64YW9M277R','Convulsiones','Estabilizar y observacion');
INSERT INTO consultaEmergencia(idconsulta,sintomas,procedimiento) VALUES ('I0FUMEF1OV12MUIQJU','Problemas de parto','Procedimiento para asistir partos');
INSERT INTO consultaEmergencia(idconsulta,sintomas,procedimiento) VALUES ('6S0HANXU0FFXYZGRIS','Diarrea','Observacion');
INSERT INTO consultaEmergencia(idconsulta,sintomas,procedimiento) VALUES ('WLA8JO9SNBD4XAJIFU','Intoxicacion','Procedimiento para tratar intoxicacion');
INSERT INTO consultaEmergencia(idconsulta,sintomas,procedimiento) VALUES ('YI1889KTR9UQ2GHTNR','Trauma','Procedimiento para tratar traumas');
INSERT INTO consultaEmergencia(idconsulta,sintomas,procedimiento) VALUES ('RRZ7051CQPSJSJKLPG','Trauma','Procedimiento para tratar traumas');
INSERT INTO consultaEmergencia(idconsulta,sintomas,procedimiento) VALUES ('A3JATT2LBT976YJN4S','Trauma','Procedimiento para tratar traumas');
INSERT INTO consultaEmergencia(idconsulta,sintomas,procedimiento) VALUES ('EY8LHHHJ4ZYZDWY61Y','Problemas de parto','Procedimiento para asistir partos');
INSERT INTO consultaEmergencia(idconsulta,sintomas,procedimiento) VALUES ('PIQPQ3PCT67JIL9H21','Convulsiones','Estabilizar y observacion');
INSERT INTO consultaEmergencia(idconsulta,sintomas,procedimiento) VALUES ('WQLWRCEJ4VG1YE2P5J','Intoxicacion','Procedimiento para tratar intoxicacion');
INSERT INTO consultaEmergencia(idconsulta,sintomas,procedimiento) VALUES ('AVQ7X9AOZSOGVEW028','Intoxicacion','Procedimiento para tratar intoxicacion');
INSERT INTO consultaEmergencia(idconsulta,sintomas,procedimiento) VALUES ('AFL0MEITSV9EKHK129','Diarrea','Observacion');
INSERT INTO consultaEmergencia(idconsulta,sintomas,procedimiento) VALUES ('ZY5ZYZQ7ZAUHFWQPRC','Convulsiones','Estabilizar y observacion');
INSERT INTO consultaEmergencia(idconsulta,sintomas,procedimiento) VALUES ('V66XOZ3F73H00CQ6L5','Trauma','Procedimiento para tratar traumas');
INSERT INTO consultaEmergencia(idconsulta,sintomas,procedimiento) VALUES ('AA80TGN9H6QUNB4VLB','Convulsiones','Estabilizar y observacion');
INSERT INTO consultaEmergencia(idconsulta,sintomas,procedimiento) VALUES ('HB7S9AM19Y50WQV41P','Convulsiones','Estabilizar y observacion');
INSERT INTO consultaEmergencia(idconsulta,sintomas,procedimiento) VALUES ('GVCOPQBMBM22V08SQV','Trauma','Procedimiento para tratar traumas');
INSERT INTO consultaEmergencia(idconsulta,sintomas,procedimiento) VALUES ('DQXR0Z7BK0LBWR6TYT','Trauma','Procedimiento para tratar traumas');
INSERT INTO consultaEmergencia(idconsulta,sintomas,procedimiento) VALUES ('6E94GVPAF6LRW13YJO','Trauma','Procedimiento para tratar traumas');
INSERT INTO consultaEmergencia(idconsulta,sintomas,procedimiento) VALUES ('FMQYCJATWW30JVWVE8','Convulsiones','Estabilizar y observacion');
INSERT INTO consultaEmergencia(idconsulta,sintomas,procedimiento) VALUES ('YV7RL991CD7HK0IMV0','Diarrea','Observacion');
INSERT INTO consultaEmergencia(idconsulta,sintomas,procedimiento) VALUES ('ZPUXD76EKIETH7CJ1N','Intoxicacion','Procedimiento para tratar intoxicacion');
INSERT INTO consultaEmergencia(idconsulta,sintomas,procedimiento) VALUES ('X7ZCMJSCV8493R0FFS','Problemas de parto','Procedimiento para asistir partos');
INSERT INTO consultaEmergencia(idconsulta,sintomas,procedimiento) VALUES ('MNH6GONXMC0Z9MJ6PF','Convulsiones','Estabilizar y observacion');
INSERT INTO consultaEmergencia(idconsulta,sintomas,procedimiento) VALUES ('LVTYW73CXDY5AAZ9GH','Diarrea','Observacion');
INSERT INTO consultaEmergencia(idconsulta,sintomas,procedimiento) VALUES ('T9FQSSYNKKKUNEF2JE','Trauma','Procedimiento para tratar traumas');
INSERT INTO consultaEmergencia(idconsulta,sintomas,procedimiento) VALUES ('MNGG1P42VPH7GJ5R2O','Problemas de parto','Procedimiento para asistir partos');
INSERT INTO consultaEmergencia(idconsulta,sintomas,procedimiento) VALUES ('N7BYV5P7V85Q6NNHQN','Diarrea','Observacion');
INSERT INTO consultaEmergencia(idconsulta,sintomas,procedimiento) VALUES ('87CMR1E198GUKS7G6P','Convulsiones','Estabilizar y observacion');
INSERT INTO consultaEmergencia(idconsulta,sintomas,procedimiento) VALUES ('OAEYT5JXAXA4N1BUXD','Intoxicacion','Procedimiento para tratar intoxicacion');
INSERT INTO consultaEmergencia(idconsulta,sintomas,procedimiento) VALUES ('IYFPHWI0GDL32P6CCB','Problemas de parto','Procedimiento para asistir partos');
INSERT INTO consultaEmergencia(idconsulta,sintomas,procedimiento) VALUES ('SA7KN116LF206PXIWJ','Diarrea','Observacion');
INSERT INTO consultaEmergencia(idconsulta,sintomas,procedimiento) VALUES ('HKXTRR5QA3L43TPSYT','Problemas de parto','Procedimiento para asistir partos');
INSERT INTO consultaEmergencia(idconsulta,sintomas,procedimiento) VALUES ('Z4MQPI4AGN83IMZ9L3','Convulsiones','Estabilizar y observacion');
INSERT INTO consultaEmergencia(idconsulta,sintomas,procedimiento) VALUES ('JFLFM4HRANVU2WVLJA','Intoxicacion','Procedimiento para tratar intoxicacion');
INSERT INTO consultaEmergencia(idconsulta,sintomas,procedimiento) VALUES ('G5L6TG1TDD7PCNBM5Z','Trauma','Procedimiento para tratar traumas');
INSERT INTO consultaEmergencia(idconsulta,sintomas,procedimiento) VALUES ('3ZQSEBR6UMOCYTQNKR','Intoxicacion','Procedimiento para tratar intoxicacion');
-- 	}}}


--- Codigo   (de Emergencia) 	{{{
INSERT INTO codigo(idconsulta,codigo) VALUES ('6YG6YP1DJTC7WRADJX','SXDL-OR8S-LRCL-GCM');
INSERT INTO codigo(idconsulta,codigo) VALUES ('QZ5QAIW8ALZM1XCVOY','ET4C-FFNH-SSPV-YBQ');
INSERT INTO codigo(idconsulta,codigo) VALUES ('TKXGPMPV9EF63AIHB0','LQV2-LF5S-25JQ-R3F');
INSERT INTO codigo(idconsulta,codigo) VALUES ('1MVMOTJM77JLPJ110U','B538-XNCL-IMKJ-32X');
INSERT INTO codigo(idconsulta,codigo) VALUES ('OXBOCYKJ7GISQ3U14D','VH7U-0XU6-0D35-80G');
INSERT INTO codigo(idconsulta,codigo) VALUES ('RNB5ME9L76LRRPQZMS','B12L-I2W7-ITIL-5XG');
INSERT INTO codigo(idconsulta,codigo) VALUES ('OTIAGF07EI4DRT8VSY','BFDK-HM5K-QVRP-ULK');
INSERT INTO codigo(idconsulta,codigo) VALUES ('XCI06HHQGECF2SF8MS','SNR6-L3O5-I89O-DA5');
INSERT INTO codigo(idconsulta,codigo) VALUES ('9C76MCM624DVOKSJ55','SQXU-YP4F-5DUR-JMQ');
INSERT INTO codigo(idconsulta,codigo) VALUES ('DTSFDLP4GD9VNDSOC0','R54U-V5YE-6N2F-BEE');
INSERT INTO codigo(idconsulta,codigo) VALUES ('2NOLYTUR0GGKGCEWGF','8F5M-OGT5-8P1K-OXV');
INSERT INTO codigo(idconsulta,codigo) VALUES ('USTKDEMRR3OI12A37M','MB7J-8J8I-DWAX-PTU');
INSERT INTO codigo(idconsulta,codigo) VALUES ('RA6H51GTQ2TUBO56ZA','R31R-247B-V6ES-3ZH');
INSERT INTO codigo(idconsulta,codigo) VALUES ('XUPNIWR5D6O40W1JBV','BB29-UICR-5PCC-I7B');
INSERT INTO codigo(idconsulta,codigo) VALUES ('PIJON5SVGJ6KB5PHMF','3GLD-MMWE-735Y-3UI');
INSERT INTO codigo(idconsulta,codigo) VALUES ('FA6AXNQNCH9H6O6JN9','K31G-RCMI-ETA0-AT6');
INSERT INTO codigo(idconsulta,codigo) VALUES ('REWO5KS3QQA22LA3X5','1TGJ-P7GX-PKG3-81Y');
INSERT INTO codigo(idconsulta,codigo) VALUES ('YBN4SDE3FBFOV298JZ','XFE1-UEB1-9PWZ-500');
INSERT INTO codigo(idconsulta,codigo) VALUES ('ISO39WOGMATGUE6S45','I7AJ-VALS-S0FP-JLF');
INSERT INTO codigo(idconsulta,codigo) VALUES ('Q829E7DO6PBT1DWBVN','UC9H-P2OG-LUFV-8MK');
INSERT INTO codigo(idconsulta,codigo) VALUES ('KZZ7OPQI0Q80J9U83R','N5DB-8HCI-EGOR-L10');
INSERT INTO codigo(idconsulta,codigo) VALUES ('NNZ96UDU4L1UWZM08N','7JYW-J6L9-1Q1R-6GJ');
INSERT INTO codigo(idconsulta,codigo) VALUES ('ZPYIAU93M01S9YCKZM','FSFW-5Z9Q-KH3Y-1W8');
INSERT INTO codigo(idconsulta,codigo) VALUES ('ZTCQQF4860UTPMB11M','6RRU-ZZC3-0HUF-BAK');
INSERT INTO codigo(idconsulta,codigo) VALUES ('1JT5OL2G5Q920Z11Z3','HSYO-PJ3R-SG1A-Q2J');
INSERT INTO codigo(idconsulta,codigo) VALUES ('X6FAVCZFT6IQQ7NFXC','2T1P-N1IO-41UP-CQI');
INSERT INTO codigo(idconsulta,codigo) VALUES ('YVNTHB5ND9M1DIAEUL','W979-TYP3-JT1X-F0H');
INSERT INTO codigo(idconsulta,codigo) VALUES ('7QBKFTJ86N1YGFNBGG','9VS0-KPK1-WR8Q-EFJ');
INSERT INTO codigo(idconsulta,codigo) VALUES ('6JQVURK4MF9VF6R2BY','27FX-NSPF-6788-X66');
INSERT INTO codigo(idconsulta,codigo) VALUES ('JLKMCANNVB88RFXTI6','90T3-O20R-RIWT-7VT');
INSERT INTO codigo(idconsulta,codigo) VALUES ('UTY4FT1C7PEQMBDU49','U5Q3-VSOD-GGQB-5HE');
INSERT INTO codigo(idconsulta,codigo) VALUES ('6VMU3X8KX7S93FWR2S','E8HX-FSKH-YPNW-ZSJ');
INSERT INTO codigo(idconsulta,codigo) VALUES ('AZ7HC7NKDDDCN6A9H6','4C79-7OCS-L9A9-I33');
INSERT INTO codigo(idconsulta,codigo) VALUES ('5KRVZKLTYFWCY3EKVA','FFUM-IHZU-W0M3-82H');
INSERT INTO codigo(idconsulta,codigo) VALUES ('T0FBN78ULY6QD3ZFJY','ZMWI-7T6G-ELR6-9ST');
INSERT INTO codigo(idconsulta,codigo) VALUES ('T9YPY68LWSZE99XAP9','4RMW-ACD8-ZGA3-Y6Z');
INSERT INTO codigo(idconsulta,codigo) VALUES ('1MXMQQQIB1JG5379QP','Y8JE-DU7O-JWE0-EO3');
INSERT INTO codigo(idconsulta,codigo) VALUES ('3K738L3DV8G8DJ8P1X','4XZH-94G3-1PLO-5PV');
INSERT INTO codigo(idconsulta,codigo) VALUES ('8WU7GWFBGKSENE95YB','5GAP-3T9J-OD1Q-OQJ');
INSERT INTO codigo(idconsulta,codigo) VALUES ('5Z7KE473NNH7BIAVCM','ML6U-ERWG-5NDU-UZR');
INSERT INTO codigo(idconsulta,codigo) VALUES ('EVB8F2LC80SB421RUL','DZIV-IDJU-G4GR-J54');
INSERT INTO codigo(idconsulta,codigo) VALUES ('NHDPVO2W26QL21HUII','HARU-XKNR-CIL1-UGB');
INSERT INTO codigo(idconsulta,codigo) VALUES ('60K0LA4ZR41W56081Y','7JP1-23VX-H8BK-UWW');
INSERT INTO codigo(idconsulta,codigo) VALUES ('96ADL67MTUG81YB6F6','X56S-AGHP-6ZQF-TN0');
INSERT INTO codigo(idconsulta,codigo) VALUES ('UNJ248ONCSSHYQ3FP1','JO4P-ESCC-ZP4T-SSX');
INSERT INTO codigo(idconsulta,codigo) VALUES ('2J37AQDWK50CR0EKBE','JF6I-RPII-OFH9-MGH');
INSERT INTO codigo(idconsulta,codigo) VALUES ('INWE82R82K1EK837Q4','HH8R-V5OB-0AST-YC2');
INSERT INTO codigo(idconsulta,codigo) VALUES ('46WIFY9MHCDE6H3KA9','P8PI-Q9QM-4VZZ-M9C');
INSERT INTO codigo(idconsulta,codigo) VALUES ('1XTE84V3Z018D3POLW','57C5-XB3E-LGML-6MW');
INSERT INTO codigo(idconsulta,codigo) VALUES ('04HKA1C5DBXDC29PEC','UFWZ-GYZA-J6ND-S0J');
INSERT INTO codigo(idconsulta,codigo) VALUES ('JMGASGDYMNGA7AQ4T8','QBEG-2LY0-9WBR-D0U');
INSERT INTO codigo(idconsulta,codigo) VALUES ('5AO32QV8TSRGSJKWE5','GUBI-GOMR-HQ6B-4OQ');
INSERT INTO codigo(idconsulta,codigo) VALUES ('6UHK7641776KUF76HL','3XJ9-Q6GT-YDKQ-UZJ');
INSERT INTO codigo(idconsulta,codigo) VALUES ('M8JU1F0WRIFN3ZUPCI','KXRK-1ZHW-V7VH-5AB');
INSERT INTO codigo(idconsulta,codigo) VALUES ('Q5BCYLM7H6LTSRTM3N','ZP7Y-YCUO-72HN-QJG');
INSERT INTO codigo(idconsulta,codigo) VALUES ('R803UQ9DM9GSRSCUCU','HIX5-CQ94-TB5V-Z2W');
INSERT INTO codigo(idconsulta,codigo) VALUES ('3M93YLEZW6WCTPS6LF','YOZY-14VL-2JDA-VV1');
INSERT INTO codigo(idconsulta,codigo) VALUES ('ZYBGJFPDXIB8SBO4ER','A9HZ-2TU0-YK1T-3OH');
INSERT INTO codigo(idconsulta,codigo) VALUES ('C8GBPXGCXQ2L9EPTM2','U325-D3E3-ET37-KLB');
INSERT INTO codigo(idconsulta,codigo) VALUES ('W6551M2YX03CXS1AF4','FKMG-KHPK-LDHI-BIO');
INSERT INTO codigo(idconsulta,codigo) VALUES ('5MBS1XUH2VY9SS2XQM','T1D8-XC6Z-CU6T-N0Y');
INSERT INTO codigo(idconsulta,codigo) VALUES ('VXKM1JKFYFMPMY3UU3','92PZ-0X7W-E2II-NW7');
INSERT INTO codigo(idconsulta,codigo) VALUES ('I7BS76EQTYLHF855WO','U2HZ-13XY-MM8V-KU0');
INSERT INTO codigo(idconsulta,codigo) VALUES ('4RTIZCNS64YW9M277R','BQC6-9HM9-DPV9-Y29');
INSERT INTO codigo(idconsulta,codigo) VALUES ('I0FUMEF1OV12MUIQJU','PEIZ-R9G5-97AJ-DA7');
INSERT INTO codigo(idconsulta,codigo) VALUES ('6S0HANXU0FFXYZGRIS','APRH-J6VW-2JLR-X6G');
INSERT INTO codigo(idconsulta,codigo) VALUES ('WLA8JO9SNBD4XAJIFU','8YTQ-GDRW-1Y4Z-XZP');
INSERT INTO codigo(idconsulta,codigo) VALUES ('YI1889KTR9UQ2GHTNR','YE1T-FOC2-R5N4-YNV');
INSERT INTO codigo(idconsulta,codigo) VALUES ('RRZ7051CQPSJSJKLPG','AB16-P6HV-BD24-M47');
INSERT INTO codigo(idconsulta,codigo) VALUES ('A3JATT2LBT976YJN4S','OEPQ-MD8L-8TDX-14T');
INSERT INTO codigo(idconsulta,codigo) VALUES ('EY8LHHHJ4ZYZDWY61Y','QFZI-J61J-E5Y5-B5O');
INSERT INTO codigo(idconsulta,codigo) VALUES ('PIQPQ3PCT67JIL9H21','TVC5-4UHJ-BB07-RMF');
INSERT INTO codigo(idconsulta,codigo) VALUES ('WQLWRCEJ4VG1YE2P5J','MOZL-9GRI-AOSR-NQ7');
INSERT INTO codigo(idconsulta,codigo) VALUES ('AVQ7X9AOZSOGVEW028','V1YM-NBHS-KHYF-W9K');
INSERT INTO codigo(idconsulta,codigo) VALUES ('AFL0MEITSV9EKHK129','4CJL-CMPE-NN5E-P0O');
INSERT INTO codigo(idconsulta,codigo) VALUES ('ZY5ZYZQ7ZAUHFWQPRC','0XSY-B6YR-L0DA-K5Y');
INSERT INTO codigo(idconsulta,codigo) VALUES ('V66XOZ3F73H00CQ6L5','8SC4-L99M-W20O-BZS');
INSERT INTO codigo(idconsulta,codigo) VALUES ('AA80TGN9H6QUNB4VLB','UJGD-CFSD-JVVU-JAV');
INSERT INTO codigo(idconsulta,codigo) VALUES ('HB7S9AM19Y50WQV41P','4HY0-VJ2Y-0VLM-61N');
INSERT INTO codigo(idconsulta,codigo) VALUES ('GVCOPQBMBM22V08SQV','SJ3F-KN1G-5893-8X1');
INSERT INTO codigo(idconsulta,codigo) VALUES ('DQXR0Z7BK0LBWR6TYT','M6ZF-A6QY-YJS4-UOP');
INSERT INTO codigo(idconsulta,codigo) VALUES ('6E94GVPAF6LRW13YJO','N38K-CHVN-B085-4RK');
INSERT INTO codigo(idconsulta,codigo) VALUES ('FMQYCJATWW30JVWVE8','MTB3-NZIG-HQQA-K66');
INSERT INTO codigo(idconsulta,codigo) VALUES ('YV7RL991CD7HK0IMV0','AQMD-QMQW-MUKZ-1W7');
INSERT INTO codigo(idconsulta,codigo) VALUES ('ZPUXD76EKIETH7CJ1N','NWDE-NLAC-X3NE-KN6');
INSERT INTO codigo(idconsulta,codigo) VALUES ('X7ZCMJSCV8493R0FFS','SKOI-78OK-9BR8-8ZL');
INSERT INTO codigo(idconsulta,codigo) VALUES ('MNH6GONXMC0Z9MJ6PF','FNE4-RJH0-OW46-OVY');
INSERT INTO codigo(idconsulta,codigo) VALUES ('LVTYW73CXDY5AAZ9GH','H2GD-9LEB-1W8F-TKG');
INSERT INTO codigo(idconsulta,codigo) VALUES ('T9FQSSYNKKKUNEF2JE','V3IA-OSWB-N434-HRY');
INSERT INTO codigo(idconsulta,codigo) VALUES ('MNGG1P42VPH7GJ5R2O','GMNV-GAP7-JNW3-3NY');
INSERT INTO codigo(idconsulta,codigo) VALUES ('N7BYV5P7V85Q6NNHQN','5VDR-VF6W-XOZ1-ZGE');
INSERT INTO codigo(idconsulta,codigo) VALUES ('87CMR1E198GUKS7G6P','XTSP-A2IW-G0G3-W8N');
INSERT INTO codigo(idconsulta,codigo) VALUES ('OAEYT5JXAXA4N1BUXD','4SKP-IJ14-F8QC-1L6');
INSERT INTO codigo(idconsulta,codigo) VALUES ('IYFPHWI0GDL32P6CCB','RO4B-IGQ3-N311-BSG');
INSERT INTO codigo(idconsulta,codigo) VALUES ('SA7KN116LF206PXIWJ','440Q-DOC2-4D1F-R1I');
INSERT INTO codigo(idconsulta,codigo) VALUES ('HKXTRR5QA3L43TPSYT','OQ0D-AI0H-BHSS-VY5');
INSERT INTO codigo(idconsulta,codigo) VALUES ('Z4MQPI4AGN83IMZ9L3','1LN0-ZU6C-HFTU-14N');
INSERT INTO codigo(idconsulta,codigo) VALUES ('JFLFM4HRANVU2WVLJA','I5PF-9LBA-G7OP-YVS');
INSERT INTO codigo(idconsulta,codigo) VALUES ('G5L6TG1TDD7PCNBM5Z','TENW-NSSV-97M8-VBS');
INSERT INTO codigo(idconsulta,codigo) VALUES ('3ZQSEBR6UMOCYTQNKR','8MJ0-QUSO-OF70-GW3');
-- 	}}}


--- ConsutaNormal 	{{{
INSERT INTO consultaNormal(idconsulta,motivos,fecha,proximarevision,estado,medicamentosrecetados) VALUES ('LVW1ILCYI9N9VOEJX0','Revision','2021-12-29','2022-01-01','Enfermo','Isopropyl Alcohol');
INSERT INTO consultaNormal(idconsulta,motivos,fecha,proximarevision,estado,medicamentosrecetados) VALUES ('V90B0N9JY7J1NKD38A','Revision','2021-10-04','2021-10-11','Delicado','Hydralazine Hydrochloride');
INSERT INTO consultaNormal(idconsulta,motivos,fecha,proximarevision,estado,medicamentosrecetados) VALUES ('P08O3NUP8LU5B3AW51','Consulta','2022-02-20','2022-02-22','Delicado','Armodafinil');
INSERT INTO consultaNormal(idconsulta,motivos,fecha,proximarevision,estado,medicamentosrecetados) VALUES ('SIOZFWZEWAXEWUP5NS','Consulta','2022-01-21','2022-01-26','Sano','hydrochlorothiazide and triamterene');
INSERT INTO consultaNormal(idconsulta,motivos,fecha,proximarevision,estado,medicamentosrecetados) VALUES ('ZK5NE03L3365GMVIA6','Revision','2021-08-08','2021-08-13','Sano','octreotide acetate');
INSERT INTO consultaNormal(idconsulta,motivos,fecha,proximarevision,estado,medicamentosrecetados) VALUES ('F3BOZLCGGY22DCGPFC','Consulta','2022-04-10','2022-04-14','Enfermo','Tramadol Hydrochloride');
INSERT INTO consultaNormal(idconsulta,motivos,fecha,proximarevision,estado,medicamentosrecetados) VALUES ('CNEIYWZTHAXW6CHA71','Consulta','2021-12-16','2021-12-19','Delicado','Titanium Dioxide and Zinc Oxide');
INSERT INTO consultaNormal(idconsulta,motivos,fecha,proximarevision,estado,medicamentosrecetados) VALUES ('76O61U4VIFUYKX18M7','Revision','2021-08-13','2021-08-22','Delicado','Diphenhydramine HCl, Phenylephrine HCl');
INSERT INTO consultaNormal(idconsulta,motivos,fecha,proximarevision,estado,medicamentosrecetados) VALUES ('K3UH0Q5GD6QCCJG4YC','Revision','2022-03-20','2022-03-22','Enfermo','Lime');
INSERT INTO consultaNormal(idconsulta,motivos,fecha,proximarevision,estado,medicamentosrecetados) VALUES ('VKLD7YC1RS31H2271E','Revision','2021-11-11','2021-11-17','Delicado','Ampicillin sodium');
INSERT INTO consultaNormal(idconsulta,motivos,fecha,proximarevision,estado,medicamentosrecetados) VALUES ('DJRJTGGRKLE5J4I0TZ','Consulta','2021-07-04','2021-07-14','Delicado','SODIUM MONOFLUOROPHOSPHATE');
INSERT INTO consultaNormal(idconsulta,motivos,fecha,proximarevision,estado,medicamentosrecetados) VALUES ('IS2RN0D3H6ZCMI9QDV','Revision','2021-12-09','2021-12-12','Enfermo','WITCH HAZEL');
INSERT INTO consultaNormal(idconsulta,motivos,fecha,proximarevision,estado,medicamentosrecetados) VALUES ('L6MMUBPMFCWSMLXLYX','Revision','2021-11-12','2021-11-18','Enfermo','carbidopa and levodopa');
INSERT INTO consultaNormal(idconsulta,motivos,fecha,proximarevision,estado,medicamentosrecetados) VALUES ('LI0VNA336UEXI7XNAC','Consulta','2021-06-22','2021-06-24','Enfermo','ALUMINUM CHLOROHYDRATE');
INSERT INTO consultaNormal(idconsulta,motivos,fecha,proximarevision,estado,medicamentosrecetados) VALUES ('27P9XQF9K7OIIL4KRA','Consulta','2021-10-23','2021-10-25','Sano','perampanel');
INSERT INTO consultaNormal(idconsulta,motivos,fecha,proximarevision,estado,medicamentosrecetados) VALUES ('MMCACDVLGMN4UJK86F','Consulta','2021-07-04','2021-07-10','Delicado','Avobenzone, Octinoxate, Octisalate, Octocrylene');
INSERT INTO consultaNormal(idconsulta,motivos,fecha,proximarevision,estado,medicamentosrecetados) VALUES ('YE1ESLY7G793PD2GXU','Revision','2021-05-18','2021-05-23','Sano','Amoxicillin and Clavulanate Potassium');
INSERT INTO consultaNormal(idconsulta,motivos,fecha,proximarevision,estado,medicamentosrecetados) VALUES ('UW25FE5LBOI0ZMQ9X0','Consulta','2021-07-20','2021-07-25','Enfermo','Aluminum Sesquichlorohydrate');
INSERT INTO consultaNormal(idconsulta,motivos,fecha,proximarevision,estado,medicamentosrecetados) VALUES ('KOC0R67AHEKFD3LFBR','Consulta','2021-10-03','2021-10-07','Delicado','Mannitol');
INSERT INTO consultaNormal(idconsulta,motivos,fecha,proximarevision,estado,medicamentosrecetados) VALUES ('X7VGCMCOW8F0RH6PHV','Revision','2021-07-08','2021-07-15','Enfermo','AVOBENZONE, HOMOSALATE, OCTISALATE, OCTOCRYLENE, OXYBENZONE');
INSERT INTO consultaNormal(idconsulta,motivos,fecha,proximarevision,estado,medicamentosrecetados) VALUES ('PNBC8K645NH4JT8RM2','Revision','2021-10-04','2021-10-07','Sano','topiramate');
INSERT INTO consultaNormal(idconsulta,motivos,fecha,proximarevision,estado,medicamentosrecetados) VALUES ('ZHEGF60OSC5UUD5QJB','Revision','2022-04-01','2022-04-08','Sano','aliskiren hemifumarate and hydrochlorothiazide');
INSERT INTO consultaNormal(idconsulta,motivos,fecha,proximarevision,estado,medicamentosrecetados) VALUES ('WY04XTZTG39EKI4T14','Consulta','2021-09-03','2021-09-13','Sano','amlodipine besylate');
INSERT INTO consultaNormal(idconsulta,motivos,fecha,proximarevision,estado,medicamentosrecetados) VALUES ('FAHHG2ENP6XLVJ2QY8','Consulta','2021-12-12','2021-12-14','Enfermo','LIDOCAINE MENTHOL');
INSERT INTO consultaNormal(idconsulta,motivos,fecha,proximarevision,estado,medicamentosrecetados) VALUES ('SU3NX6PGN58AKJ9ZDS','Revision','2021-05-12','2021-05-16','Enfermo','TRICLOSAN');
INSERT INTO consultaNormal(idconsulta,motivos,fecha,proximarevision,estado,medicamentosrecetados) VALUES ('07GRCGC3QHXIKNSR7T','Revision','2022-01-06','2022-01-16','Sano','rizatriptan benzoate');
INSERT INTO consultaNormal(idconsulta,motivos,fecha,proximarevision,estado,medicamentosrecetados) VALUES ('KXTWCJ6VBI0NVRSI7D','Revision','2021-07-22','2021-07-28','Enfermo','Titanium Dioxide, Octinoxate/EthylhexylMehtoxycinnamate');
INSERT INTO consultaNormal(idconsulta,motivos,fecha,proximarevision,estado,medicamentosrecetados) VALUES ('644MXBM9S7JR9G29II','Revision','2022-03-03','2022-03-11','Delicado','Ondansetron');
INSERT INTO consultaNormal(idconsulta,motivos,fecha,proximarevision,estado,medicamentosrecetados) VALUES ('6LB9ZTATFOFZ1DGIQI','Revision','2021-12-18','2021-12-24','Sano','riociguat');
INSERT INTO consultaNormal(idconsulta,motivos,fecha,proximarevision,estado,medicamentosrecetados) VALUES ('K0LW1FGC7MAPV44QTF','Revision','2022-03-18','2022-03-22','Sano','BETHANECHOL CHLORIDE');
INSERT INTO consultaNormal(idconsulta,motivos,fecha,proximarevision,estado,medicamentosrecetados) VALUES ('YQ4VMOB2Y719VWQ71Y','Consulta','2021-06-12','2021-06-18','Sano','Loperamide HCl');
INSERT INTO consultaNormal(idconsulta,motivos,fecha,proximarevision,estado,medicamentosrecetados) VALUES ('6S7A5BC6JN1Y1QJTN3','Consulta','2021-08-28','2021-09-04','Enfermo','Omeprazole');
INSERT INTO consultaNormal(idconsulta,motivos,fecha,proximarevision,estado,medicamentosrecetados) VALUES ('7ETG2P3E2YSCXUT8AV','Consulta','2021-06-21','2021-06-27','Enfermo','fluvoxamine maleate');
INSERT INTO consultaNormal(idconsulta,motivos,fecha,proximarevision,estado,medicamentosrecetados) VALUES ('4RYA92WTJEQZGX1W05','Consulta','2021-09-10','2021-09-12','Delicado','FENTANYL CITRATE');
INSERT INTO consultaNormal(idconsulta,motivos,fecha,proximarevision,estado,medicamentosrecetados) VALUES ('MB0IB6UKLMK4D2HNJW','Revision','2021-12-12','2021-12-21','Delicado','Zinc Oxide and White Petrolatum');
INSERT INTO consultaNormal(idconsulta,motivos,fecha,proximarevision,estado,medicamentosrecetados) VALUES ('KYR6DWGRN5JKQ1KQ46','Revision','2021-08-10','2021-08-16','Sano','Erythropoietin');
INSERT INTO consultaNormal(idconsulta,motivos,fecha,proximarevision,estado,medicamentosrecetados) VALUES ('8NRBQZRXD0WRA4960G','Revision','2022-02-04','2022-02-08','Sano','aluminum hydroxide, magnesium hydroxide, dimethicone');
INSERT INTO consultaNormal(idconsulta,motivos,fecha,proximarevision,estado,medicamentosrecetados) VALUES ('A8LIM44W6G3OABKH7B','Consulta','2022-03-26','2022-04-01','Enfermo','Gabapentin');
INSERT INTO consultaNormal(idconsulta,motivos,fecha,proximarevision,estado,medicamentosrecetados) VALUES ('H3AR5QZDI40D56C9DZ','Consulta','2021-10-04','2021-10-07','Enfermo','Poplar');
INSERT INTO consultaNormal(idconsulta,motivos,fecha,proximarevision,estado,medicamentosrecetados) VALUES ('N78L6OQV5QN4NA2LXP','Consulta','2021-10-09','2021-10-12','Delicado','Homosalate, Octinoxate, Oxybenzone, Avobenzone');
INSERT INTO consultaNormal(idconsulta,motivos,fecha,proximarevision,estado,medicamentosrecetados) VALUES ('3W2G0EMO67JDNF19NW','Revision','2022-03-07','2022-03-13','Sano','Cultivated Oat');
INSERT INTO consultaNormal(idconsulta,motivos,fecha,proximarevision,estado,medicamentosrecetados) VALUES ('VE01NVT4BQZCNDYVWO','Consulta','2022-03-05','2022-03-09','Delicado','pyrantel pamoate');
INSERT INTO consultaNormal(idconsulta,motivos,fecha,proximarevision,estado,medicamentosrecetados) VALUES ('J61CWPNKXFT8Z05X8I','Consulta','2021-11-04','2021-11-12','Enfermo','halobetasol propionate');
INSERT INTO consultaNormal(idconsulta,motivos,fecha,proximarevision,estado,medicamentosrecetados) VALUES ('WWEA5QPWUC7ESYQ2JM','Revision','2022-04-12','2022-04-14','Delicado','Acetaminophen');
INSERT INTO consultaNormal(idconsulta,motivos,fecha,proximarevision,estado,medicamentosrecetados) VALUES ('OPM0KDOFHUNK7JCEPH','Revision','2021-05-18','2021-05-25','Delicado','digoxin');
INSERT INTO consultaNormal(idconsulta,motivos,fecha,proximarevision,estado,medicamentosrecetados) VALUES ('KAPY39HSJLRPL4B27O','Revision','2021-08-03','2021-08-11','Sano','lamotrigine');
INSERT INTO consultaNormal(idconsulta,motivos,fecha,proximarevision,estado,medicamentosrecetados) VALUES ('77V4EEVQ3TA23I73ZQ','Consulta','2021-11-01','2021-11-04','Sano','Gabapentin');
INSERT INTO consultaNormal(idconsulta,motivos,fecha,proximarevision,estado,medicamentosrecetados) VALUES ('L0TU1LVDP3F7G6BGFI','Revision','2021-05-29','2021-06-08','Delicado','Ranitidine');
INSERT INTO consultaNormal(idconsulta,motivos,fecha,proximarevision,estado,medicamentosrecetados) VALUES ('J4XFKKX0VJMKT31GCQ','Consulta','2021-08-28','2021-09-05','Delicado','Buspirone');
INSERT INTO consultaNormal(idconsulta,motivos,fecha,proximarevision,estado,medicamentosrecetados) VALUES ('IF4VEA1F6C1AIGOU8T','Consulta','2021-07-05','2021-07-14','Enfermo','Naproxen');
INSERT INTO consultaNormal(idconsulta,motivos,fecha,proximarevision,estado,medicamentosrecetados) VALUES ('44IQJZSP21MHW822VF','Consulta','2021-12-07','2021-12-08','Delicado','Polyethylene Glycol 3350');
INSERT INTO consultaNormal(idconsulta,motivos,fecha,proximarevision,estado,medicamentosrecetados) VALUES ('QCN6HSL8P5B5M49E9G','Consulta','2021-11-08','2021-11-14','Sano','Cat Hair, Standardized');
INSERT INTO consultaNormal(idconsulta,motivos,fecha,proximarevision,estado,medicamentosrecetados) VALUES ('VXF1Z44VEFPSGXOYYD','Revision','2022-01-25','2022-01-27','Delicado','Telmisartan and Hydrochlorothiazide');
INSERT INTO consultaNormal(idconsulta,motivos,fecha,proximarevision,estado,medicamentosrecetados) VALUES ('R568IYWBVK3D492MTO','Revision','2021-08-22','2021-08-31','Enfermo','Docusate sodium');
INSERT INTO consultaNormal(idconsulta,motivos,fecha,proximarevision,estado,medicamentosrecetados) VALUES ('P4YWE41WO1Z1J4W4KB','Revision','2022-02-23','2022-03-01','Enfermo','isosorbide mononitrate');
INSERT INTO consultaNormal(idconsulta,motivos,fecha,proximarevision,estado,medicamentosrecetados) VALUES ('RYKW6I18O2HOHPL0HN','Revision','2021-10-18','2021-10-26','Sano','Aluminum Zirconium Tetrachlorohydrex GLY');
INSERT INTO consultaNormal(idconsulta,motivos,fecha,proximarevision,estado,medicamentosrecetados) VALUES ('VJJHLYT46AJZLOEC52','Revision','2021-05-28','2021-06-03','Sano','cefotaxime sodium');
INSERT INTO consultaNormal(idconsulta,motivos,fecha,proximarevision,estado,medicamentosrecetados) VALUES ('0YREGOI7FZQ2Q6WH62','Revision','2021-07-22','2021-07-27','Delicado','Aspirin');
INSERT INTO consultaNormal(idconsulta,motivos,fecha,proximarevision,estado,medicamentosrecetados) VALUES ('JYMFUXY45ZT3YDUU1D','Revision','2022-01-15','2022-01-25','Sano','Sodium Fluoride');
INSERT INTO consultaNormal(idconsulta,motivos,fecha,proximarevision,estado,medicamentosrecetados) VALUES ('LIN2Y92ZRDY5YWCQBL','Consulta','2021-10-25','2021-10-29','Sano','GLYCERIN');
INSERT INTO consultaNormal(idconsulta,motivos,fecha,proximarevision,estado,medicamentosrecetados) VALUES ('ITVGRCHVL7XORPNQE2','Consulta','2021-10-17','2021-10-22','Delicado','TITANIUM DIOXIDE');
INSERT INTO consultaNormal(idconsulta,motivos,fecha,proximarevision,estado,medicamentosrecetados) VALUES ('27J1SH3DQV68XQHNJU','Consulta','2022-01-22','2022-01-26','Delicado','LIDOCAINE HYDROCHLORIDE ANHYDROUS');
INSERT INTO consultaNormal(idconsulta,motivos,fecha,proximarevision,estado,medicamentosrecetados) VALUES ('PNZDFXD40WBOOA8ACV','Consulta','2022-02-03','2022-02-08','Sano','Oxygen');
INSERT INTO consultaNormal(idconsulta,motivos,fecha,proximarevision,estado,medicamentosrecetados) VALUES ('U2G6UK60DATP9F57H6','Revision','2022-04-18','2022-04-22','Sano','perphenazine');
INSERT INTO consultaNormal(idconsulta,motivos,fecha,proximarevision,estado,medicamentosrecetados) VALUES ('QEXTA0HV2M0Z8U89RR','Consulta','2022-02-18','2022-02-24','Enfermo','RHIZOPUS BATATAS');
INSERT INTO consultaNormal(idconsulta,motivos,fecha,proximarevision,estado,medicamentosrecetados) VALUES ('K1LVFVRMR4CTG6C6SV','Revision','2022-02-21','2022-03-01','Sano','avobenzone, homosalate, octisalate, oxybenzone, octocrylene');
INSERT INTO consultaNormal(idconsulta,motivos,fecha,proximarevision,estado,medicamentosrecetados) VALUES ('9C1JLDP48VU63DM5PW','Consulta','2021-11-04','2021-11-05','Delicado','Octinoxate, Octisalate, and Oxybenzone');
INSERT INTO consultaNormal(idconsulta,motivos,fecha,proximarevision,estado,medicamentosrecetados) VALUES ('2OQSJEPZ3DBRIFFS7M','Consulta','2022-04-11','2022-04-20','Enfermo','Acetaminophen, Dextromethorphan HBr, Doxylamine succinate');
INSERT INTO consultaNormal(idconsulta,motivos,fecha,proximarevision,estado,medicamentosrecetados) VALUES ('WXXTSVQQSGLAI47TI0','Revision','2021-09-30','2021-10-06','Delicado','Ceftriaxone Sodium');
INSERT INTO consultaNormal(idconsulta,motivos,fecha,proximarevision,estado,medicamentosrecetados) VALUES ('UQYJ7LNPJ42KZRTB6P','Consulta','2021-11-04','2021-11-08','Enfermo','Venlafaxine Hydrochloride');
INSERT INTO consultaNormal(idconsulta,motivos,fecha,proximarevision,estado,medicamentosrecetados) VALUES ('L1TH1QA27EUWQFY6OM','Revision','2021-12-25','2022-01-01','Enfermo','TOLNAFTATE');
INSERT INTO consultaNormal(idconsulta,motivos,fecha,proximarevision,estado,medicamentosrecetados) VALUES ('9AFNNXEW7W6QNIPQJB','Revision','2022-04-17','2022-04-19','Enfermo','Anthracinum, Pyrogenium, Aconitum nap., Aloe, Apis mel., Arnica, Arsenicum alb., Baptisia, Belladonna, Bryonia, Cantharis, Chelidonium majus, Crotalus horridus, Ferrum phosphoricum, Gaultheria procumbens, Hepar sulph. calc., Iodium, Lachesis, Nux vom., Phosphorus, Pulsatilla, Rhus toxicodendron, Veratrum viride, Verbascum, Echinacea');
INSERT INTO consultaNormal(idconsulta,motivos,fecha,proximarevision,estado,medicamentosrecetados) VALUES ('ANFP6KXBZ2L4YNTB6P','Consulta','2021-10-30','2021-10-31','Enfermo','Titanium Dioxide, Zinc Oxide');
INSERT INTO consultaNormal(idconsulta,motivos,fecha,proximarevision,estado,medicamentosrecetados) VALUES ('3N9H3N2SNP7GJTWEIA','Revision','2021-05-16','2021-05-20','Sano','hydrocortisone');
INSERT INTO consultaNormal(idconsulta,motivos,fecha,proximarevision,estado,medicamentosrecetados) VALUES ('GGTZIP12IZEMVO3U9V','Revision','2022-04-09','2022-04-14','Sano','Chimaphila Umbellata, Pituitaria Glandula (Suis), Sabal Serrulata, Uva-Ursi, Gelsemium Sempervirens, Sarsaparilla (Smilax Regelii)');
INSERT INTO consultaNormal(idconsulta,motivos,fecha,proximarevision,estado,medicamentosrecetados) VALUES ('LPFR2S8CNML52UF6OS','Revision','2021-05-30','2021-06-02','Delicado','Isopropyl Alcohol');
INSERT INTO consultaNormal(idconsulta,motivos,fecha,proximarevision,estado,medicamentosrecetados) VALUES ('FM82MPK1NNHCN5FR49','Revision','2021-05-12','2021-05-15','Enfermo','verticillium albo-atrum');
INSERT INTO consultaNormal(idconsulta,motivos,fecha,proximarevision,estado,medicamentosrecetados) VALUES ('7RT8FO7EOIOTKI1ZRT','Revision','2021-09-02','2021-09-09','Delicado','Chondrus Crispus, Glycyrrhiza Glabra, Sarsaparilla, Zingiber Officinale, Adrenalinum, Allium Cepa, Aralia Racemosa');
INSERT INTO consultaNormal(idconsulta,motivos,fecha,proximarevision,estado,medicamentosrecetados) VALUES ('V5I9V8KQJM7C5HF825','Revision','2022-01-06','2022-01-07','Enfermo','Ibuprofen');
INSERT INTO consultaNormal(idconsulta,motivos,fecha,proximarevision,estado,medicamentosrecetados) VALUES ('7H035EN86MODPBWMAW','Consulta','2022-04-14','2022-04-17','Enfermo','clonidine hydrochloride');
INSERT INTO consultaNormal(idconsulta,motivos,fecha,proximarevision,estado,medicamentosrecetados) VALUES ('C0R8HSGKY5T497RFSY','Revision','2021-08-17','2021-08-26','Enfermo','Tolnaftate');
INSERT INTO consultaNormal(idconsulta,motivos,fecha,proximarevision,estado,medicamentosrecetados) VALUES ('YQV551C3VSQCPZKTTQ','Consulta','2021-06-13','2021-06-21','Delicado','Diphenhydramine HCl');
INSERT INTO consultaNormal(idconsulta,motivos,fecha,proximarevision,estado,medicamentosrecetados) VALUES ('FNUIJP868EV99JN4NC','Revision','2021-05-26','2021-06-02','Sano','Beefwood/Australian Pine');
INSERT INTO consultaNormal(idconsulta,motivos,fecha,proximarevision,estado,medicamentosrecetados) VALUES ('TBWB21LXUN2X9EWYHH','Revision','2022-01-21','2022-01-26','Sano','Aluminum Chlorohydrate');
INSERT INTO consultaNormal(idconsulta,motivos,fecha,proximarevision,estado,medicamentosrecetados) VALUES ('OQZ1L3V9GO5KSCOBBH','Revision','2021-07-10','2021-07-14','Delicado','Thym');
INSERT INTO consultaNormal(idconsulta,motivos,fecha,proximarevision,estado,medicamentosrecetados) VALUES ('V5KLFKI63CCZM0KRKA','Consulta','2021-05-14','2021-05-24','Delicado','Amitriptyline Hydrochloride');
INSERT INTO consultaNormal(idconsulta,motivos,fecha,proximarevision,estado,medicamentosrecetados) VALUES ('8KXIO1OQRSFPK1GMKA','Consulta','2021-06-22','2021-07-02','Sano','minoxidil');
INSERT INTO consultaNormal(idconsulta,motivos,fecha,proximarevision,estado,medicamentosrecetados) VALUES ('P35W16X4XA0058J6I0','Revision','2021-12-17','2021-12-24','Delicado','ARIPIPRAZOLE');
INSERT INTO consultaNormal(idconsulta,motivos,fecha,proximarevision,estado,medicamentosrecetados) VALUES ('UOU43PNQPWRS941028','Revision','2022-02-22','2022-02-23','Delicado','AMPICILLIN, SULBACTAM');
INSERT INTO consultaNormal(idconsulta,motivos,fecha,proximarevision,estado,medicamentosrecetados) VALUES ('PHVJ0P22941TQZ2Z2N','Revision','2021-11-25','2021-11-30','Sano','Spleen, Thymus');
INSERT INTO consultaNormal(idconsulta,motivos,fecha,proximarevision,estado,medicamentosrecetados) VALUES ('0WCWLOLHWEKEK9G3HA','Revision','2021-05-21','2021-05-28','Delicado','Isopropyl Alcohol');
INSERT INTO consultaNormal(idconsulta,motivos,fecha,proximarevision,estado,medicamentosrecetados) VALUES ('69IYED23FA0UX0G0ON','Revision','2022-04-11','2022-04-18','Enfermo','Sertraline Hydrochloride');
INSERT INTO consultaNormal(idconsulta,motivos,fecha,proximarevision,estado,medicamentosrecetados) VALUES ('BIFNZY9C2L57QGWEK9','Revision','2022-02-14','2022-02-23','Sano','Benzalkonium Chloride');
INSERT INTO consultaNormal(idconsulta,motivos,fecha,proximarevision,estado,medicamentosrecetados) VALUES ('PNO3RB2YHGXD10J82R','Revision','2021-12-01','2021-12-04','Sano','Duloxetine hydrochloride');
INSERT INTO consultaNormal(idconsulta,motivos,fecha,proximarevision,estado,medicamentosrecetados) VALUES ('3HYBXL8I3R2497CZN6','Revision','2022-01-26','2022-02-02','Delicado','AVOBENZONE HOMOSALATE OCTISALATE OCTOCRYLENE OXYBENZONE');
INSERT INTO consultaNormal(idconsulta,motivos,fecha,proximarevision,estado,medicamentosrecetados) VALUES ('0S3G72OARE7HRG0BZH','Revision','2021-11-16','2021-11-26','Sano','DEXTROSE MONOHYDRATE, SODIUM CHLORIDE, and POTASSIUM CHLORIDE');
INSERT INTO consultaNormal(idconsulta,motivos,fecha,proximarevision,estado,medicamentosrecetados) VALUES ('XW1YO1D765TY0MPO95','Consulta','2021-06-07','2021-06-09','Delicado','Baclofen');
INSERT INTO consultaNormal(idconsulta,motivos,fecha,proximarevision,estado,medicamentosrecetados) VALUES ('ARMY2BH055A82PSQPM','Consulta','2022-02-24','2022-02-28','Enfermo','Stannous Fluoride');
INSERT INTO consultaNormal(idconsulta,motivos,fecha,proximarevision,estado,medicamentosrecetados) VALUES ('F9WEVW5ZUE80TBYR19','Consulta','2022-01-24','2022-01-29','Sano','metaxalone');
INSERT INTO consultaNormal(idconsulta,motivos,fecha,proximarevision,estado,medicamentosrecetados) VALUES ('X5WNNJMHLAREMG1HU7','Consulta','2021-08-17','2021-08-19','Enfermo','Immunodoron');
-- 	}}}


--- Producto 	{{{
INSERT INTO producto(idproducto,nombre,cantidad,imagen,descripcion,caducidad,escomida,esmedicamento) VALUES ('URW0MI6GKMASUTAHYQ','Wine - Penfolds Koonuga Hill',72,NULL,'lobortis convallis tortor risus dapibus augue','Caduca en 1 años y 5 meses',true,false);
INSERT INTO producto(idproducto,nombre,cantidad,imagen,descripcion,caducidad,escomida,esmedicamento) VALUES ('9A7BGE0LMHX439DSO4','Kolrabi',52,NULL,'consequat nulla nisl','Caduca en 1 años y 4 meses',true,false);
INSERT INTO producto(idproducto,nombre,cantidad,imagen,descripcion,caducidad,escomida,esmedicamento) VALUES ('DCZTB8W89FKJ4UJUVO','Calypso - Pineapple Passion',88,NULL,'elementum in hac habitasse platea dictumst','Caduca en 1 años y 11 meses',false,true);
INSERT INTO producto(idproducto,nombre,cantidad,imagen,descripcion,caducidad,escomida,esmedicamento) VALUES ('WXPC9YSFU43883ID8N','Pepper - White, Ground',29,NULL,'tempor convallis nulla neque','Caduca en 2 años y 8 meses',true,false);
INSERT INTO producto(idproducto,nombre,cantidad,imagen,descripcion,caducidad,escomida,esmedicamento) VALUES ('VUQQKQW1TX15CMZ80R','Wine - Touraine Azay - Le - Rideau',39,NULL,'eget orci vehicula','Caduca en 2 años y 6 meses',false,true);
INSERT INTO producto(idproducto,nombre,cantidad,imagen,descripcion,caducidad,escomida,esmedicamento) VALUES ('E9O9B0BNC1PC96K27E','Cheese - Bocconcini',86,NULL,'vel sem','Caduca en 2 años y 8 meses',true,false);
INSERT INTO producto(idproducto,nombre,cantidad,imagen,descripcion,caducidad,escomida,esmedicamento) VALUES ('9M411FQ92ARNXBI2Q3','Pectin',22,NULL,'id justo','Caduca en 2 años y 2 meses',true,false);
INSERT INTO producto(idproducto,nombre,cantidad,imagen,descripcion,caducidad,escomida,esmedicamento) VALUES ('7XINQB51DRKCHKPMTI','Nut - Pecan, Pieces',36,NULL,'pretium iaculis','Caduca en 1 años y 3 meses',true,false);
INSERT INTO producto(idproducto,nombre,cantidad,imagen,descripcion,caducidad,escomida,esmedicamento) VALUES ('6ITYF2HMG11359IO81','Pasta - Cannelloni, Sheets, Fresh',89,NULL,'sed justo','Caduca en 2 años y 8 meses',true,false);
INSERT INTO producto(idproducto,nombre,cantidad,imagen,descripcion,caducidad,escomida,esmedicamento) VALUES ('FQ0SL4GAXY18U9FY35','Blueberries',49,NULL,'etiam vel augue vestibulum rutrum','Caduca en 2 años y 5 meses',false,true);
INSERT INTO producto(idproducto,nombre,cantidad,imagen,descripcion,caducidad,escomida,esmedicamento) VALUES ('6RA2W7GWC3591UMSEN','Wine - Marlbourough Sauv Blanc',33,NULL,'molestie lorem quisque ut erat curabitur','Caduca en 1 años y 8 meses',true,false);
INSERT INTO producto(idproducto,nombre,cantidad,imagen,descripcion,caducidad,escomida,esmedicamento) VALUES ('BK4AYE826UEJBRQS47','Fork - Plastic',69,NULL,'integer ac neque duis bibendum morbi','Caduca en 1 años y 3 meses',true,false);
INSERT INTO producto(idproducto,nombre,cantidad,imagen,descripcion,caducidad,escomida,esmedicamento) VALUES ('B7L622WF84C4GDEAX2','Lemons',38,NULL,'interdum mauris non ligula','Caduca en 1 años y 2 meses',false,true);
INSERT INTO producto(idproducto,nombre,cantidad,imagen,descripcion,caducidad,escomida,esmedicamento) VALUES ('8SUHPIZXU6PVQVMASP','Wine - Gewurztraminer Pierre',33,NULL,'in purus eu','Caduca en 2 años y 7 meses',false,true);
INSERT INTO producto(idproducto,nombre,cantidad,imagen,descripcion,caducidad,escomida,esmedicamento) VALUES ('4OVQGMBO33ZWIW9YD6','Potato - Sweet',3,NULL,'vel augue vestibulum rutrum','Caduca en 2 años y 2 meses',false,true);
INSERT INTO producto(idproducto,nombre,cantidad,imagen,descripcion,caducidad,escomida,esmedicamento) VALUES ('DDMANH0AP7ITO04OF3','Tea - Grapefruit Green Tea',39,NULL,'augue aliquam','Caduca en 1 años y 4 meses',true,false);
INSERT INTO producto(idproducto,nombre,cantidad,imagen,descripcion,caducidad,escomida,esmedicamento) VALUES ('L8O4HK33I58GQ548U1','Oil - Safflower',64,NULL,'tellus in sagittis','Caduca en 2 años y 1 meses',false,true);
INSERT INTO producto(idproducto,nombre,cantidad,imagen,descripcion,caducidad,escomida,esmedicamento) VALUES ('62DR50W48FFNKBGB85','Wasabi Paste',9,NULL,'vel accumsan tellus nisi eu orci','Caduca en 1 años y 5 meses',true,false);
INSERT INTO producto(idproducto,nombre,cantidad,imagen,descripcion,caducidad,escomida,esmedicamento) VALUES ('TL8IAR0LH1VTD3B1PA','Cheese - Wine',2,NULL,'tincidunt eu felis fusce posuere','Caduca en 1 años y 7 meses',true,false);
INSERT INTO producto(idproducto,nombre,cantidad,imagen,descripcion,caducidad,escomida,esmedicamento) VALUES ('25G24JJC4EFIV0U0V1','Cheese - Gouda',37,NULL,'at dolor','Caduca en 2 años y 3 meses',false,true);
INSERT INTO producto(idproducto,nombre,cantidad,imagen,descripcion,caducidad,escomida,esmedicamento) VALUES ('DI0S7PRDFHBFXURIN4','Tomatoes - Diced, Canned',79,NULL,'lorem integer tincidunt ante vel','Caduca en 2 años y 1 meses',true,false);
INSERT INTO producto(idproducto,nombre,cantidad,imagen,descripcion,caducidad,escomida,esmedicamento) VALUES ('6HAN6B5UAW36978Z4W','Lemonade - Strawberry, 591 Ml',95,NULL,'augue a suscipit nulla elit ac','Caduca en 1 años y 1 meses',true,false);
INSERT INTO producto(idproducto,nombre,cantidad,imagen,descripcion,caducidad,escomida,esmedicamento) VALUES ('IZ7O1S2A1C1XSUJLON','Veal - Chops, Split, Frenched',13,NULL,'ultrices phasellus id sapien in sapien','Caduca en 2 años y 9 meses',false,true);
INSERT INTO producto(idproducto,nombre,cantidad,imagen,descripcion,caducidad,escomida,esmedicamento) VALUES ('V2MK9NG8I4ULKQPMIR','Cheese - Gouda',17,NULL,'id consequat','Caduca en 2 años y 3 meses',true,false);
INSERT INTO producto(idproducto,nombre,cantidad,imagen,descripcion,caducidad,escomida,esmedicamento) VALUES ('C2QRCA155YOXCFYSR4','Cookies - Englishbay Chochip',38,NULL,'in faucibus orci luctus','Caduca en 1 años y 9 meses',true,false);
INSERT INTO producto(idproducto,nombre,cantidad,imagen,descripcion,caducidad,escomida,esmedicamento) VALUES ('12MY44QTIH7LD9D13S','Kiwi Gold Zespri',56,NULL,'ligula suspendisse','Caduca en 2 años y 6 meses',true,false);
INSERT INTO producto(idproducto,nombre,cantidad,imagen,descripcion,caducidad,escomida,esmedicamento) VALUES ('V2Y1TQZ7OSCIACLTYS','Sobe - Cranberry Grapefruit',74,NULL,'enim leo rhoncus sed vestibulum','Caduca en 1 años y 9 meses',true,false);
INSERT INTO producto(idproducto,nombre,cantidad,imagen,descripcion,caducidad,escomida,esmedicamento) VALUES ('IW4MAM4XROXO4QOFZ3','Truffle Cups Green',21,NULL,'risus semper porta volutpat quam','Caduca en 2 años y 8 meses',true,false);
INSERT INTO producto(idproducto,nombre,cantidad,imagen,descripcion,caducidad,escomida,esmedicamento) VALUES ('AX9OCV7JDTWXCSRIQY','Beans - Navy, Dry',88,NULL,'sapien placerat','Caduca en 1 años y 4 meses',false,true);
INSERT INTO producto(idproducto,nombre,cantidad,imagen,descripcion,caducidad,escomida,esmedicamento) VALUES ('ZI3KHWO3HBBTNQKH5P','Crawfish',61,NULL,'luctus ultricies eu','Caduca en 1 años y 3 meses',false,true);
INSERT INTO producto(idproducto,nombre,cantidad,imagen,descripcion,caducidad,escomida,esmedicamento) VALUES ('XWQPMPV28FPYDG32NO','Island Oasis - Pina Colada',84,NULL,'ut suscipit','Caduca en 1 años y 7 meses',false,true);
INSERT INTO producto(idproducto,nombre,cantidad,imagen,descripcion,caducidad,escomida,esmedicamento) VALUES ('WLYB6RK799W4Y51DCQ','Soup - Campbells, Lentil',100,NULL,'in faucibus orci luctus et ultrices','Caduca en 2 años y 2 meses',false,true);
INSERT INTO producto(idproducto,nombre,cantidad,imagen,descripcion,caducidad,escomida,esmedicamento) VALUES ('8L2OPTZZY8ONDDLMPW','Cheese - Feta',12,NULL,'integer pede justo lacinia eget','Caduca en 2 años y 5 meses',false,true);
INSERT INTO producto(idproducto,nombre,cantidad,imagen,descripcion,caducidad,escomida,esmedicamento) VALUES ('VOYCH7A0VNDA6O6UD9','Veal - Knuckle',3,NULL,'erat eros viverra','Caduca en 1 años y 10 meses',true,false);
INSERT INTO producto(idproducto,nombre,cantidad,imagen,descripcion,caducidad,escomida,esmedicamento) VALUES ('3EY6OIPZ7DQLDF04M5','Crab - Soft Shell',82,NULL,'nunc vestibulum ante ipsum primis','Caduca en 1 años y 5 meses',true,false);
INSERT INTO producto(idproducto,nombre,cantidad,imagen,descripcion,caducidad,escomida,esmedicamento) VALUES ('PHUNY1X8FN8CKDLHSB','Galliano',2,NULL,'pede libero quis orci nullam molestie','Caduca en 2 años y 4 meses',false,true);
INSERT INTO producto(idproducto,nombre,cantidad,imagen,descripcion,caducidad,escomida,esmedicamento) VALUES ('5IOGU401LCPBGEFQML','Pasta - Spaghetti, Dry',46,NULL,'nulla ac enim in tempor turpis','Caduca en 1 años y 9 meses',false,true);
INSERT INTO producto(idproducto,nombre,cantidad,imagen,descripcion,caducidad,escomida,esmedicamento) VALUES ('RTBG4DMC8QLWP73YB6','Cloves - Ground',30,NULL,'hac habitasse','Caduca en 1 años y 7 meses',true,false);
INSERT INTO producto(idproducto,nombre,cantidad,imagen,descripcion,caducidad,escomida,esmedicamento) VALUES ('1HKJ6PNTWNDE1ZGIWN','Wine - Shiraz South Eastern',46,NULL,'diam id','Caduca en 1 años y 8 meses',false,true);
INSERT INTO producto(idproducto,nombre,cantidad,imagen,descripcion,caducidad,escomida,esmedicamento) VALUES ('7M4Z94LG246FAIXSXR','Anchovy Paste - 56 G Tube',53,NULL,'vulputate luctus cum','Caduca en 1 años y 11 meses',true,false);
INSERT INTO producto(idproducto,nombre,cantidad,imagen,descripcion,caducidad,escomida,esmedicamento) VALUES ('ULESMTWHCFSXZSENDZ','Wine - Crozes Hermitage E.',73,NULL,'pretium quis lectus suspendisse','Caduca en 1 años y 9 meses',false,true);
INSERT INTO producto(idproducto,nombre,cantidad,imagen,descripcion,caducidad,escomida,esmedicamento) VALUES ('C7YZOOKH43ZCTRZTC2','Flower - Leather Leaf Fern',24,NULL,'nisl duis bibendum felis','Caduca en 1 años y 11 meses',true,false);
INSERT INTO producto(idproducto,nombre,cantidad,imagen,descripcion,caducidad,escomida,esmedicamento) VALUES ('CHD28DFLKADMTA6HW9','Sobe - Orange Carrot',49,NULL,'sem praesent id massa id','Caduca en 2 años y 8 meses',false,true);
INSERT INTO producto(idproducto,nombre,cantidad,imagen,descripcion,caducidad,escomida,esmedicamento) VALUES ('Y0SPXNPOXOFJMKTIJR','Sugar - Brown',97,NULL,'proin at turpis a pede posuere','Caduca en 2 años y 6 meses',true,false);
INSERT INTO producto(idproducto,nombre,cantidad,imagen,descripcion,caducidad,escomida,esmedicamento) VALUES ('HX7N37MHPY6HNQ9W5X','Beer - Camerons Cream Ale',32,NULL,'eget eleifend','Caduca en 2 años y 5 meses',true,false);
INSERT INTO producto(idproducto,nombre,cantidad,imagen,descripcion,caducidad,escomida,esmedicamento) VALUES ('UFY2JIPVXGV1NU12RQ','Foil Cont Round',55,NULL,'adipiscing molestie hendrerit at vulputate vitae','Caduca en 2 años y 5 meses',false,true);
INSERT INTO producto(idproducto,nombre,cantidad,imagen,descripcion,caducidad,escomida,esmedicamento) VALUES ('PVIYONLXXXM5Q5A1K3','Bread - Multigrain Oval',27,NULL,'phasellus id sapien in sapien iaculis','Caduca en 1 años y 8 meses',true,false);
INSERT INTO producto(idproducto,nombre,cantidad,imagen,descripcion,caducidad,escomida,esmedicamento) VALUES ('543H05J9M4QPXXPOCP','Chicken - Whole',93,NULL,'non lectus aliquam sit amet','Caduca en 2 años y 6 meses',false,true);
INSERT INTO producto(idproducto,nombre,cantidad,imagen,descripcion,caducidad,escomida,esmedicamento) VALUES ('PHF39OSN0LAIJC6AE4','Danishes - Mini Raspberry',17,NULL,'et commodo vulputate','Caduca en 1 años y 1 meses',true,false);
INSERT INTO producto(idproducto,nombre,cantidad,imagen,descripcion,caducidad,escomida,esmedicamento) VALUES ('T2AKG959WQB8ZHW5AZ','Foam Cup 6 Oz',68,NULL,'lacus at velit vivamus vel nulla','Caduca en 1 años y 9 meses',false,true);
INSERT INTO producto(idproducto,nombre,cantidad,imagen,descripcion,caducidad,escomida,esmedicamento) VALUES ('R5OIZHWPNREJQYFRU0','Lemonade - Pineapple Passion',9,NULL,'lacinia nisi','Caduca en 2 años y 3 meses',false,true);
INSERT INTO producto(idproducto,nombre,cantidad,imagen,descripcion,caducidad,escomida,esmedicamento) VALUES ('HKHT9AK99NXHN29YGL','Soup - Campbells Mushroom',44,NULL,'pellentesque at nulla suspendisse','Caduca en 2 años y 1 meses',true,false);
INSERT INTO producto(idproducto,nombre,cantidad,imagen,descripcion,caducidad,escomida,esmedicamento) VALUES ('VXHLK0X582IU7BEE65','Dill - Primerba, Paste',1,NULL,'enim blandit','Caduca en 2 años y 5 meses',false,true);
INSERT INTO producto(idproducto,nombre,cantidad,imagen,descripcion,caducidad,escomida,esmedicamento) VALUES ('FTHSTXWZ22HB1FE38Z','Broom - Angled',88,NULL,'a suscipit','Caduca en 2 años y 11 meses',true,false);
INSERT INTO producto(idproducto,nombre,cantidad,imagen,descripcion,caducidad,escomida,esmedicamento) VALUES ('6HNUY66E1BDD9C8LRV','Sesame Seed Black',94,NULL,'semper interdum','Caduca en 2 años y 5 meses',true,false);
INSERT INTO producto(idproducto,nombre,cantidad,imagen,descripcion,caducidad,escomida,esmedicamento) VALUES ('VSUZ4FCANXB9U1XZHE','Beef - Bresaola',24,NULL,'platea dictumst morbi vestibulum velit','Caduca en 2 años y 2 meses',false,true);
INSERT INTO producto(idproducto,nombre,cantidad,imagen,descripcion,caducidad,escomida,esmedicamento) VALUES ('2LOKEV59WKK83NWLD6','Sauerkraut',88,NULL,'et eros','Caduca en 2 años y 4 meses',false,true);
INSERT INTO producto(idproducto,nombre,cantidad,imagen,descripcion,caducidad,escomida,esmedicamento) VALUES ('7UW7AJBRZ07WMF4Q31','Muffin Batt - Carrot Spice',61,NULL,'luctus tincidunt nulla mollis molestie','Caduca en 1 años y 2 meses',false,true);
INSERT INTO producto(idproducto,nombre,cantidad,imagen,descripcion,caducidad,escomida,esmedicamento) VALUES ('D8O5QD9IK7A5CB383W','Wine - Vineland Estate Semi - Dry',86,NULL,'condimentum id luctus','Caduca en 2 años y 7 meses',true,false);
INSERT INTO producto(idproducto,nombre,cantidad,imagen,descripcion,caducidad,escomida,esmedicamento) VALUES ('2K8A6AFD5QS5H8TDS3','Whmis Spray Bottle Graduated',12,NULL,'ultrices posuere cubilia curae nulla','Caduca en 1 años y 6 meses',true,false);
INSERT INTO producto(idproducto,nombre,cantidad,imagen,descripcion,caducidad,escomida,esmedicamento) VALUES ('4LCGVQRY03E6QFYVLO','Wine - Red, Pinot Noir, Chateau',20,NULL,'tortor duis mattis egestas metus','Caduca en 1 años y 2 meses',true,false);
INSERT INTO producto(idproducto,nombre,cantidad,imagen,descripcion,caducidad,escomida,esmedicamento) VALUES ('XVRSZVXCN63PPZ6WH3','Pepper - Red Chili',85,NULL,'elit proin risus praesent lectus vestibulum','Caduca en 1 años y 5 meses',false,true);
INSERT INTO producto(idproducto,nombre,cantidad,imagen,descripcion,caducidad,escomida,esmedicamento) VALUES ('VKX7WXJC1DX2TV5R9F','Sole - Dover, Whole, Fresh',43,NULL,'amet erat nulla tempus vivamus in','Caduca en 1 años y 1 meses',false,true);
INSERT INTO producto(idproducto,nombre,cantidad,imagen,descripcion,caducidad,escomida,esmedicamento) VALUES ('VA1YT3DV5IW1IKQ24M','Pasta - Fettuccine, Egg, Fresh',99,NULL,'vehicula consequat morbi a ipsum integer','Caduca en 1 años y 11 meses',true,false);
INSERT INTO producto(idproducto,nombre,cantidad,imagen,descripcion,caducidad,escomida,esmedicamento) VALUES ('XTT45U371V3DE8I0FY','Foie Gras',18,NULL,'in congue etiam','Caduca en 2 años y 11 meses',false,true);
INSERT INTO producto(idproducto,nombre,cantidad,imagen,descripcion,caducidad,escomida,esmedicamento) VALUES ('Z8UAXJTA7HNOLG9FMF','Clam Nectar',86,NULL,'amet nunc viverra dapibus nulla suscipit','Caduca en 1 años y 7 meses',true,false);
INSERT INTO producto(idproducto,nombre,cantidad,imagen,descripcion,caducidad,escomida,esmedicamento) VALUES ('LPNO229FMGU76IF5TX','Veal - Heart',14,NULL,'cubilia curae mauris viverra','Caduca en 2 años y 6 meses',true,false);
INSERT INTO producto(idproducto,nombre,cantidad,imagen,descripcion,caducidad,escomida,esmedicamento) VALUES ('CJQOSJZB5MMPWMD80Z','Bar Special K',3,NULL,'quisque ut erat','Caduca en 1 años y 10 meses',true,false);
INSERT INTO producto(idproducto,nombre,cantidad,imagen,descripcion,caducidad,escomida,esmedicamento) VALUES ('53L2D55ZVQGC0E5RT6','Muffin Mix - Lemon Cranberry',41,NULL,'aliquet maecenas leo odio condimentum id','Caduca en 1 años y 2 meses',false,true);
INSERT INTO producto(idproducto,nombre,cantidad,imagen,descripcion,caducidad,escomida,esmedicamento) VALUES ('IL3I8FJ26MRHGW084Y','Chervil - Fresh',30,NULL,'lacinia aenean sit amet','Caduca en 1 años y 1 meses',false,true);
INSERT INTO producto(idproducto,nombre,cantidad,imagen,descripcion,caducidad,escomida,esmedicamento) VALUES ('12ILNX7BHYBN0694HG','Beer - Original Organic Lager',69,NULL,'iaculis justo in hac habitasse','Caduca en 1 años y 11 meses',false,true);
INSERT INTO producto(idproducto,nombre,cantidad,imagen,descripcion,caducidad,escomida,esmedicamento) VALUES ('B8HO5RC890I0CJ5VGL','Steampan Lid',28,NULL,'diam vitae quam suspendisse potenti','Caduca en 1 años y 6 meses',false,true);
INSERT INTO producto(idproducto,nombre,cantidad,imagen,descripcion,caducidad,escomida,esmedicamento) VALUES ('JYHZHCQ5HMJ7OWT9CB','Coffee - Beans, Whole',30,NULL,'nulla sed accumsan felis ut','Caduca en 2 años y 8 meses',false,true);
INSERT INTO producto(idproducto,nombre,cantidad,imagen,descripcion,caducidad,escomida,esmedicamento) VALUES ('KI9HVMLR9STIM8HPIE','Chicken Breast Halal',98,NULL,'imperdiet et commodo vulputate','Caduca en 1 años y 7 meses',false,true);
INSERT INTO producto(idproducto,nombre,cantidad,imagen,descripcion,caducidad,escomida,esmedicamento) VALUES ('M9WAWSY1XAN26D7M0B','Coffee - Frthy Coffee Crisp',29,NULL,'sapien placerat','Caduca en 1 años y 9 meses',false,true);
INSERT INTO producto(idproducto,nombre,cantidad,imagen,descripcion,caducidad,escomida,esmedicamento) VALUES ('PR2N5YE5T8F0L2039E','Pork - Bones',92,NULL,'dis parturient montes nascetur ridiculus','Caduca en 1 años y 2 meses',false,true);
INSERT INTO producto(idproducto,nombre,cantidad,imagen,descripcion,caducidad,escomida,esmedicamento) VALUES ('RN2GIXBPAYXBZ2V7GM','Cookies - Fortune',8,NULL,'vestibulum sed magna at','Caduca en 1 años y 9 meses',true,false);
INSERT INTO producto(idproducto,nombre,cantidad,imagen,descripcion,caducidad,escomida,esmedicamento) VALUES ('GLFTTXBN5R95A1OM1G','Cabbage - Red',13,NULL,'nulla suspendisse potenti cras in','Caduca en 2 años y 3 meses',false,true);
INSERT INTO producto(idproducto,nombre,cantidad,imagen,descripcion,caducidad,escomida,esmedicamento) VALUES ('VOL4Z4OBBPFBTD9LPS','Pasta - Fett Alfredo, Single Serve',37,NULL,'nisi nam ultrices libero','Caduca en 2 años y 10 meses',true,false);
INSERT INTO producto(idproducto,nombre,cantidad,imagen,descripcion,caducidad,escomida,esmedicamento) VALUES ('GHS9TCPWIM0Z9SKXBE','Mangoes',44,NULL,'pellentesque viverra pede','Caduca en 2 años y 5 meses',false,true);
INSERT INTO producto(idproducto,nombre,cantidad,imagen,descripcion,caducidad,escomida,esmedicamento) VALUES ('BH54ZC4N9WI05Q81LA','Fish - Artic Char, Cold Smoked',26,NULL,'ipsum primis in faucibus orci luctus','Caduca en 2 años y 6 meses',true,false);
INSERT INTO producto(idproducto,nombre,cantidad,imagen,descripcion,caducidad,escomida,esmedicamento) VALUES ('8S8LRLJDP641SSH4DU','Pork - Back, Short Cut, Boneless',38,NULL,'nulla quisque','Caduca en 2 años y 9 meses',false,true);
INSERT INTO producto(idproducto,nombre,cantidad,imagen,descripcion,caducidad,escomida,esmedicamento) VALUES ('X0SRA76PRDTDLWEYCW','Lambcasing',36,NULL,'a odio in','Caduca en 2 años y 10 meses',false,true);
INSERT INTO producto(idproducto,nombre,cantidad,imagen,descripcion,caducidad,escomida,esmedicamento) VALUES ('D7CA1BZ5U9YDQMDIZS','Isomalt',17,NULL,'at nulla','Caduca en 1 años y 9 meses',true,false);
INSERT INTO producto(idproducto,nombre,cantidad,imagen,descripcion,caducidad,escomida,esmedicamento) VALUES ('51OOOKJCOZ9TF0A281','Pepper - Black, Ground',73,NULL,'sit amet sapien dignissim','Caduca en 1 años y 3 meses',true,false);
INSERT INTO producto(idproducto,nombre,cantidad,imagen,descripcion,caducidad,escomida,esmedicamento) VALUES ('QE7CPXTB07ZQX6F1I1','Juice - Propel Sport',42,NULL,'in congue etiam','Caduca en 2 años y 7 meses',true,false);
INSERT INTO producto(idproducto,nombre,cantidad,imagen,descripcion,caducidad,escomida,esmedicamento) VALUES ('NU68QCSAWPJ9LTAHK3','Oranges',71,NULL,'ut massa quis augue luctus','Caduca en 1 años y 5 meses',false,true);
INSERT INTO producto(idproducto,nombre,cantidad,imagen,descripcion,caducidad,escomida,esmedicamento) VALUES ('IH6QRTCEK7T8RA6218','Table Cloth 91x91 Colour',28,NULL,'augue vestibulum ante ipsum','Caduca en 2 años y 11 meses',true,false);
INSERT INTO producto(idproducto,nombre,cantidad,imagen,descripcion,caducidad,escomida,esmedicamento) VALUES ('QPVBMN3DRHLH1DNXU7','Salt And Pepper Mix - White',47,NULL,'proin risus praesent','Caduca en 1 años y 3 meses',true,false);
INSERT INTO producto(idproducto,nombre,cantidad,imagen,descripcion,caducidad,escomida,esmedicamento) VALUES ('E45VS2R4MJTPP9QKCX','Salt And Pepper Mix - White',46,NULL,'odio cras mi pede','Caduca en 2 años y 9 meses',false,true);
INSERT INTO producto(idproducto,nombre,cantidad,imagen,descripcion,caducidad,escomida,esmedicamento) VALUES ('DAL2OV83MRPX14B0NR','Truffle - Whole Black Peeled',30,NULL,'donec ut mauris','Caduca en 1 años y 5 meses',true,false);
INSERT INTO producto(idproducto,nombre,cantidad,imagen,descripcion,caducidad,escomida,esmedicamento) VALUES ('9R0K39NINJ2RUXBNWC','Pie Shell - 5',77,NULL,'nisl duis','Caduca en 1 años y 6 meses',false,true);
INSERT INTO producto(idproducto,nombre,cantidad,imagen,descripcion,caducidad,escomida,esmedicamento) VALUES ('77RK1GRQVODSQTC7Z7','Pork - Chop, Frenched',16,NULL,'nulla ac enim in','Caduca en 1 años y 2 meses',false,true);
INSERT INTO producto(idproducto,nombre,cantidad,imagen,descripcion,caducidad,escomida,esmedicamento) VALUES ('LTK4644FBS7XTZNY0Z','Lid Tray - 12in Dome',65,NULL,'cubilia curae','Caduca en 2 años y 8 meses',false,true);
INSERT INTO producto(idproducto,nombre,cantidad,imagen,descripcion,caducidad,escomida,esmedicamento) VALUES ('SJKWM4SV2P0P42SDH3','Pork - Backs - Boneless',79,NULL,'augue vel accumsan tellus nisi','Caduca en 2 años y 5 meses',true,false);
INSERT INTO producto(idproducto,nombre,cantidad,imagen,descripcion,caducidad,escomida,esmedicamento) VALUES ('VQ5J8RYH1TKA1BNKC6','Salmon - Canned',85,NULL,'luctus cum sociis natoque','Caduca en 2 años y 11 meses',true,false);
INSERT INTO producto(idproducto,nombre,cantidad,imagen,descripcion,caducidad,escomida,esmedicamento) VALUES ('P7VM0QURM6DWZEJEVH','Flour - Strong Pizza',14,NULL,'nulla sed vel enim sit amet','Caduca en 2 años y 2 meses',true,false);
INSERT INTO producto(idproducto,nombre,cantidad,imagen,descripcion,caducidad,escomida,esmedicamento) VALUES ('MQMJO5H0YK73PGPYTC','Dikon',49,NULL,'metus vitae ipsum aliquam non mauris','Caduca en 2 años y 7 meses',true,false);
INSERT INTO producto(idproducto,nombre,cantidad,imagen,descripcion,caducidad,escomida,esmedicamento) VALUES ('I7MUHN4TYOB8BOG2M0','Mushroom - Shitake, Fresh',98,NULL,'volutpat sapien arcu sed','Caduca en 1 años y 11 meses',false,true);
INSERT INTO producto(idproducto,nombre,cantidad,imagen,descripcion,caducidad,escomida,esmedicamento) VALUES ('WUU6Z80VGZ1FJITJT8','Pastry - Chocolate Chip Muffin',73,NULL,'cubilia curae mauris','Caduca en 2 años y 4 meses',false,true);
-- 	}}}


--- Pago 	{{{
INSERT INTO pago(idpago,curp,numerotarjeta,vencimiento,titular,cvv,estarjeta,esefectivo) VALUES ('5SZE5GPX4W4II83M9W','UETC227263BDMWLMM5','7559673580152505','2022-04-27','Blakeley','498',true,false);
INSERT INTO pago(idpago,curp,numerotarjeta,vencimiento,titular,cvv,estarjeta,esefectivo) VALUES ('T28AJTUYGU42SOD23A','QVCS999290UUNRLU23','6087045608670818','2023-07-31','Chiquita','293',true,false);
INSERT INTO pago(idpago,curp,numerotarjeta,vencimiento,titular,cvv,estarjeta,esefectivo) VALUES ('MG3RI7VC6KK6K7MZ0S','SMHD755321EHDCCPD0','2206409460453786','2022-01-15','Sheppard','330',false,true);
INSERT INTO pago(idpago,curp,numerotarjeta,vencimiento,titular,cvv,estarjeta,esefectivo) VALUES ('CZITNY9CI37IUE5VE8','XJSM299609RVKOBXC5','7914325000676720','2023-03-14','Phillip','693',true,false);
INSERT INTO pago(idpago,curp,numerotarjeta,vencimiento,titular,cvv,estarjeta,esefectivo) VALUES ('56WVYFHFKLVA4X9FGF','KZIK580916PLPMUOU0','0732345618994530','2021-10-02','Briano','707',false,true);
INSERT INTO pago(idpago,curp,numerotarjeta,vencimiento,titular,cvv,estarjeta,esefectivo) VALUES ('048SODLWXU3YEQ9BES','OWKN413300NXITBDP4','5376481017921351','2023-04-06','Kennedy','257',false,true);
INSERT INTO pago(idpago,curp,numerotarjeta,vencimiento,titular,cvv,estarjeta,esefectivo) VALUES ('8BMTXSB2EC51GE1PFI','PKZF285213QDGBEL64','7478703240666062','2022-02-11','Aubrie','736',false,true);
INSERT INTO pago(idpago,curp,numerotarjeta,vencimiento,titular,cvv,estarjeta,esefectivo) VALUES ('H3298NH1T5GLUIZXWA','CNYK309461REWDRQS2','6142426262802537','2023-07-25','Kerwinn','338',true,false);
INSERT INTO pago(idpago,curp,numerotarjeta,vencimiento,titular,cvv,estarjeta,esefectivo) VALUES ('X2IE0MFJCHZ9AC9PDD','ADKY278152SCFUOP06','6345785422140892','2023-07-19','Carline','984',false,true);
INSERT INTO pago(idpago,curp,numerotarjeta,vencimiento,titular,cvv,estarjeta,esefectivo) VALUES ('ILABTMJBF7X3PBB5D3','RMQW603350XGAJRBV6','2662549953684162','2022-09-09','Drusie','368',true,false);
INSERT INTO pago(idpago,curp,numerotarjeta,vencimiento,titular,cvv,estarjeta,esefectivo) VALUES ('DUKJX3Q50YUDG8OIE6','VMKM017251ZHNHCKX1','1413775491945872','2021-11-10','Marissa','931',true,false);
INSERT INTO pago(idpago,curp,numerotarjeta,vencimiento,titular,cvv,estarjeta,esefectivo) VALUES ('EVXZ84EF04XGO51144','QHBJ030341XGKSZTE5','8676813922340811','2023-01-24','Oralia','355',true,false);
INSERT INTO pago(idpago,curp,numerotarjeta,vencimiento,titular,cvv,estarjeta,esefectivo) VALUES ('QDSBEZ3986219HION8','NKVV715251GQXGHS06','5975860609044882','2021-08-29','Kalila','329',false,true);
INSERT INTO pago(idpago,curp,numerotarjeta,vencimiento,titular,cvv,estarjeta,esefectivo) VALUES ('A20D9C2TGYR941LV3K','XLVQ847606QZPIOT76','4457361422160294','2022-05-13','Bailie','418',true,false);
INSERT INTO pago(idpago,curp,numerotarjeta,vencimiento,titular,cvv,estarjeta,esefectivo) VALUES ('NCSGLQQXIHAX8Z0T1C','EZPI657424VRWINGQ8','3526877592479348','2021-08-13','Bruce','628',false,true);
INSERT INTO pago(idpago,curp,numerotarjeta,vencimiento,titular,cvv,estarjeta,esefectivo) VALUES ('XCOKVDEJ7YV2T5CKO3','FJSG952059AXGVSZN6','7086782895796986','2023-07-02','Celisse','948',false,true);
INSERT INTO pago(idpago,curp,numerotarjeta,vencimiento,titular,cvv,estarjeta,esefectivo) VALUES ('VFLRKNVSUERA2L6PUN','WDAU081263EYCPDUC2','4217206256173362','2023-05-11','Hyacinthe','153',false,true);
INSERT INTO pago(idpago,curp,numerotarjeta,vencimiento,titular,cvv,estarjeta,esefectivo) VALUES ('NTBNF8K97BB8DDTW3A','QSWJ930175QCABAKE7','5147214779189824','2023-11-02','Spike','694',false,true);
INSERT INTO pago(idpago,curp,numerotarjeta,vencimiento,titular,cvv,estarjeta,esefectivo) VALUES ('9FUISAGP99W8LYLG3X','TBXM606475LBJFMSL5','8064636540305783','2022-03-11','Henri','914',false,true);
INSERT INTO pago(idpago,curp,numerotarjeta,vencimiento,titular,cvv,estarjeta,esefectivo) VALUES ('ZFZNF4ON41S5974MMS','GEYL764080HKJSLBR7','0337221731419332','2021-08-20','Merrick','139',false,true);
INSERT INTO pago(idpago,curp,numerotarjeta,vencimiento,titular,cvv,estarjeta,esefectivo) VALUES ('BLVN520ILVQ62IM0HQ','ZDUZ490931ZPCASQS0','5474185321857955','2023-03-03','Federica','320',false,true);
INSERT INTO pago(idpago,curp,numerotarjeta,vencimiento,titular,cvv,estarjeta,esefectivo) VALUES ('T4Y2D8D3YSXVETHT6S','PPZU794769IVAVOYG2','0197217949237966','2023-02-26','Celinda','037',true,false);
INSERT INTO pago(idpago,curp,numerotarjeta,vencimiento,titular,cvv,estarjeta,esefectivo) VALUES ('EP9OMZBU28GBXFNAKE','QWVC136014UENYTO09','9828591068148376','2023-02-24','Jimmy','354',true,false);
INSERT INTO pago(idpago,curp,numerotarjeta,vencimiento,titular,cvv,estarjeta,esefectivo) VALUES ('26K47EG1MJLD6BOO3B','TJCC823944VNQUGCV3','9036992320101475','2022-06-27','Debor','987',true,false);
INSERT INTO pago(idpago,curp,numerotarjeta,vencimiento,titular,cvv,estarjeta,esefectivo) VALUES ('IEP2E8O0969RBFOEP4','ODXO714088IJEQLNK0','2333310163617666','2022-05-14','Garrik','643',false,true);
INSERT INTO pago(idpago,curp,numerotarjeta,vencimiento,titular,cvv,estarjeta,esefectivo) VALUES ('USNGJS9DKXUG8JRNNO','LIXK441020UPDKWB39','6155111016862523','2023-04-03','Cornela','336',false,true);
INSERT INTO pago(idpago,curp,numerotarjeta,vencimiento,titular,cvv,estarjeta,esefectivo) VALUES ('QWF7GKPJO5Z126GZ9R','YGJU706709EWPTJX25','2731398674180173','2023-07-26','Hally','153',true,false);
INSERT INTO pago(idpago,curp,numerotarjeta,vencimiento,titular,cvv,estarjeta,esefectivo) VALUES ('6GOQ8I3U1Y44UMNQDR','QTAK316325NZSYZZ36','9619720226248218','2021-10-04','Michal','577',false,true);
INSERT INTO pago(idpago,curp,numerotarjeta,vencimiento,titular,cvv,estarjeta,esefectivo) VALUES ('K1A8GOAR9B7WYUJ1KX','OHDI804668KJBPPUF9','0894844366043432','2022-08-30','Farr','100',true,false);
INSERT INTO pago(idpago,curp,numerotarjeta,vencimiento,titular,cvv,estarjeta,esefectivo) VALUES ('8S7Y7XVLEG9LMHEQHO','MMPL858781DITKPKE2','6464225208466591','2022-09-17','Herman','315',true,false);
INSERT INTO pago(idpago,curp,numerotarjeta,vencimiento,titular,cvv,estarjeta,esefectivo) VALUES ('3E4WQR4CO6GFX7NIA9','LPIW136604LXTLUMS2','5974575589118697','2023-06-30','Carline','002',false,true);
INSERT INTO pago(idpago,curp,numerotarjeta,vencimiento,titular,cvv,estarjeta,esefectivo) VALUES ('19S54IDN7H15308IHD','OEIK264195JPYOEUD0','1027194214642957','2023-12-01','Wilmette','218',false,true);
INSERT INTO pago(idpago,curp,numerotarjeta,vencimiento,titular,cvv,estarjeta,esefectivo) VALUES ('18KUK1SNTADW1YO7UY','GLMI430053HOFGXMV4','6944099412979174','2023-11-28','Chrisse','874',true,false);
INSERT INTO pago(idpago,curp,numerotarjeta,vencimiento,titular,cvv,estarjeta,esefectivo) VALUES ('ID5HQJCWTY694PATMS','ZSKK061706ZLFKHFA9','0429892487775203','2022-10-07','Enid','613',true,false);
INSERT INTO pago(idpago,curp,numerotarjeta,vencimiento,titular,cvv,estarjeta,esefectivo) VALUES ('PRWX373DYG2B3XE229','EUPR422640XQXGQV42','5860440983045221','2022-12-30','Savina','555',false,true);
INSERT INTO pago(idpago,curp,numerotarjeta,vencimiento,titular,cvv,estarjeta,esefectivo) VALUES ('ZNGV3KOFQ5CIZXFFLG','PEHW140481VOAQJDW5','5480095918841131','2023-09-26','Garth','797',false,true);
INSERT INTO pago(idpago,curp,numerotarjeta,vencimiento,titular,cvv,estarjeta,esefectivo) VALUES ('RU4WDZCMWXMUCBJDZN','IJNP734728FNRHJIG8','1229421730952772','2021-11-22','Donni','819',true,false);
INSERT INTO pago(idpago,curp,numerotarjeta,vencimiento,titular,cvv,estarjeta,esefectivo) VALUES ('6OE888CRCBHAIKDLNO','FXVD081161WFNIZF96','3150576140349167','2023-10-21','Colan','377',false,true);
INSERT INTO pago(idpago,curp,numerotarjeta,vencimiento,titular,cvv,estarjeta,esefectivo) VALUES ('U8S3AOY1WMMHUVLL69','IUIA302899AWTXBNS2','8347497171170612','2022-12-22','Katey','651',false,true);
INSERT INTO pago(idpago,curp,numerotarjeta,vencimiento,titular,cvv,estarjeta,esefectivo) VALUES ('2CPD4I8X1GA3MTOWC5','VQGF498634YHPTFZA5','2091805654491060','2022-04-02','Irvin','453',true,false);
INSERT INTO pago(idpago,curp,numerotarjeta,vencimiento,titular,cvv,estarjeta,esefectivo) VALUES ('MO0FQYJF4LJW60WJMC','CYAZ499875WTWTXK58','3944152021721315','2022-01-07','Hildy','690',false,true);
INSERT INTO pago(idpago,curp,numerotarjeta,vencimiento,titular,cvv,estarjeta,esefectivo) VALUES ('H6BZSY99S0XAIB1FIP','TNOA134975NTBCITR9','0043065557375544','2021-10-13','Lem','148',true,false);
INSERT INTO pago(idpago,curp,numerotarjeta,vencimiento,titular,cvv,estarjeta,esefectivo) VALUES ('58TKE9776CPH06T0UV','QRSX938128ATLYWIU2','3227994931593991','2023-01-14','Corrina','351',false,true);
INSERT INTO pago(idpago,curp,numerotarjeta,vencimiento,titular,cvv,estarjeta,esefectivo) VALUES ('YZ1HK5OA4ZRM22M2MP','VUJM276937BJKNOQA0','7587408736134666','2022-08-08','Willem','247',true,false);
INSERT INTO pago(idpago,curp,numerotarjeta,vencimiento,titular,cvv,estarjeta,esefectivo) VALUES ('IVVIJYU6KKZK7IMG1O','QKTL575495SABOUQ65','9653262289043017','2023-07-16','Roderigo','556',false,true);
INSERT INTO pago(idpago,curp,numerotarjeta,vencimiento,titular,cvv,estarjeta,esefectivo) VALUES ('TM17WB94YX8ZT8SMAY','AYLH677479XBKIBFE5','1196393974393351','2021-12-09','Estele','477',false,true);
INSERT INTO pago(idpago,curp,numerotarjeta,vencimiento,titular,cvv,estarjeta,esefectivo) VALUES ('0HGMMYMGC4IENG45SH','NVWC532008HCYZMQ03','8475860316673145','2022-03-30','Adolf','287',false,true);
INSERT INTO pago(idpago,curp,numerotarjeta,vencimiento,titular,cvv,estarjeta,esefectivo) VALUES ('R98OEI1OKS6CL56O0P','GZNS809010UQWBBOT7','9546440010205137','2021-09-18','Major','512',true,false);
INSERT INTO pago(idpago,curp,numerotarjeta,vencimiento,titular,cvv,estarjeta,esefectivo) VALUES ('B9V8CKR548V7NC93EK','HGOE770564HYPQED70','7357850014513049','2023-04-04','Mikol','717',false,true);
INSERT INTO pago(idpago,curp,numerotarjeta,vencimiento,titular,cvv,estarjeta,esefectivo) VALUES ('7PGVA8DARHJQX6X272','BOWH207542SAPQUM12','8410412203955830','2022-12-06','Alyce','728',true,false);
INSERT INTO pago(idpago,curp,numerotarjeta,vencimiento,titular,cvv,estarjeta,esefectivo) VALUES ('TYG7LQ14SYQUDXOMU3','ZQZA200420PTIZLO21','8242720808033375','2023-09-13','Rory','821',true,false);
INSERT INTO pago(idpago,curp,numerotarjeta,vencimiento,titular,cvv,estarjeta,esefectivo) VALUES ('999EI4H7O2BH6E5TYT','NOUW263842AIXLYNF2','3910265389644017','2021-11-11','Kyla','109',true,false);
INSERT INTO pago(idpago,curp,numerotarjeta,vencimiento,titular,cvv,estarjeta,esefectivo) VALUES ('CFHA2ECCL3HDUMKOKZ','ISWF259164EFKKWIZ4','6899865392255571','2022-06-02','Gratia','253',false,true);
INSERT INTO pago(idpago,curp,numerotarjeta,vencimiento,titular,cvv,estarjeta,esefectivo) VALUES ('4F8LDGOZD01E0QOAW5','FNSN555831UTHDZR80','4673935226872641','2023-12-26','Donelle','716',true,false);
INSERT INTO pago(idpago,curp,numerotarjeta,vencimiento,titular,cvv,estarjeta,esefectivo) VALUES ('PZMJ2PO9YGBRD3JMJ2','KIDM416570DNTDWWZ2','5988162610815398','2022-03-30','Conchita','275',true,false);
INSERT INTO pago(idpago,curp,numerotarjeta,vencimiento,titular,cvv,estarjeta,esefectivo) VALUES ('LFZC0VK1ZEBR9SK67Z','RDSH249248LRCBCDX1','3043658203424846','2022-08-15','Iain','700',true,false);
INSERT INTO pago(idpago,curp,numerotarjeta,vencimiento,titular,cvv,estarjeta,esefectivo) VALUES ('VG65X6KD2RKZ6A5O4T','ANUB483974RJKZKEB5','0693474693943502','2022-05-26','Lyndsay','187',false,true);
INSERT INTO pago(idpago,curp,numerotarjeta,vencimiento,titular,cvv,estarjeta,esefectivo) VALUES ('U2FA4TYMGBFUFRKCJV','PHYH107254QKESYON9','0728546744400182','2023-06-27','Ninnette','611',true,false);
INSERT INTO pago(idpago,curp,numerotarjeta,vencimiento,titular,cvv,estarjeta,esefectivo) VALUES ('ZA37BM3UAMZTQQ45J2','ZEFB799581JDHJEJ15','1271316824277397','2021-11-29','Eolanda','704',true,false);
INSERT INTO pago(idpago,curp,numerotarjeta,vencimiento,titular,cvv,estarjeta,esefectivo) VALUES ('L0L1FOU2J8MDBXVE33','RGFS711371OEVESU74','3733430598633353','2021-09-13','Berri','882',false,true);
INSERT INTO pago(idpago,curp,numerotarjeta,vencimiento,titular,cvv,estarjeta,esefectivo) VALUES ('BBB3HVOXOTKV6B7LG2','NMMP405142ZOBALZX4','1409167100946991','2022-01-22','Jarib','283',false,true);
INSERT INTO pago(idpago,curp,numerotarjeta,vencimiento,titular,cvv,estarjeta,esefectivo) VALUES ('663ASWYTWRGAZYLC0U','YJAM334289ASDQZF57','5448436624055329','2022-05-17','Tonye','758',false,true);
INSERT INTO pago(idpago,curp,numerotarjeta,vencimiento,titular,cvv,estarjeta,esefectivo) VALUES ('K1NCV8DL4NAKBR00ZJ','ZKTS197058TVWJYFS4','1572009158347641','2023-12-04','Christin','196',false,true);
INSERT INTO pago(idpago,curp,numerotarjeta,vencimiento,titular,cvv,estarjeta,esefectivo) VALUES ('6Z2AXWHWYXDRN0A6TW','DSQI916597MFWWJUU1','2209815794875050','2023-09-03','Kerk','498',false,true);
INSERT INTO pago(idpago,curp,numerotarjeta,vencimiento,titular,cvv,estarjeta,esefectivo) VALUES ('Y9D5NU49UJQ1RQJUJV','DSVV228389JJTGSDU6','0028023102169804','2021-10-30','Ingaberg','545',false,true);
INSERT INTO pago(idpago,curp,numerotarjeta,vencimiento,titular,cvv,estarjeta,esefectivo) VALUES ('0E8L7O5N2ZQ9YJJBMY','WSXD803337KKOYLMD9','6545867162414041','2021-11-29','Niels','320',true,false);
INSERT INTO pago(idpago,curp,numerotarjeta,vencimiento,titular,cvv,estarjeta,esefectivo) VALUES ('6V7VGKVNYEAW32RBVQ','LEUP767978JMTPOMA1','7694363834485003','2023-12-29','Ewan','568',false,true);
INSERT INTO pago(idpago,curp,numerotarjeta,vencimiento,titular,cvv,estarjeta,esefectivo) VALUES ('NYWE4013N91YGTV0O3','YYPB573415BTLQEP69','6737732192010898','2022-10-03','Hesther','418',false,true);
INSERT INTO pago(idpago,curp,numerotarjeta,vencimiento,titular,cvv,estarjeta,esefectivo) VALUES ('PQI01FRW5DG316OXE4','NNZY467653KFTMLWP9','7270518972694618','2021-12-18','Riki','929',false,true);
INSERT INTO pago(idpago,curp,numerotarjeta,vencimiento,titular,cvv,estarjeta,esefectivo) VALUES ('RVN0G7C9H3WCF4S7P1','NWLB670435CYBDIJR4','3642764225300432','2022-07-11','Skye','676',true,false);
INSERT INTO pago(idpago,curp,numerotarjeta,vencimiento,titular,cvv,estarjeta,esefectivo) VALUES ('X5LI9YS2KBEDO44L35','JIEB071654IAXSOA00','4167111653724438','2023-01-12','Tomasine','532',false,true);
INSERT INTO pago(idpago,curp,numerotarjeta,vencimiento,titular,cvv,estarjeta,esefectivo) VALUES ('VV9N7TP37EK26KMSX5','WWNH445912UJTZCD74','7914135433942921','2022-08-05','Mariann','164',true,false);
INSERT INTO pago(idpago,curp,numerotarjeta,vencimiento,titular,cvv,estarjeta,esefectivo) VALUES ('7SHBF1CJGI85XHLDDY','XKPP604586NGBXVT31','9383603054453944','2023-01-19','Twila','133',true,false);
INSERT INTO pago(idpago,curp,numerotarjeta,vencimiento,titular,cvv,estarjeta,esefectivo) VALUES ('AEGT9CTVTQ3RFWXSHT','HLQD507219JJJIHCV7','4978695295576179','2023-05-08','Honey','213',false,true);
INSERT INTO pago(idpago,curp,numerotarjeta,vencimiento,titular,cvv,estarjeta,esefectivo) VALUES ('BW77C36QGHF96RW7Q0','PGVK391892YIFYBZ46','1735324176918054','2022-12-24','Alanna','619',false,true);
INSERT INTO pago(idpago,curp,numerotarjeta,vencimiento,titular,cvv,estarjeta,esefectivo) VALUES ('SO812PEKQOCCYABL75','ZOZY322973FEPNCHV6','4354552098709196','2023-10-12','Berni','337',false,true);
INSERT INTO pago(idpago,curp,numerotarjeta,vencimiento,titular,cvv,estarjeta,esefectivo) VALUES ('46QZQSHAAH1KGI13LD','JGOE045688MJVRZWV2','9250240625725374','2022-07-28','Inna','260',true,false);
INSERT INTO pago(idpago,curp,numerotarjeta,vencimiento,titular,cvv,estarjeta,esefectivo) VALUES ('CY41B7LATUJ56Q8BD4','GCJH910887QMQGESL6','5956851008809808','2023-12-18','Judon','047',false,true);
INSERT INTO pago(idpago,curp,numerotarjeta,vencimiento,titular,cvv,estarjeta,esefectivo) VALUES ('E1VOIEJHWJLEL5H0OM','GUDT227608VEYTWQ97','5599200985992035','2022-06-19','Shurwood','373',true,false);
INSERT INTO pago(idpago,curp,numerotarjeta,vencimiento,titular,cvv,estarjeta,esefectivo) VALUES ('7GAXE5SBXFJULQQWRL','MXPF535191PUASYCI2','5025996133510043','2023-05-22','Wright','413',true,false);
INSERT INTO pago(idpago,curp,numerotarjeta,vencimiento,titular,cvv,estarjeta,esefectivo) VALUES ('BCOWILZLGPZMCPYPV0','KTZB695226LXAAPLN8','8487800170350523','2022-12-27','Al','891',false,true);
INSERT INTO pago(idpago,curp,numerotarjeta,vencimiento,titular,cvv,estarjeta,esefectivo) VALUES ('F35Q8TDL8EFE6ALK2S','SCEF732264QDABEBQ6','0322766683629240','2022-09-23','Gillie','981',false,true);
INSERT INTO pago(idpago,curp,numerotarjeta,vencimiento,titular,cvv,estarjeta,esefectivo) VALUES ('D2DU4YV9C8AXOBG651','IWIP221023PWJEUKA6','8794007520015245','2021-09-17','Tom','854',false,true);
INSERT INTO pago(idpago,curp,numerotarjeta,vencimiento,titular,cvv,estarjeta,esefectivo) VALUES ('R1X9G696L6PEE707NZ','UZZI064840CGPXIH71','5059840070845652','2021-08-06','Orel','563',true,false);
INSERT INTO pago(idpago,curp,numerotarjeta,vencimiento,titular,cvv,estarjeta,esefectivo) VALUES ('YO42BKJYECQ0DG2J3E','RADM884832FMHCEMV5','0073824571555595','2022-07-21','Gusella','807',true,false);
INSERT INTO pago(idpago,curp,numerotarjeta,vencimiento,titular,cvv,estarjeta,esefectivo) VALUES ('9CTJAM6UI3G1U3TMGC','TSZL234854DZOHAFJ9','1702245813475484','2022-02-09','Robbie','980',true,false);
INSERT INTO pago(idpago,curp,numerotarjeta,vencimiento,titular,cvv,estarjeta,esefectivo) VALUES ('QWDZ6HI8ZYSWT1SZOJ','AEEJ053160QWZGJIQ6','1701315864209326','2022-03-25','Iorgo','879',false,true);
INSERT INTO pago(idpago,curp,numerotarjeta,vencimiento,titular,cvv,estarjeta,esefectivo) VALUES ('5GOYYKGPLOJXGJDHAI','UCRH293913QKMQTYT3','7668907321167734','2022-11-06','Britt','025',true,false);
INSERT INTO pago(idpago,curp,numerotarjeta,vencimiento,titular,cvv,estarjeta,esefectivo) VALUES ('DJXT3HU19JO7AXOYD6','SISP275213GOCKGUP2','7417863019857595','2021-12-28','Cordy','869',false,true);
INSERT INTO pago(idpago,curp,numerotarjeta,vencimiento,titular,cvv,estarjeta,esefectivo) VALUES ('GEDGNOYNXK9P3WLSRW','UXNS155438OOQPAMF5','5813296623698629','2023-01-18','Gary','052',true,false);
INSERT INTO pago(idpago,curp,numerotarjeta,vencimiento,titular,cvv,estarjeta,esefectivo) VALUES ('ON4PE1T20ABILPM9JT','RIEK714088TSDXKF42','5082077489922749','2023-03-02','Patton','061',true,false);
INSERT INTO pago(idpago,curp,numerotarjeta,vencimiento,titular,cvv,estarjeta,esefectivo) VALUES ('F80B77DZBJBNYCYBCE','NYDA172190PRLBHOR8','0774681295293150','2022-05-13','Stepha','368',false,true);
INSERT INTO pago(idpago,curp,numerotarjeta,vencimiento,titular,cvv,estarjeta,esefectivo) VALUES ('WF4GH2FSOYL03JL8YE','YNSZ864059HHZQAE62','6331118358643498','2022-08-15','Loella','143',true,false);
INSERT INTO pago(idpago,curp,numerotarjeta,vencimiento,titular,cvv,estarjeta,esefectivo) VALUES ('0AKT6BHXVWO5ZZ55RJ','FJXX410564PUONRX27','7511760171315723','2021-11-15','Sela','465',false,true);
INSERT INTO pago(idpago,curp,numerotarjeta,vencimiento,titular,cvv,estarjeta,esefectivo) VALUES ('QJSZB460DAQBBJ1WEE','ZLFL565874CPDWKXT3','1537450481290750','2022-03-08','Nora','265',true,false);
INSERT INTO pago(idpago,curp,numerotarjeta,vencimiento,titular,cvv,estarjeta,esefectivo) VALUES ('49N2D3H45TWALUAP03','JNDA991053CBUVMUY7','2997465190414045','2022-04-14','Lynne','062',false,true);
INSERT INTO pago(idpago,curp,numerotarjeta,vencimiento,titular,cvv,estarjeta,esefectivo) VALUES ('9KPE5LLE46RT2ZERER','WJWT834748FKUGHV31','7272724497975612','2023-04-08','Josefina','919',false,true);
INSERT INTO pago(idpago,curp,numerotarjeta,vencimiento,titular,cvv,estarjeta,esefectivo) VALUES ('O8DO8EI5SBLUXEPNX9','YPIQ749392OWZEMFF9','8564935764470054','2023-12-18','Gregory','770',false,true);
INSERT INTO pago(idpago,curp,numerotarjeta,vencimiento,titular,cvv,estarjeta,esefectivo) VALUES ('3O3DTWZ94LAE0AVWYK','ENLX475091CFAAHZ85','3639581194676680','2022-12-03','Barri','504',true,false);
INSERT INTO pago(idpago,curp,numerotarjeta,vencimiento,titular,cvv,estarjeta,esefectivo) VALUES ('L13FVBVLO1UUP2DU2U','YVNN106527TVWRAJY3','5948500581113246','2022-01-09','Dian','751',true,false);
-- 	}}}


--- Recibo 	{{{
INSERT INTO recibo(idrecibo,nombredueño,nombremascota,nombretrabajador) VALUES ('CSG8C5UURYEDUU6WWX','Shurwood','Joey','Queenie');
INSERT INTO recibo(idrecibo,nombredueño,nombremascota,nombretrabajador) VALUES ('6WFJ5M1BS3D30PMCRT','Stepha','Max','Eustacia');
INSERT INTO recibo(idrecibo,nombredueño,nombremascota,nombretrabajador) VALUES ('QUSJEB95MVZDKSEHC6','Garrik','Rufus','Monika');
INSERT INTO recibo(idrecibo,nombredueño,nombremascota,nombretrabajador) VALUES ('GTKO6ACKDS5TCZTNO9','Henri','Gracie','Kania');
INSERT INTO recibo(idrecibo,nombredueño,nombremascota,nombretrabajador) VALUES ('J3CSES07NGQB9KU6NY','Kerk','Ella','Sally');
INSERT INTO recibo(idrecibo,nombredueño,nombremascota,nombretrabajador) VALUES ('W24R36ALFYXDX2P1G5','Colan','Millie','Christie');
INSERT INTO recibo(idrecibo,nombredueño,nombremascota,nombretrabajador) VALUES ('2ZH81MEVNV2E4O6Z08','Enid','Oliver','Florette');
INSERT INTO recibo(idrecibo,nombredueño,nombremascota,nombretrabajador) VALUES ('EI475N1VQ96FFG5GWW','Celinda','Athena','Hermia');
INSERT INTO recibo(idrecibo,nombredueño,nombremascota,nombretrabajador) VALUES ('BFW9BN08URZUTMNW5G','Shurwood','Lola','Ulla');
INSERT INTO recibo(idrecibo,nombredueño,nombremascota,nombretrabajador) VALUES ('7P95SC3N9ADGAK2Q89','Robbie','Cody','Chan');
INSERT INTO recibo(idrecibo,nombredueño,nombremascota,nombretrabajador) VALUES ('T40RCFRUTFFNXRBR71','Hally','Ella','Giraud');
INSERT INTO recibo(idrecibo,nombredueño,nombremascota,nombretrabajador) VALUES ('HW51AK9P3GDOAF2IPE','Rory','Sadie','Leonie');
INSERT INTO recibo(idrecibo,nombredueño,nombremascota,nombretrabajador) VALUES ('GK0F3TPNRBJJEGA03H','Debor','Izzy','Noemi');
INSERT INTO recibo(idrecibo,nombredueño,nombremascota,nombretrabajador) VALUES ('4IVYA130CX97F1X45U','Robbie','Cody','Flory');
INSERT INTO recibo(idrecibo,nombredueño,nombremascota,nombretrabajador) VALUES ('MPKSKLFNW57TOOE2LY','Savina','Lexi','Elisabeth');
INSERT INTO recibo(idrecibo,nombredueño,nombremascota,nombretrabajador) VALUES ('ZA0T2BPOKNHA7W1VFL','Iain','Joey','Tabina');
INSERT INTO recibo(idrecibo,nombredueño,nombremascota,nombretrabajador) VALUES ('QR9WDTOGVRKYQNVBJW','Conchita','Ella','Carie');
INSERT INTO recibo(idrecibo,nombredueño,nombremascota,nombretrabajador) VALUES ('J9NFH9ZWWGFS1W71V9','Lyndsay','Baxter','Jakie');
INSERT INTO recibo(idrecibo,nombredueño,nombremascota,nombretrabajador) VALUES ('CT0WXXET3SNNMQS5YQ','Conchita','Ella','Karen');
INSERT INTO recibo(idrecibo,nombredueño,nombremascota,nombretrabajador) VALUES ('WDETZ4SA2RRKOMLK8U','Stepha','Max','Haydon');
INSERT INTO recibo(idrecibo,nombredueño,nombremascota,nombretrabajador) VALUES ('550XE3XBI55DJK1J2Y','Rory','Gigi','Boothe');
INSERT INTO recibo(idrecibo,nombredueño,nombremascota,nombretrabajador) VALUES ('DZV6SX48TG6SRRNXZG','Orel','Lulu','Thorsten');
INSERT INTO recibo(idrecibo,nombredueño,nombremascota,nombretrabajador) VALUES ('3CYVIPFFN7GXXZDQA6','Kerwinn','Gizmo','Marni');
INSERT INTO recibo(idrecibo,nombredueño,nombremascota,nombretrabajador) VALUES ('9MQDZH0VB1RNHSGALZ','Mikol','Jake','Madonna');
INSERT INTO recibo(idrecibo,nombredueño,nombremascota,nombretrabajador) VALUES ('6N4F1VPGOKLQKTMPYQ','Wright','Baby','Joana');
INSERT INTO recibo(idrecibo,nombredueño,nombremascota,nombretrabajador) VALUES ('UG3PEA4RIFRRXZZ060','Cordy','Moose','Karalynn');
INSERT INTO recibo(idrecibo,nombredueño,nombremascota,nombretrabajador) VALUES ('J4U6KPGD85UEC5EWY0','Ninnette','Gigi','Goddard');
INSERT INTO recibo(idrecibo,nombredueño,nombremascota,nombretrabajador) VALUES ('WB5BB6QW52CBJRMIFZ','Shurwood','Joey','Wilburt');
INSERT INTO recibo(idrecibo,nombredueño,nombremascota,nombretrabajador) VALUES ('XWUH0NMJ8MCRSBVR7C','Kerwinn','Gizmo','Hurley');
INSERT INTO recibo(idrecibo,nombredueño,nombremascota,nombretrabajador) VALUES ('XM0S4DEZBWC2S81G13','Rory','Joey','Alberik');
INSERT INTO recibo(idrecibo,nombredueño,nombremascota,nombretrabajador) VALUES ('YQ7Y40CE39ER45FIXI','Barri','Sandy','Hilario');
INSERT INTO recibo(idrecibo,nombredueño,nombremascota,nombretrabajador) VALUES ('5OD7QJ8GTUQKA67E3W','Donni','Lexie','Merle');
INSERT INTO recibo(idrecibo,nombredueño,nombremascota,nombretrabajador) VALUES ('7F4WTP8IVVVNVMD66R','Mariann','Missy','Serge');
INSERT INTO recibo(idrecibo,nombredueño,nombremascota,nombretrabajador) VALUES ('Z2L1AA44NMKV96SRWJ','Lyndsay','Sandy','Jenna');
INSERT INTO recibo(idrecibo,nombredueño,nombremascota,nombretrabajador) VALUES ('K0AZQE5C1PZDL0ZUFC','Kerk','Ella','Carlynne');
INSERT INTO recibo(idrecibo,nombredueño,nombremascota,nombretrabajador) VALUES ('6YUXGX8Q8112A1MFV9','Lynne','Emma','Raddie');
INSERT INTO recibo(idrecibo,nombredueño,nombremascota,nombretrabajador) VALUES ('7BIZH2I222LGLT1014','Spike','Tyson','Ainslee');
INSERT INTO recibo(idrecibo,nombredueño,nombremascota,nombretrabajador) VALUES ('BF2HDO1EN8CHYI7SO1','Mariann','Missy','Elayne');
INSERT INTO recibo(idrecibo,nombredueño,nombremascota,nombretrabajador) VALUES ('8FVIZJH3UH63OQC2PY','Sela','Stella','Ericha');
INSERT INTO recibo(idrecibo,nombredueño,nombremascota,nombretrabajador) VALUES ('RH4XHPO2EENSG17BLQ','Lem','Lola','Arte');
INSERT INTO recibo(idrecibo,nombredueño,nombremascota,nombretrabajador) VALUES ('DWUO6DMNHB3L2M7CZP','Hyacinthe','Rufus','Emmanuel');
INSERT INTO recibo(idrecibo,nombredueño,nombremascota,nombretrabajador) VALUES ('QPM0M4CGVAX6X2U5YM','Jimmy','Izzy','Lenee');
INSERT INTO recibo(idrecibo,nombredueño,nombremascota,nombretrabajador) VALUES ('9KAUTIZIDO7IQ4XY9R','Twila','Sammy','Kelbee');
INSERT INTO recibo(idrecibo,nombredueño,nombremascota,nombretrabajador) VALUES ('IM18J1979MVJJGEDO5','Lynne','Oliver','Retha');
INSERT INTO recibo(idrecibo,nombredueño,nombremascota,nombretrabajador) VALUES ('GDO43G4F2ZPHJZTS51','Hesther','Sasha','Bryana');
INSERT INTO recibo(idrecibo,nombredueño,nombremascota,nombretrabajador) VALUES ('SKRXP7HUOP3A1WRQE3','Christin','Scooter','Frasier');
INSERT INTO recibo(idrecibo,nombredueño,nombremascota,nombretrabajador) VALUES ('FVRQW7IH97M1MXCR7C','Hally','Sandy','Shanda');
INSERT INTO recibo(idrecibo,nombredueño,nombremascota,nombretrabajador) VALUES ('LVWGMF1B7D2I3I3O38','Blakeley','Bonnie','Jolyn');
INSERT INTO recibo(idrecibo,nombredueño,nombremascota,nombretrabajador) VALUES ('71Z4OINJGPNB7DBHT8','Sheppard','Lily','Lynnet');
INSERT INTO recibo(idrecibo,nombredueño,nombremascota,nombretrabajador) VALUES ('7092OW47LW1QZGB84O','Carline','Bentley','Nydia');
INSERT INTO recibo(idrecibo,nombredueño,nombremascota,nombretrabajador) VALUES ('K6ZSXVAJQFWD894IFA','Lem','Lola','Carie');
INSERT INTO recibo(idrecibo,nombredueño,nombremascota,nombretrabajador) VALUES ('GJYSWU4IF67483M5V3','Sheppard','Lily','Tito');
INSERT INTO recibo(idrecibo,nombredueño,nombremascota,nombretrabajador) VALUES ('MS9SJOQDSZ5W1EN8Z7','Enid','Oliver','Queenie');
INSERT INTO recibo(idrecibo,nombredueño,nombremascota,nombretrabajador) VALUES ('4EQAVOVN6AO5SO54LR','Conchita','Apollo','Elisabeth');
INSERT INTO recibo(idrecibo,nombredueño,nombremascota,nombretrabajador) VALUES ('Z7LPFMXC0MBEE98EWS','Federica','Cooper','Allegra');
INSERT INTO recibo(idrecibo,nombredueño,nombremascota,nombretrabajador) VALUES ('LA0ESRAWD8OG33Y4KT','Alyce','Maggie','Wilburt');
INSERT INTO recibo(idrecibo,nombredueño,nombremascota,nombretrabajador) VALUES ('451JVUDUXVLUO6TIK5','Orel','Lulu','Hermia');
INSERT INTO recibo(idrecibo,nombredueño,nombremascota,nombretrabajador) VALUES ('IFHTUI3I3RIN4889PZ','Stepha','Max','Hurley');
INSERT INTO recibo(idrecibo,nombredueño,nombremascota,nombretrabajador) VALUES ('AJ29ZZHZLJLK1YJLD8','Shurwood','Lola','Madonna');
INSERT INTO recibo(idrecibo,nombredueño,nombremascota,nombretrabajador) VALUES ('0IJTO96I0SL6VSZI0V','Conchita','Ella','Giraud');
INSERT INTO recibo(idrecibo,nombredueño,nombremascota,nombretrabajador) VALUES ('823D4SKYQIF4OBEHMY','Dian','Mimi','Shanda');
INSERT INTO recibo(idrecibo,nombredueño,nombremascota,nombretrabajador) VALUES ('Z7PRNQQ0QR8LO7ZNM4','Stepha','Max','Joannes');
INSERT INTO recibo(idrecibo,nombredueño,nombremascota,nombretrabajador) VALUES ('ARGMTS00VY24HBE064','Lyndsay','Sandy','Hilario');
INSERT INTO recibo(idrecibo,nombredueño,nombremascota,nombretrabajador) VALUES ('RW83VX4KYRI87GH69X','Josefina','Nikki','Tito');
INSERT INTO recibo(idrecibo,nombredueño,nombremascota,nombretrabajador) VALUES ('CHLB77IHU9HSG9DBL0','Chrisse','Baxter','Ericha');
INSERT INTO recibo(idrecibo,nombredueño,nombremascota,nombretrabajador) VALUES ('WQXNIHRKGPOM8JU7OV','Nora','Maggie','Jesse');
INSERT INTO recibo(idrecibo,nombredueño,nombremascota,nombretrabajador) VALUES ('EEROUIDD87LQD8V9LU','Gillie','Gracie','Ariadne');
INSERT INTO recibo(idrecibo,nombredueño,nombremascota,nombretrabajador) VALUES ('FQIBMXPU7WT2TU8HL5','Farr','Kobe','Raddie');
INSERT INTO recibo(idrecibo,nombredueño,nombremascota,nombretrabajador) VALUES ('05URY116LCQQHQ3ONM','Hyacinthe','Belle','Flory');
INSERT INTO recibo(idrecibo,nombredueño,nombremascota,nombretrabajador) VALUES ('CO1ZNV9D6JWU99DQWM','Iain','Callie','Bourke');
INSERT INTO recibo(idrecibo,nombredueño,nombremascota,nombretrabajador) VALUES ('FJQ35XGUNMKA8M27YN','Hyacinthe','Rufus','Cathy');
INSERT INTO recibo(idrecibo,nombredueño,nombremascota,nombretrabajador) VALUES ('4Q75VYNPU70WWPDH2N','Kerwinn','Gizmo','Ivette');
INSERT INTO recibo(idrecibo,nombredueño,nombremascota,nombretrabajador) VALUES ('HS3UHG8ODC5KD3T6CA','Hyacinthe','Belle','Sholom');
INSERT INTO recibo(idrecibo,nombredueño,nombremascota,nombretrabajador) VALUES ('PD4YN19RLEKW4YP32G','Rory','Gigi','Noemi');
INSERT INTO recibo(idrecibo,nombredueño,nombremascota,nombretrabajador) VALUES ('VMOBW7UU6A18HTWYOO','Ninnette','Cooper','Alberik');
INSERT INTO recibo(idrecibo,nombredueño,nombremascota,nombretrabajador) VALUES ('NZNZFRI7UZWOJMFAH5','Hildy','Chance','Biddy');
INSERT INTO recibo(idrecibo,nombredueño,nombremascota,nombretrabajador) VALUES ('F4Z59DSX9FVQ7SM7VC','Inna','Gus','Robinett');
INSERT INTO recibo(idrecibo,nombredueño,nombremascota,nombretrabajador) VALUES ('XZUJYKF9T5DS93RRRD','Shurwood','Lola','Merle');
INSERT INTO recibo(idrecibo,nombredueño,nombremascota,nombretrabajador) VALUES ('3W80JI8520U3XEIWHM','Michal','Cocoa','Tabina');
INSERT INTO recibo(idrecibo,nombredueño,nombremascota,nombretrabajador) VALUES ('TPIN72CSSZJY8AKVD6','Barri','Benji','Correna');
INSERT INTO recibo(idrecibo,nombredueño,nombremascota,nombretrabajador) VALUES ('BU2R34RRKXLSZI0H50','Rory','Gigi','Arte');
INSERT INTO recibo(idrecibo,nombredueño,nombremascota,nombretrabajador) VALUES ('MT3X08ZCZKH6CMMCQ3','Hesther','Sasha','Giorgia');
INSERT INTO recibo(idrecibo,nombredueño,nombremascota,nombretrabajador) VALUES ('6XWBFGVNBVG0Q563W4','Carline','Bentley','Goddard');
INSERT INTO recibo(idrecibo,nombredueño,nombremascota,nombretrabajador) VALUES ('8YOZRMG5C50DK6PYF8','Henri','Gracie','Karen');
INSERT INTO recibo(idrecibo,nombredueño,nombremascota,nombretrabajador) VALUES ('N2WQZTCENKDTMYRCA1','Robbie','Cody','Leonie');
INSERT INTO recibo(idrecibo,nombredueño,nombremascota,nombretrabajador) VALUES ('NJ2SBI3ZSNIAMD3JHD','Kyla','Cody','Sven');
INSERT INTO recibo(idrecibo,nombredueño,nombremascota,nombretrabajador) VALUES ('NBGJB2EEJG8DZCOJFY','Enid','Millie','Jenna');
INSERT INTO recibo(idrecibo,nombredueño,nombremascota,nombretrabajador) VALUES ('UDPEAA3UY232A3GVES','Bailie','Luke','Taber');
INSERT INTO recibo(idrecibo,nombredueño,nombremascota,nombretrabajador) VALUES ('2ZGEC79YKGWXG2HLFH','Hesther','Zoey','Cornie');
INSERT INTO recibo(idrecibo,nombredueño,nombremascota,nombretrabajador) VALUES ('M87MPW39NILUPAIBW9','Alyce','Ella','Melba');
INSERT INTO recibo(idrecibo,nombredueño,nombremascota,nombretrabajador) VALUES ('L589UEGANF4KDBTM6Q','Iorgo','Loki','Christie');
INSERT INTO recibo(idrecibo,nombredueño,nombremascota,nombretrabajador) VALUES ('MCJ3ZRARCZ87L6PBIF','Twila','Sammy','Corrie');
INSERT INTO recibo(idrecibo,nombredueño,nombremascota,nombretrabajador) VALUES ('VHB0ULPXVNHFGVKRS7','Rory','Gigi','Rab');
INSERT INTO recibo(idrecibo,nombredueño,nombremascota,nombretrabajador) VALUES ('2SF5NS47SBDK0R4IF4','Cordy','Moose','Kitti');
INSERT INTO recibo(idrecibo,nombredueño,nombremascota,nombretrabajador) VALUES ('J28FA2M4S9EDANAHC5','Britt','Gracie','Frasier');
INSERT INTO recibo(idrecibo,nombredueño,nombremascota,nombretrabajador) VALUES ('W9ISMZT80JCGGCDG4K','Bailie','Luke','Kania');
INSERT INTO recibo(idrecibo,nombredueño,nombremascota,nombretrabajador) VALUES ('02ER7GGOW3OBW0ZJYK','Garrik','Rufus','Ulla');
INSERT INTO recibo(idrecibo,nombredueño,nombremascota,nombretrabajador) VALUES ('BANS707FXCP0NIOJM7','Mariann','Missy','Dasie');
INSERT INTO recibo(idrecibo,nombredueño,nombremascota,nombretrabajador) VALUES ('1U9B3CFHVYH91FPASL','Colan','Millie','Carlynne');
INSERT INTO recibo(idrecibo,nombredueño,nombremascota,nombretrabajador) VALUES ('AP7ZCMY2I79TRJKT5I','Niels','Callie','Yuma');
INSERT INTO recibo(idrecibo,nombredueño,nombremascota,nombretrabajador) VALUES ('RB751FYHTTW95OW4L7','Rory','Sadie','Inessa');
INSERT INTO recibo(idrecibo,nombredueño,nombremascota,nombretrabajador) VALUES ('XL7ZR6J31T9HMAGL2N','Ninnette','Cooper','Sholom');
INSERT INTO recibo(idrecibo,nombredueño,nombremascota,nombretrabajador) VALUES ('4JV2HZT2LQVOE5U2TD','Conchita','Apollo','Elayne');
INSERT INTO recibo(idrecibo,nombredueño,nombremascota,nombretrabajador) VALUES ('RY81QSJCW4ESDKNM7K','Savina','Lexi','Alberik');
INSERT INTO recibo(idrecibo,nombredueño,nombremascota,nombretrabajador) VALUES ('O8YQTYRVBTK4YLUUHV','Celinda','Simba','Karen');
INSERT INTO recibo(idrecibo,nombredueño,nombremascota,nombretrabajador) VALUES ('KTXAM7JOZ8ILTKFODM','Rory','Sadie','Ariadne');
INSERT INTO recibo(idrecibo,nombredueño,nombremascota,nombretrabajador) VALUES ('JMVRXFWBNAKDIMRAXY','Sela','Stella','Giorgia');
INSERT INTO recibo(idrecibo,nombredueño,nombremascota,nombretrabajador) VALUES ('8PP8LJBCI5ED1KYCX7','Kyla','Cody','Rab');
INSERT INTO recibo(idrecibo,nombredueño,nombremascota,nombretrabajador) VALUES ('CCZTHPQD3VHFYI2A8V','Iorgo','Loki','Ainslee');
INSERT INTO recibo(idrecibo,nombredueño,nombremascota,nombretrabajador) VALUES ('G1819JOBKTSUDTUPPN','Lem','Lola','Florette');
INSERT INTO recibo(idrecibo,nombredueño,nombremascota,nombretrabajador) VALUES ('QKCLXWP4XEUNHOLPUT','Shurwood','Callie','Lynnet');
INSERT INTO recibo(idrecibo,nombredueño,nombremascota,nombretrabajador) VALUES ('JIUVDU6ZQN40C0GOG1','Alyce','Maggie','Carie');
INSERT INTO recibo(idrecibo,nombredueño,nombremascota,nombretrabajador) VALUES ('JKFLMA3LA098NSE1D1','Twila','Sammy','Joannes');
INSERT INTO recibo(idrecibo,nombredueño,nombremascota,nombretrabajador) VALUES ('WM1AFH8TF9P5G59RE1','Federica','Cooper','Arte');
INSERT INTO recibo(idrecibo,nombredueño,nombremascota,nombretrabajador) VALUES ('M0QOSZ0C5V5CW1X30Q','Garrik','Rufus','Ulla');
INSERT INTO recibo(idrecibo,nombredueño,nombremascota,nombretrabajador) VALUES ('SGPPSH1MUEEC21ZRFH','Britt','Gracie','Nanice');
INSERT INTO recibo(idrecibo,nombredueño,nombremascota,nombretrabajador) VALUES ('4CLGHDCGEEYL82J5XR','Michal','Callie','Sally');
INSERT INTO recibo(idrecibo,nombredueño,nombremascota,nombretrabajador) VALUES ('PX2GG0RMBLIG0PVFKJ','Nora','Maggie','Stavros');
INSERT INTO recibo(idrecibo,nombredueño,nombremascota,nombretrabajador) VALUES ('LNU70DP774AXAG7JKD','Henri','Gracie','Jareb');
INSERT INTO recibo(idrecibo,nombredueño,nombremascota,nombretrabajador) VALUES ('SLOENO68X60F96IEBU','Josefina','Nikki','Melba');
INSERT INTO recibo(idrecibo,nombredueño,nombremascota,nombretrabajador) VALUES ('R9972Q3HPXJMKUL57R','Hesther','Zoey','Giraud');
INSERT INTO recibo(idrecibo,nombredueño,nombremascota,nombretrabajador) VALUES ('AVMKSFU7OEX0Z1T8RA','Ninnette','Gigi','Marna');
INSERT INTO recibo(idrecibo,nombredueño,nombremascota,nombretrabajador) VALUES ('YRU51U4EBGLDHRV6T4','Debor','Izzy','Kelbee');
INSERT INTO recibo(idrecibo,nombredueño,nombremascota,nombretrabajador) VALUES ('R05X4IM77QLUKRWPR1','Shurwood','Callie','Corrie');
INSERT INTO recibo(idrecibo,nombredueño,nombremascota,nombretrabajador) VALUES ('T4U91W8PJVWJDUQAEK','Roderigo','Mocha','Carney');
INSERT INTO recibo(idrecibo,nombredueño,nombremascota,nombretrabajador) VALUES ('QDK58XW9Y32ZIBH4ZB','Bailie','Gus','Hermia');
INSERT INTO recibo(idrecibo,nombredueño,nombremascota,nombretrabajador) VALUES ('025XO56TFOI95AIKZM','Jimmy','Izzy','Tabina');
INSERT INTO recibo(idrecibo,nombredueño,nombremascota,nombretrabajador) VALUES ('UHNW1PAQEODD5AF5TW','Hally','Sandy','Gillian');
INSERT INTO recibo(idrecibo,nombredueño,nombremascota,nombretrabajador) VALUES ('7OBI5D3CDZ7B1YPGIW','Donni','Lexie','Madonna');
INSERT INTO recibo(idrecibo,nombredueño,nombremascota,nombretrabajador) VALUES ('6Z8N5HP80DIAI2LAHT','Hesther','Sasha','Obadiah');
INSERT INTO recibo(idrecibo,nombredueño,nombremascota,nombretrabajador) VALUES ('5BQVFBGGIGYQWH1SLR','Mariann','Nikki','Merle');
INSERT INTO recibo(idrecibo,nombredueño,nombremascota,nombretrabajador) VALUES ('Q7STBBGPKMVRC5PI3J','Mariann','Nikki','Thorsten');
INSERT INTO recibo(idrecibo,nombredueño,nombremascota,nombretrabajador) VALUES ('RLI04FST0FMC2PIB0O','Michal','Cocoa','Biddy');
INSERT INTO recibo(idrecibo,nombredueño,nombremascota,nombretrabajador) VALUES ('PZ4BCS3Z5SC4HCJHM3','Lyndsay','Sandy','Dasie');
INSERT INTO recibo(idrecibo,nombredueño,nombremascota,nombretrabajador) VALUES ('9B635S358BB41PYN40','Robbie','Cody','Elisabeth');
INSERT INTO recibo(idrecibo,nombredueño,nombremascota,nombretrabajador) VALUES ('T6WHWJE5RM0Q1MV317','Drusie','Gizmo','Emmanuel');
INSERT INTO recibo(idrecibo,nombredueño,nombremascota,nombretrabajador) VALUES ('1KAI70VFFIT22TRHWI','Hyacinthe','Rufus','Remington');
INSERT INTO recibo(idrecibo,nombredueño,nombremascota,nombretrabajador) VALUES ('5HWQL93CODTGSQ3Z69','Iain','Callie','Emlynne');
INSERT INTO recibo(idrecibo,nombredueño,nombremascota,nombretrabajador) VALUES ('2KPDRR4CW1Y827U19R','Stepha','Max','Wilburt');
INSERT INTO recibo(idrecibo,nombredueño,nombremascota,nombretrabajador) VALUES ('YAELVED2L0TX2PWVAW','Skye','Cooper','Flossy');
INSERT INTO recibo(idrecibo,nombredueño,nombremascota,nombretrabajador) VALUES ('Y265X59DJ9FR6ES436','Mikol','Jake','Hurley');
INSERT INTO recibo(idrecibo,nombredueño,nombremascota,nombretrabajador) VALUES ('ECP7PU7LBCTA9ZZFOT','Sheppard','Lily','Allegra');
INSERT INTO recibo(idrecibo,nombredueño,nombremascota,nombretrabajador) VALUES ('I18VK14AFICG2L01A1','Marissa','Gigi','Frasier');
INSERT INTO recibo(idrecibo,nombredueño,nombremascota,nombretrabajador) VALUES ('WY0L3Y66O5LGSJ62Q6','Christin','Scooter','Robinett');
INSERT INTO recibo(idrecibo,nombredueño,nombremascota,nombretrabajador) VALUES ('CA7I89633OV4MJ4K60','Chrisse','Baxter','Monika');
INSERT INTO recibo(idrecibo,nombredueño,nombremascota,nombretrabajador) VALUES ('2HK4H773Q04SI3DMJX','Sheppard','Lily','Retha');
INSERT INTO recibo(idrecibo,nombredueño,nombremascota,nombretrabajador) VALUES ('L933JG9WI8EB67104S','Carline','Bentley','Christie');
INSERT INTO recibo(idrecibo,nombredueño,nombremascota,nombretrabajador) VALUES ('V61SX7009TOV1AK4CM','Spike','Tyson','Sven');
INSERT INTO recibo(idrecibo,nombredueño,nombremascota,nombretrabajador) VALUES ('GAO5CY8ANROBZTHQ0O','Enid','Millie','Kania');
INSERT INTO recibo(idrecibo,nombredueño,nombremascota,nombretrabajador) VALUES ('N717VSJQJUCI09YQ21','Hally','Ella','Eustacia');
INSERT INTO recibo(idrecibo,nombredueño,nombremascota,nombretrabajador) VALUES ('HWSVUQR4QC227QXARX','Robbie','Izzy','Marlow');
INSERT INTO recibo(idrecibo,nombredueño,nombremascota,nombretrabajador) VALUES ('HZPIIZKK6GG9JOA3VA','Iain','Callie','Marni');
INSERT INTO recibo(idrecibo,nombredueño,nombremascota,nombretrabajador) VALUES ('8FG9QWVMAP0LXQQE43','Celinda','Athena','Marna');
INSERT INTO recibo(idrecibo,nombredueño,nombremascota,nombretrabajador) VALUES ('T1MM8B9HL4XY7OTSP3','Mariann','Nikki','Lynnet');
INSERT INTO recibo(idrecibo,nombredueño,nombremascota,nombretrabajador) VALUES ('5SGTK6WNXYDN868UXC','Berri','Belle','Sally');
INSERT INTO recibo(idrecibo,nombredueño,nombremascota,nombretrabajador) VALUES ('8VTKLR5CORKZ0TPU4S','Rory','Joey','Emlynne');
INSERT INTO recibo(idrecibo,nombredueño,nombremascota,nombretrabajador) VALUES ('VOUQKVZCII0U6FMGWN','Henri','Cocoa','Nydia');
INSERT INTO recibo(idrecibo,nombredueño,nombremascota,nombretrabajador) VALUES ('VHECV5H1WWW5R6XTZM','Kerwinn','Gizmo','Koressa');
INSERT INTO recibo(idrecibo,nombredueño,nombremascota,nombretrabajador) VALUES ('6N8PJYDCFBGN6VT47O','Henri','Cocoa','Lenee');
INSERT INTO recibo(idrecibo,nombredueño,nombremascota,nombretrabajador) VALUES ('O9PYGNBS4RYIOLSPKB','Cordy','Moose','Flory');
INSERT INTO recibo(idrecibo,nombredueño,nombremascota,nombretrabajador) VALUES ('D85XWMAD8V60X6S56M','Blakeley','Bonnie','Thorsten');
INSERT INTO recibo(idrecibo,nombredueño,nombremascota,nombretrabajador) VALUES ('1AERGK4P8S9254JHWH','Hyacinthe','Walter','Corrie');
INSERT INTO recibo(idrecibo,nombredueño,nombremascota,nombretrabajador) VALUES ('OFWY71FCK7QTXUBB4N','Major','Ella','Karalynn');
INSERT INTO recibo(idrecibo,nombredueño,nombremascota,nombretrabajador) VALUES ('OS2QA8GNFRU1F7EHZH','Barri','Benji','Tito');
INSERT INTO recibo(idrecibo,nombredueño,nombremascota,nombretrabajador) VALUES ('OG55HOXU8VFBVMFWNP','Hesther','Sasha','Jesse');
INSERT INTO recibo(idrecibo,nombredueño,nombremascota,nombretrabajador) VALUES ('UDZHQUMJ947KLC78H9','Josefina','Stella','Cathy');
INSERT INTO recibo(idrecibo,nombredueño,nombremascota,nombretrabajador) VALUES ('6MFT42VTLN8542WQOF','Lem','Lola','Allegra');
INSERT INTO recibo(idrecibo,nombredueño,nombremascota,nombretrabajador) VALUES ('R7MQPNRP3HCHPK7U3P','Kerwinn','Lexie','Tabina');
INSERT INTO recibo(idrecibo,nombredueño,nombremascota,nombretrabajador) VALUES ('5YCLJO94GMVWP11DWL','Garrik','Rufus','Bryana');
INSERT INTO recibo(idrecibo,nombredueño,nombremascota,nombretrabajador) VALUES ('Y8QE0268EJ1FW3AM9E','Lynne','Emma','Verine');
INSERT INTO recibo(idrecibo,nombredueño,nombremascota,nombretrabajador) VALUES ('6TVRWO7QZEKUXJ6X4Z','Farr','Kobe','Chan');
INSERT INTO recibo(idrecibo,nombredueño,nombremascota,nombretrabajador) VALUES ('T018U6EVAXNT4ISD2P','Patton','Chance','Cornie');
INSERT INTO recibo(idrecibo,nombredueño,nombremascota,nombretrabajador) VALUES ('T1BQAQ3T8G51KUTUXW','Enid','Oliver','Jaquenetta');
INSERT INTO recibo(idrecibo,nombredueño,nombremascota,nombretrabajador) VALUES ('BJMF8QKX6Y0ULYFOSC','Robbie','Cody','Retha');
INSERT INTO recibo(idrecibo,nombredueño,nombremascota,nombretrabajador) VALUES ('9TA0FME3ITIMPJDH8I','Skye','Cooper','Christie');
INSERT INTO recibo(idrecibo,nombredueño,nombremascota,nombretrabajador) VALUES ('NYS2PS901OTBWU4Z57','Savina','Lexi','Brett');
INSERT INTO recibo(idrecibo,nombredueño,nombremascota,nombretrabajador) VALUES ('Y6EJXJK83OWPKMOYZH','Aubrie','Gigi','Anica');
INSERT INTO recibo(idrecibo,nombredueño,nombremascota,nombretrabajador) VALUES ('PNDTD8XS6IFFTHMKRI','Dian','Mimi','Merle');
INSERT INTO recibo(idrecibo,nombredueño,nombremascota,nombretrabajador) VALUES ('M84ODV2WYAU2QAWUG8','Sheppard','Loki','Taber');
INSERT INTO recibo(idrecibo,nombredueño,nombremascota,nombretrabajador) VALUES ('Y5I3Y7FJFVMC5B10MM','Tonye','Oreo','Almeta');
INSERT INTO recibo(idrecibo,nombredueño,nombremascota,nombretrabajador) VALUES ('U8GVBTLVS3WQ2UU24X','Hally','Ella','Eustacia');
INSERT INTO recibo(idrecibo,nombredueño,nombremascota,nombretrabajador) VALUES ('BZTUDW30C4EQY2LPAS','Enid','Millie','Obadiah');
INSERT INTO recibo(idrecibo,nombredueño,nombremascota,nombretrabajador) VALUES ('0FQFFMVTCJW3YY8O69','Roderigo','Mocha','Tito');
INSERT INTO recibo(idrecibo,nombredueño,nombremascota,nombretrabajador) VALUES ('OVOL1EJCH73DIGG1PH','Carline','Moose','Alberik');
INSERT INTO recibo(idrecibo,nombredueño,nombremascota,nombretrabajador) VALUES ('W32N0JISWO97MD788E','Lyndsay','Baxter','Kitti');
INSERT INTO recibo(idrecibo,nombredueño,nombremascota,nombretrabajador) VALUES ('GFGUDXQ59SL6DTMC8W','Wilmette','Mimi','Frasier');
INSERT INTO recibo(idrecibo,nombredueño,nombremascota,nombretrabajador) VALUES ('LUOV42L4NULG55PJJJ','Kennedy','Zoey','Celeste');
INSERT INTO recibo(idrecibo,nombredueño,nombremascota,nombretrabajador) VALUES ('OBRSL754QMTEX6ANO0','Debor','Izzy','Karen');
INSERT INTO recibo(idrecibo,nombredueño,nombremascota,nombretrabajador) VALUES ('RP2RJW53GNJG6J21CY','Jimmy','Izzy','Kania');
INSERT INTO recibo(idrecibo,nombredueño,nombremascota,nombretrabajador) VALUES ('84K3M4PJ6FP5B9B1B4','Britt','Gracie','Hurley');
INSERT INTO recibo(idrecibo,nombredueño,nombremascota,nombretrabajador) VALUES ('5DB9ZLN2TJ515HI9HA','Hyacinthe','Walter','Florette');
INSERT INTO recibo(idrecibo,nombredueño,nombremascota,nombretrabajador) VALUES ('CILBWQ71J0H9PYA1VV','Stepha','Max','Carie');
INSERT INTO recibo(idrecibo,nombredueño,nombremascota,nombretrabajador) VALUES ('NBOHKEEX0IS0Z5FJWX','Alyce','Scooter','Dyanne');
INSERT INTO recibo(idrecibo,nombredueño,nombremascota,nombretrabajador) VALUES ('CZM14YSI0746V3CUQG','Iain','Callie','Jessamyn');
INSERT INTO recibo(idrecibo,nombredueño,nombremascota,nombretrabajador) VALUES ('Z00OGH9OLB8F7JYKC7','Sela','Stella','Leonie');
INSERT INTO recibo(idrecibo,nombredueño,nombremascota,nombretrabajador) VALUES ('IG2GSYHRS395LKDPZY','Sheppard','Lily','Jolyn');
INSERT INTO recibo(idrecibo,nombredueño,nombremascota,nombretrabajador) VALUES ('YJDVSKUZE22H6SO47S','Hesther','Oliver','Wilburt');
INSERT INTO recibo(idrecibo,nombredueño,nombremascota,nombretrabajador) VALUES ('CYS8D9H53HQWU666E4','Michal','Lexie','Stavros');
INSERT INTO recibo(idrecibo,nombredueño,nombremascota,nombretrabajador) VALUES ('K5WIUL83CH7SQPUT67','Carline','Bentley','Haydon');
INSERT INTO recibo(idrecibo,nombredueño,nombremascota,nombretrabajador) VALUES ('9207OX24P0AJ7M9QFZ','Twila','Sammy','Ulla');
INSERT INTO recibo(idrecibo,nombredueño,nombremascota,nombretrabajador) VALUES ('BFCXT9NIQQZJ7XU49Q','Hildy','Chance','Tim');
INSERT INTO recibo(idrecibo,nombredueño,nombremascota,nombretrabajador) VALUES ('MPGH3E54QXLXZ2ZO5N','Niels','Callie','Bryana');
INSERT INTO recibo(idrecibo,nombredueño,nombremascota,nombretrabajador) VALUES ('X3YF5KN10QFPMOHYQ3','Kerk','Shadow','Joannes');
INSERT INTO recibo(idrecibo,nombredueño,nombremascota,nombretrabajador) VALUES ('KCA6BSEISG6NONN9Z7','Bailie','Luke','Inessa');
INSERT INTO recibo(idrecibo,nombredueño,nombremascota,nombretrabajador) VALUES ('S5BJTJACHZ40JHV6M9','Christin','Scooter','Ainslee');
INSERT INTO recibo(idrecibo,nombredueño,nombremascota,nombretrabajador) VALUES ('JLQDIK5O55CF6BQ8XI','Barri','Sandy','Monika');
INSERT INTO recibo(idrecibo,nombredueño,nombremascota,nombretrabajador) VALUES ('HEGH14TH1DUGZDGGOQ','Alyce','Scooter','Marna');
INSERT INTO recibo(idrecibo,nombredueño,nombremascota,nombretrabajador) VALUES ('KKHH2TH6BAKGTJL16Y','Mariann','Missy','Leonie');
INSERT INTO recibo(idrecibo,nombredueño,nombremascota,nombretrabajador) VALUES ('CYACDMQZEE6CB03NI2','Lem','Lola','Tito');
INSERT INTO recibo(idrecibo,nombredueño,nombremascota,nombretrabajador) VALUES ('Q2N8SWKBJL5MYB5EFP','Gillie','Gracie','Correna');
INSERT INTO recibo(idrecibo,nombredueño,nombremascota,nombretrabajador) VALUES ('LNZ1H08285VYJU2RBQ','Bailie','Gus','Hurley');
INSERT INTO recibo(idrecibo,nombredueño,nombremascota,nombretrabajador) VALUES ('STS6DVSUPDNEVXD7V8','Conchita','Rufus','Marlow');
INSERT INTO recibo(idrecibo,nombredueño,nombremascota,nombretrabajador) VALUES ('NV54V4VD0AK8F5FKUJ','Celinda','Simba','Sholom');
INSERT INTO recibo(idrecibo,nombredueño,nombremascota,nombretrabajador) VALUES ('T0KE1RRGKY3MVO4NSN','Dian','Mimi','Koressa');
INSERT INTO recibo(idrecibo,nombredueño,nombremascota,nombretrabajador) VALUES ('UDENGOQWU4TH3GCCTQ','Hally','Ella','Ariadne');
INSERT INTO recibo(idrecibo,nombredueño,nombremascota,nombretrabajador) VALUES ('T5GKIGUE4D0RCZMWLB','Riki','Cooper','Sally');
INSERT INTO recibo(idrecibo,nombredueño,nombremascota,nombretrabajador) VALUES ('KGJ6FI534YHGQETI2Y','Britt','Gracie','Alberik');
INSERT INTO recibo(idrecibo,nombredueño,nombremascota,nombretrabajador) VALUES ('6ZMXJUE9D3X4OOQPZL','Robbie','Izzy','Remington');
INSERT INTO recibo(idrecibo,nombredueño,nombremascota,nombretrabajador) VALUES ('5O5RNOPRMBRHJMQCGV','Hesther','Zoey','Robinett');
INSERT INTO recibo(idrecibo,nombredueño,nombremascota,nombretrabajador) VALUES ('Q9BPSVSSV73B46YTPX','Ninnette','Cooper','Rab');
INSERT INTO recibo(idrecibo,nombredueño,nombremascota,nombretrabajador) VALUES ('VWQL3SIXTL3ST4QMG0','Sheppard','Lily','Giraud');
INSERT INTO recibo(idrecibo,nombredueño,nombremascota,nombretrabajador) VALUES ('Q8B5K0PVCW6881M717','Iorgo','Loki','Jaquenetta');
INSERT INTO recibo(idrecibo,nombredueño,nombremascota,nombretrabajador) VALUES ('VE8SKVZNJBQX8ANLM3','Hyacinthe','Rufus','Giorgia');
INSERT INTO recibo(idrecibo,nombredueño,nombremascota,nombretrabajador) VALUES ('MZWRGBMNXSU03KXA9Q','Farr','Kobe','Karalynn');
INSERT INTO recibo(idrecibo,nombredueño,nombremascota,nombretrabajador) VALUES ('KFWEXQLGFMUR17OP2K','Nora','Maggie','Yuma');
INSERT INTO recibo(idrecibo,nombredueño,nombremascota,nombretrabajador) VALUES ('GDON6LM6NGP6Y5LYR9','Rory','Joey','Boothe');
INSERT INTO recibo(idrecibo,nombredueño,nombremascota,nombretrabajador) VALUES ('JL9CB6946SASRGHLU0','Hyacinthe','Walter','Merle');
INSERT INTO recibo(idrecibo,nombredueño,nombremascota,nombretrabajador) VALUES ('43PVZTH5RF9CH7ZHY8','Federica','Cooper','Dasie');
INSERT INTO recibo(idrecibo,nombredueño,nombremascota,nombretrabajador) VALUES ('UZD7PJR36N01AAO6YQ','Sheppard','Loki','Biddy');
INSERT INTO recibo(idrecibo,nombredueño,nombremascota,nombretrabajador) VALUES ('JRU8LBBISNXQ8Z80QJ','Josefina','Nikki','Noemi');
INSERT INTO recibo(idrecibo,nombredueño,nombremascota,nombretrabajador) VALUES ('ME4I2IQ72HQZO4YISF','Rory','Gigi','Nydia');
INSERT INTO recibo(idrecibo,nombredueño,nombremascota,nombretrabajador) VALUES ('OH4YM3P0AUWKW0RY9K','Michal','Callie','Ebony');
INSERT INTO recibo(idrecibo,nombredueño,nombremascota,nombretrabajador) VALUES ('T3NK75RWA8F4D4WC33','Wilmette','Mimi','Haydon');
INSERT INTO recibo(idrecibo,nombredueño,nombremascota,nombretrabajador) VALUES ('VO0MM7EIEC9H6SGW67','Kerwinn','Lexie','Allegra');
INSERT INTO recibo(idrecibo,nombredueño,nombremascota,nombretrabajador) VALUES ('KNPKQLTM8TCKKKA83T','Savina','Lexi','Charissa');
INSERT INTO recibo(idrecibo,nombredueño,nombremascota,nombretrabajador) VALUES ('YAYC2A2KXUJ7O5VTNX','Major','Ella','Tito');
INSERT INTO recibo(idrecibo,nombredueño,nombremascota,nombretrabajador) VALUES ('JSCSWELQY61A3KB0EG','Cornela','Sammy','Shanda');
INSERT INTO recibo(idrecibo,nombredueño,nombremascota,nombretrabajador) VALUES ('ZA9R64FDBJST23GON5','Ninnette','Gigi','Chan');
INSERT INTO recibo(idrecibo,nombredueño,nombremascota,nombretrabajador) VALUES ('F5FXLQJK84JWV0KA8H','Patton','Chance','Carney');
INSERT INTO recibo(idrecibo,nombredueño,nombremascota,nombretrabajador) VALUES ('QLJ1HW780REOGZFYB0','Conchita','Apollo','Corrie');
INSERT INTO recibo(idrecibo,nombredueño,nombremascota,nombretrabajador) VALUES ('T87W8AWF8OU6N5OAIL','Marissa','Gigi','Ivette');
INSERT INTO recibo(idrecibo,nombredueño,nombremascota,nombretrabajador) VALUES ('ZTFW0027SCYRK2151P','Shurwood','Joey','Ulla');
INSERT INTO recibo(idrecibo,nombredueño,nombremascota,nombretrabajador) VALUES ('89UQLL3Y4LU8KWYR4A','Inna','Gus','Jesse');
INSERT INTO recibo(idrecibo,nombredueño,nombremascota,nombretrabajador) VALUES ('ZX5TRJNVN7BQHZEID5','Debor','Izzy','Jareb');
INSERT INTO recibo(idrecibo,nombredueño,nombremascota,nombretrabajador) VALUES ('CK138XL4NR91Z89YQP','Spike','Tyson','Catlee');
INSERT INTO recibo(idrecibo,nombredueño,nombremascota,nombretrabajador) VALUES ('9NX14JAXIB67XPG4JK','Rory','Joey','Queenie');
INSERT INTO recibo(idrecibo,nombredueño,nombremascota,nombretrabajador) VALUES ('75DDCOOZQAGBY7XM9Z','Carline','Bentley','Carie');
INSERT INTO recibo(idrecibo,nombredueño,nombremascota,nombretrabajador) VALUES ('A9SM49SM6XV73S3YQE','Alyce','Ella','Emmanuel');
INSERT INTO recibo(idrecibo,nombredueño,nombremascota,nombretrabajador) VALUES ('TQ1V1MUUY9TTZN5P07','Jarib','Dixie','Melba');
INSERT INTO recibo(idrecibo,nombredueño,nombremascota,nombretrabajador) VALUES ('6S0OWKDUKBQ3FQIENW','Stepha','Max','Thorsten');
INSERT INTO recibo(idrecibo,nombredueño,nombremascota,nombretrabajador) VALUES ('ESYSUZBTZIO4KNLTFM','Jarib','Dixie','Ericha');
INSERT INTO recibo(idrecibo,nombredueño,nombremascota,nombretrabajador) VALUES ('WV60X1CFMB810BH57O','Enid','Millie','Wilburt');
INSERT INTO recibo(idrecibo,nombredueño,nombremascota,nombretrabajador) VALUES ('ANQPPVM0BTJRE7Z0G7','Colan','Millie','Obadiah');
INSERT INTO recibo(idrecibo,nombredueño,nombremascota,nombretrabajador) VALUES ('U8BNHX8P7AC6NXK3UI','Berri','Belle','Arte');
INSERT INTO recibo(idrecibo,nombredueño,nombremascota,nombretrabajador) VALUES ('M3OQJBWPR7VNR6WX6P','Carline','Bentley','Catlee');
INSERT INTO recibo(idrecibo,nombredueño,nombremascota,nombretrabajador) VALUES ('752ECZCGMJA7NSCEZY','Michal','Lexie','Ebony');
INSERT INTO recibo(idrecibo,nombredueño,nombremascota,nombretrabajador) VALUES ('TDLA3H3NI9IS00372L','Alyce','Scooter','Retha');
INSERT INTO recibo(idrecibo,nombredueño,nombremascota,nombretrabajador) VALUES ('FPLNHJFX8BQ2IPVM1A','Shurwood','Lola','Nydia');
INSERT INTO recibo(idrecibo,nombredueño,nombremascota,nombretrabajador) VALUES ('G1A7WQVLDXKVH0S601','Savina','Lexi','Bourke');
INSERT INTO recibo(idrecibo,nombredueño,nombremascota,nombretrabajador) VALUES ('OHYBEV1KW0ET5HSI7Z','Kyla','Cody','Christie');
INSERT INTO recibo(idrecibo,nombredueño,nombremascota,nombretrabajador) VALUES ('BP802L8VW4NK19DR05','Stepha','Max','Hurley');
INSERT INTO recibo(idrecibo,nombredueño,nombremascota,nombretrabajador) VALUES ('DDRN5VAYODBNUUDR0I','Dian','Mimi','Eustacia');
INSERT INTO recibo(idrecibo,nombredueño,nombremascota,nombretrabajador) VALUES ('UU94D4UX31BE7BICTK','Kerk','Shadow','Joannes');
INSERT INTO recibo(idrecibo,nombredueño,nombremascota,nombretrabajador) VALUES ('EB52JV0WTC9V5KVNUH','Iorgo','Loki','Jesse');
INSERT INTO recibo(idrecibo,nombredueño,nombremascota,nombretrabajador) VALUES ('UL15R0W1GPD1WOVJ04','Conchita','Rufus','Kelbee');
INSERT INTO recibo(idrecibo,nombredueño,nombremascota,nombretrabajador) VALUES ('WF2O85WJ721UE81SIF','Tonye','Oreo','Flossy');
INSERT INTO recibo(idrecibo,nombredueño,nombremascota,nombretrabajador) VALUES ('A26X6W1YBJIKZJDO5U','Kerk','Shadow','Sally');
INSERT INTO recibo(idrecibo,nombredueño,nombremascota,nombretrabajador) VALUES ('ZULJHBIPZQKJ4C536P','Blakeley','Bonnie','Thorsten');
INSERT INTO recibo(idrecibo,nombredueño,nombremascota,nombretrabajador) VALUES ('NU4CRYAUKU4VGN648M','Nora','Maggie','Celeste');
INSERT INTO recibo(idrecibo,nombredueño,nombremascota,nombretrabajador) VALUES ('FSTXIC2H8KJ4J0PN80','Carline','Bentley','Leonie');
INSERT INTO recibo(idrecibo,nombredueño,nombremascota,nombretrabajador) VALUES ('4JS9ULO73BE72L1WNZ','Wright','Baby','Ariadne');
INSERT INTO recibo(idrecibo,nombredueño,nombremascota,nombretrabajador) VALUES ('QUZE6H719NDU0FGXK8','Niels','Callie','Tabina');
INSERT INTO recibo(idrecibo,nombredueño,nombremascota,nombretrabajador) VALUES ('ENPI4LEFQB7C80IV1R','Stepha','Oreo','Carlynne');
INSERT INTO recibo(idrecibo,nombredueño,nombremascota,nombretrabajador) VALUES ('7VQCLOO4BTAEL1CESG','Spike','Tyson','Koressa');
INSERT INTO recibo(idrecibo,nombredueño,nombremascota,nombretrabajador) VALUES ('J1BV66NZ1UC7GL5A2W','Henri','Cocoa','Correna');
INSERT INTO recibo(idrecibo,nombredueño,nombremascota,nombretrabajador) VALUES ('7CA8DTTRJWGRK41CEB','Farr','Kobe','Nanice');
INSERT INTO recibo(idrecibo,nombredueño,nombremascota,nombretrabajador) VALUES ('9W2X7P0LF2HC7CMXH0','Sela','Stella','Sholom');
INSERT INTO recibo(idrecibo,nombredueño,nombremascota,nombretrabajador) VALUES ('CDWF1HE6TU65KR6K5A','Rory','Gigi','Stavros');
INSERT INTO recibo(idrecibo,nombredueño,nombremascota,nombretrabajador) VALUES ('ZJ8V7FOD5L56U5STQP','Hally','Ella','Gillian');
INSERT INTO recibo(idrecibo,nombredueño,nombremascota,nombretrabajador) VALUES ('TJA7UD4K3T2TGLUBRE','Alyce','Scooter','Sven');
INSERT INTO recibo(idrecibo,nombredueño,nombremascota,nombretrabajador) VALUES ('GU7M5R8VMVLN134124','Josefina','Stella','Chan');
INSERT INTO recibo(idrecibo,nombredueño,nombremascota,nombretrabajador) VALUES ('Y3C13DFNW18060Y1XT','Conchita','Apollo','Jaquenetta');
INSERT INTO recibo(idrecibo,nombredueño,nombremascota,nombretrabajador) VALUES ('SSZBDT74594F5FXO1P','Alyce','Scooter','Dasie');
INSERT INTO recibo(idrecibo,nombredueño,nombremascota,nombretrabajador) VALUES ('DPOO7GTNB4E4OXWHOH','Iain','Joey','Marni');
INSERT INTO recibo(idrecibo,nombredueño,nombremascota,nombretrabajador) VALUES ('H3HSZAS7L8FG2H6HSS','Kerwinn','Lexie','Lenee');
INSERT INTO recibo(idrecibo,nombredueño,nombremascota,nombretrabajador) VALUES ('70EL3T0Y69LF4Q9G5F','Robbie','Izzy','Emlynne');
INSERT INTO recibo(idrecibo,nombredueño,nombremascota,nombretrabajador) VALUES ('Y46FPRDI84N6F4TKQT','Barri','Sandy','Biddy');
INSERT INTO recibo(idrecibo,nombredueño,nombremascota,nombretrabajador) VALUES ('TXPCXI5TZZP13P0K3O','Loella','Lulu','Madonna');
INSERT INTO recibo(idrecibo,nombredueño,nombremascota,nombretrabajador) VALUES ('GDY4LWMHHFA83G25LS','Orel','Lulu','Alberik');
INSERT INTO recibo(idrecibo,nombredueño,nombremascota,nombretrabajador) VALUES ('62I2CFX72P5A0T3WDM','Federica','Cooper','Hermia');
INSERT INTO recibo(idrecibo,nombredueño,nombremascota,nombretrabajador) VALUES ('W1DRYPYZP7JW6T9PXV','Hyacinthe','Rufus','Jareb');
INSERT INTO recibo(idrecibo,nombredueño,nombremascota,nombretrabajador) VALUES ('I2YOYNEE35EPWFL4ER','Christin','Scooter','Flory');
INSERT INTO recibo(idrecibo,nombredueño,nombremascota,nombretrabajador) VALUES ('RZT9J9BH6M30V9A49D','Rory','Joey','Joana');
INSERT INTO recibo(idrecibo,nombredueño,nombremascota,nombretrabajador) VALUES ('WNPJDC23A5IS7UY2G1','Cordy','Moose','Ulla');
INSERT INTO recibo(idrecibo,nombredueño,nombremascota,nombretrabajador) VALUES ('MONKJVJ4DUJUQH9CPD','Cornela','Sammy','Corrie');
INSERT INTO recibo(idrecibo,nombredueño,nombremascota,nombretrabajador) VALUES ('062NV7ICYJAB1V2UJH','Wilmette','Mimi','Tito');
INSERT INTO recibo(idrecibo,nombredueño,nombremascota,nombretrabajador) VALUES ('8EE6RGT1UK7SL7DQTZ','Lyndsay','Baxter','Allegra');
INSERT INTO recibo(idrecibo,nombredueño,nombremascota,nombretrabajador) VALUES ('SQK89JR4E8E0CUO7ZQ','Shurwood','Joey','Carie');
INSERT INTO recibo(idrecibo,nombredueño,nombremascota,nombretrabajador) VALUES ('73BXHWFU2C9WDSPSKU','Mikol','Jake','Frasier');
INSERT INTO recibo(idrecibo,nombredueño,nombremascota,nombretrabajador) VALUES ('JF9ZC8ZEVEK30ECFHK','Hyacinthe','Walter','Noemi');
INSERT INTO recibo(idrecibo,nombredueño,nombremascota,nombretrabajador) VALUES ('CQVU5FI9AWXA1KTUYQ','Mikol','Jake','Correna');
INSERT INTO recibo(idrecibo,nombredueño,nombremascota,nombretrabajador) VALUES ('53S3X0PC48FWBMV21I','Shurwood','Callie','Cornie');
INSERT INTO recibo(idrecibo,nombredueño,nombremascota,nombretrabajador) VALUES ('WTS1LQQO2ECF82AHMM','Carline','Moose','Flory');
INSERT INTO recibo(idrecibo,nombredueño,nombremascota,nombretrabajador) VALUES ('AYZA2933XLUMR9P3OI','Conchita','Apollo','Tito');
INSERT INTO recibo(idrecibo,nombredueño,nombremascota,nombretrabajador) VALUES ('KGRIOCO6GLFHX8Q39A','Lem','Lola','Joannes');
INSERT INTO recibo(idrecibo,nombredueño,nombremascota,nombretrabajador) VALUES ('H51UQW4DYWV2X83PH7','Lynne','Oliver','Thorsten');
INSERT INTO recibo(idrecibo,nombredueño,nombremascota,nombretrabajador) VALUES ('4KSBBN014NVNERFUMU','Michal','Callie','Leonie');
INSERT INTO recibo(idrecibo,nombredueño,nombremascota,nombretrabajador) VALUES ('254KYX7VYS3WKFSB3I','Henri','Gracie','Karalynn');
INSERT INTO recibo(idrecibo,nombredueño,nombremascota,nombretrabajador) VALUES ('22ZA58IDTY5M1QWKG5','Sela','Stella','Lynnet');
INSERT INTO recibo(idrecibo,nombredueño,nombremascota,nombretrabajador) VALUES ('RJF6SK9MBRIO986D16','Conchita','Rufus','Elayne');
INSERT INTO recibo(idrecibo,nombredueño,nombremascota,nombretrabajador) VALUES ('46O6JAVZY00PQ54QN1','Rory','Sadie','Celeste');
INSERT INTO recibo(idrecibo,nombredueño,nombremascota,nombretrabajador) VALUES ('G1E8I6PMBLEORH5UZN','Jimmy','Izzy','Tim');
INSERT INTO recibo(idrecibo,nombredueño,nombremascota,nombretrabajador) VALUES ('4LFTE87NJ7A0JB08TT','Enid','Millie','Ivette');
INSERT INTO recibo(idrecibo,nombredueño,nombremascota,nombretrabajador) VALUES ('N9CTAN1BFX0B94D0CR','Rory','Sadie','Almeta');
INSERT INTO recibo(idrecibo,nombredueño,nombremascota,nombretrabajador) VALUES ('397LORJJ19RGO110TO','Kerk','Ella','Goddard');
INSERT INTO recibo(idrecibo,nombredueño,nombremascota,nombretrabajador) VALUES ('2OPUBTFY46B7FZG84C','Ninnette','Gigi','Bryana');
INSERT INTO recibo(idrecibo,nombredueño,nombremascota,nombretrabajador) VALUES ('1BVQ6CIK0VC1OY5AE8','Riki','Cooper','Noemi');
INSERT INTO recibo(idrecibo,nombredueño,nombremascota,nombretrabajador) VALUES ('R6CX4L4OKSUDU9X8GQ','Hyacinthe','Rufus','Serge');
INSERT INTO recibo(idrecibo,nombredueño,nombremascota,nombretrabajador) VALUES ('YITP92LOLGABHYAH83','Celinda','Simba','Marni');
INSERT INTO recibo(idrecibo,nombredueño,nombremascota,nombretrabajador) VALUES ('6V0MJRCB5CEPZRWSZX','Orel','Lulu','Charissa');
INSERT INTO recibo(idrecibo,nombredueño,nombremascota,nombretrabajador) VALUES ('NK737WDECLPF9BCIT9','Kerwinn','Lexie','Correna');
INSERT INTO recibo(idrecibo,nombredueño,nombremascota,nombretrabajador) VALUES ('MA5GINOO3WFDAR9SIF','Garrik','Rufus','Shanda');
INSERT INTO recibo(idrecibo,nombredueño,nombremascota,nombretrabajador) VALUES ('2445V6HYQMLFR7TWW7','Kyla','Cody','Ericha');
INSERT INTO recibo(idrecibo,nombredueño,nombremascota,nombretrabajador) VALUES ('IEKXG4OVLLSECAF1GL','Skye','Cooper','Kitti');
INSERT INTO recibo(idrecibo,nombredueño,nombremascota,nombretrabajador) VALUES ('0JGO9C2O7YE271UO7R','Britt','Gracie','Marlow');
INSERT INTO recibo(idrecibo,nombredueño,nombremascota,nombretrabajador) VALUES ('WBF5JL313FZMEJ429D','Alyce','Scooter','Emmanuel');
INSERT INTO recibo(idrecibo,nombredueño,nombremascota,nombretrabajador) VALUES ('EV9P4KMBN26Q02OOAP','Hally','Ella','Carlynne');
INSERT INTO recibo(idrecibo,nombredueño,nombremascota,nombretrabajador) VALUES ('QPS9RPKUPF7VIOL6MY','Nora','Maggie','Haydon');
INSERT INTO recibo(idrecibo,nombredueño,nombremascota,nombretrabajador) VALUES ('AX5CR59UBS4ZYYTWWE','Ninnette','Gigi','Florette');
INSERT INTO recibo(idrecibo,nombredueño,nombremascota,nombretrabajador) VALUES ('8K5GGLWHLWVOFWON9K','Kerwinn','Lexie','Elisabeth');
INSERT INTO recibo(idrecibo,nombredueño,nombremascota,nombretrabajador) VALUES ('MENAJ7L5EEEZ5QKD6R','Donni','Lexie','Nanice');
INSERT INTO recibo(idrecibo,nombredueño,nombremascota,nombretrabajador) VALUES ('5NJ7DNWTWBPNORS5CH','Josefina','Nikki','Ariadne');
INSERT INTO recibo(idrecibo,nombredueño,nombremascota,nombretrabajador) VALUES ('REGVE40K2JFLYTO60N','Berri','Belle','Hilario');
INSERT INTO recibo(idrecibo,nombredueño,nombremascota,nombretrabajador) VALUES ('S9ZQYO7WFJ1EQUU2W6','Bailie','Luke','Emlynne');
INSERT INTO recibo(idrecibo,nombredueño,nombremascota,nombretrabajador) VALUES ('QB9NC7XJ65O5GTU031','Carline','Bentley','Karen');
INSERT INTO recibo(idrecibo,nombredueño,nombremascota,nombretrabajador) VALUES ('T2TPQ66JVJ2MLRCRNI','Hesther','Zoey','Jakie');
INSERT INTO recibo(idrecibo,nombredueño,nombremascota,nombretrabajador) VALUES ('TRLK9GIH8B6WUJOXFV','Roderigo','Mocha','Tabina');
INSERT INTO recibo(idrecibo,nombredueño,nombremascota,nombretrabajador) VALUES ('QDDWIB9YAODL6N7BPC','Sheppard','Loki','Jenna');
INSERT INTO recibo(idrecibo,nombredueño,nombremascota,nombretrabajador) VALUES ('L3KXRALUDAQ296LGZL','Hildy','Chance','Taber');
INSERT INTO recibo(idrecibo,nombredueño,nombremascota,nombretrabajador) VALUES ('PIFQ80YJM9K69848TQ','Hesther','Sasha','Raddie');
INSERT INTO recibo(idrecibo,nombredueño,nombremascota,nombretrabajador) VALUES ('NQVUZSEPY0Z3DY0LJC','Blakeley','Bonnie','Christie');
INSERT INTO recibo(idrecibo,nombredueño,nombremascota,nombretrabajador) VALUES ('ETCINPGE4T3NK9FY24','Tonye','Oreo','Chan');
INSERT INTO recibo(idrecibo,nombredueño,nombremascota,nombretrabajador) VALUES ('RFDGJIHO2M4W8WUUD7','Henri','Gracie','Flossy');
INSERT INTO recibo(idrecibo,nombredueño,nombremascota,nombretrabajador) VALUES ('PPPE5LGJ98B7651Y07','Loella','Lulu','Eustacia');
INSERT INTO recibo(idrecibo,nombredueño,nombremascota,nombretrabajador) VALUES ('TR7P2BHAJPVV0KDZED','Lynne','Oliver','Hurley');
INSERT INTO recibo(idrecibo,nombredueño,nombremascota,nombretrabajador) VALUES ('BTNHXYS10SZNVQN5WE','Robbie','Cody','Lenee');
INSERT INTO recibo(idrecibo,nombredueño,nombremascota,nombretrabajador) VALUES ('N12F7VTSFTYF6XYPTA','Savina','Lexi','Ebony');
INSERT INTO recibo(idrecibo,nombredueño,nombremascota,nombretrabajador) VALUES ('J9SIQM4VZK7HN46ZHB','Robbie','Cody','Jareb');
INSERT INTO recibo(idrecibo,nombredueño,nombremascota,nombretrabajador) VALUES ('GV4QXIQ6ME4425YG90','Major','Ella','Inessa');
INSERT INTO recibo(idrecibo,nombredueño,nombremascota,nombretrabajador) VALUES ('U95VX95V3ZW9I5K6BE','Lyndsay','Baxter','Robinett');
INSERT INTO recibo(idrecibo,nombredueño,nombremascota,nombretrabajador) VALUES ('3IK1DY2TM3GOUY8NMV','Ninnette','Cooper','Eustacia');
INSERT INTO recibo(idrecibo,nombredueño,nombremascota,nombretrabajador) VALUES ('2OWOR8GQFXYHS759AK','Carline','Bentley','Retha');
INSERT INTO recibo(idrecibo,nombredueño,nombremascota,nombretrabajador) VALUES ('UHR3Y2JKKOI8H8G2I9','Michal','Callie','Flossy');
INSERT INTO recibo(idrecibo,nombredueño,nombremascota,nombretrabajador) VALUES ('P58W7WKNI4QYWBU31O','Kerk','Ella','Anica');
INSERT INTO recibo(idrecibo,nombredueño,nombremascota,nombretrabajador) VALUES ('817VSIBH15W41YCMFT','Blakeley','Bonnie','Tito');
INSERT INTO recibo(idrecibo,nombredueño,nombremascota,nombretrabajador) VALUES ('2D6RV254T4DLGWLN30','Aubrie','Gigi','Catlee');
INSERT INTO recibo(idrecibo,nombredueño,nombremascota,nombretrabajador) VALUES ('DPMFQ2WFZ7DO5M7ZX2','Celinda','Simba','Giraud');
INSERT INTO recibo(idrecibo,nombredueño,nombremascota,nombretrabajador) VALUES ('EZMN3E3GEBPW7KHK09','Twila','Sammy','Jakie');
INSERT INTO recibo(idrecibo,nombredueño,nombremascota,nombretrabajador) VALUES ('OFZN3XTYF98870IEAZ','Rory','Gigi','Jenna');
INSERT INTO recibo(idrecibo,nombredueño,nombremascota,nombretrabajador) VALUES ('74AWE0AB7ODGUFYW33','Lynne','Emma','Celeste');
INSERT INTO recibo(idrecibo,nombredueño,nombremascota,nombretrabajador) VALUES ('5WMHWBKEO1NNX7237I','Barri','Benji','Merle');
INSERT INTO recibo(idrecibo,nombredueño,nombremascota,nombretrabajador) VALUES ('0MX2P1NUV4HL29KOCD','Nora','Maggie','Marlow');
INSERT INTO recibo(idrecibo,nombredueño,nombremascota,nombretrabajador) VALUES ('VMH7XVVL2R64EHBZKM','Niels','Callie','Ulla');
INSERT INTO recibo(idrecibo,nombredueño,nombremascota,nombretrabajador) VALUES ('9DTTY5A6CK45JIUSDU','Barri','Benji','Lynnet');
INSERT INTO recibo(idrecibo,nombredueño,nombremascota,nombretrabajador) VALUES ('7IBEEQNI6O7OR2MFX2','Riki','Cooper','Wilburt');
INSERT INTO recibo(idrecibo,nombredueño,nombremascota,nombretrabajador) VALUES ('HTEOEYBLQ6QPK6XH15','Hildy','Chance','Gillian');
INSERT INTO recibo(idrecibo,nombredueño,nombremascota,nombretrabajador) VALUES ('G7HHW7M54LVO0BBT7Z','Hally','Ella','Monika');
INSERT INTO recibo(idrecibo,nombredueño,nombremascota,nombretrabajador) VALUES ('ZRQW3M04C6FTP7YDGX','Britt','Gracie','Haydon');
INSERT INTO recibo(idrecibo,nombredueño,nombremascota,nombretrabajador) VALUES ('VOB22CCENVZBNZM9WY','Henri','Cocoa','Dasie');
INSERT INTO recibo(idrecibo,nombredueño,nombremascota,nombretrabajador) VALUES ('2EETOM2MVXJYELNUF4','Sela','Stella','Bryana');
INSERT INTO recibo(idrecibo,nombredueño,nombremascota,nombretrabajador) VALUES ('8WUMRHVFSJP2184HGR','Mariann','Nikki','Stavros');
INSERT INTO recibo(idrecibo,nombredueño,nombremascota,nombretrabajador) VALUES ('NI0INKPFJG8CF94900','Wright','Baby','Emlynne');
INSERT INTO recibo(idrecibo,nombredueño,nombremascota,nombretrabajador) VALUES ('YRIYHM10507PQ365EA','Kennedy','Zoey','Noemi');
INSERT INTO recibo(idrecibo,nombredueño,nombremascota,nombretrabajador) VALUES ('R38U632IHJDX856UBD','Loella','Lulu','Hurley');
INSERT INTO recibo(idrecibo,nombredueño,nombremascota,nombretrabajador) VALUES ('7F3PJ1BP80WXZDKB3V','Lyndsay','Sandy','Serge');
INSERT INTO recibo(idrecibo,nombredueño,nombremascota,nombretrabajador) VALUES ('X1MFJRX85URXZFZR1S','Iorgo','Loki','Remington');
INSERT INTO recibo(idrecibo,nombredueño,nombremascota,nombretrabajador) VALUES ('7FYAJ3DJG4P1ENWI6D','Hesther','Zoey','Ariadne');
INSERT INTO recibo(idrecibo,nombredueño,nombremascota,nombretrabajador) VALUES ('U2SOFRNDOUDB2187JR','Patton','Chance','Correna');
INSERT INTO recibo(idrecibo,nombredueño,nombremascota,nombretrabajador) VALUES ('CA6L2U40UZU92HV53U','Christin','Scooter','Sholom');
INSERT INTO recibo(idrecibo,nombredueño,nombremascota,nombretrabajador) VALUES ('KNAH25T4E26V2BKV5U','Hyacinthe','Belle','Joannes');
INSERT INTO recibo(idrecibo,nombredueño,nombremascota,nombretrabajador) VALUES ('T7XE0XLD01GWOWGR6A','Shurwood','Lola','Florette');
INSERT INTO recibo(idrecibo,nombredueño,nombremascota,nombretrabajador) VALUES ('KANCXJ0PB4K8VJHRI6','Cornela','Sammy','Hermia');
INSERT INTO recibo(idrecibo,nombredueño,nombremascota,nombretrabajador) VALUES ('DIKU2IY9465882WPWZ','Enid','Oliver','Tito');
INSERT INTO recibo(idrecibo,nombredueño,nombremascota,nombretrabajador) VALUES ('BU7DZVFUR11P44SZFY','Dian','Mimi','Thorsten');
INSERT INTO recibo(idrecibo,nombredueño,nombremascota,nombretrabajador) VALUES ('KYULPLOOPBXS86VTOF','Hyacinthe','Rufus','Cornie');
INSERT INTO recibo(idrecibo,nombredueño,nombremascota,nombretrabajador) VALUES ('QUO2G4GHXVF7PA9VJ5','Iain','Joey','Melba');
INSERT INTO recibo(idrecibo,nombredueño,nombremascota,nombretrabajador) VALUES ('4MQ3IAB1030Q5PND5S','Hesther','Oliver','Emmanuel');
INSERT INTO recibo(idrecibo,nombredueño,nombremascota,nombretrabajador) VALUES ('V0O9NIF9NS03AV813L','Wilmette','Mimi','Queenie');
INSERT INTO recibo(idrecibo,nombredueño,nombremascota,nombretrabajador) VALUES ('7ZV5SKSLIWFPEQ7L1O','Rory','Joey','Almeta');
INSERT INTO recibo(idrecibo,nombredueño,nombremascota,nombretrabajador) VALUES ('GC77LBB08F1PSYDBOE','Kyla','Cody','Jaquenetta');
INSERT INTO recibo(idrecibo,nombredueño,nombremascota,nombretrabajador) VALUES ('3T739HG5PXMTT8UFTA','Stepha','Max','Carie');
INSERT INTO recibo(idrecibo,nombredueño,nombremascota,nombretrabajador) VALUES ('8318KSCHKZGQ3BEN4K','Michal','Lexie','Rab');
INSERT INTO recibo(idrecibo,nombredueño,nombremascota,nombretrabajador) VALUES ('EX73TTSYFPAK6UM9UD','Bailie','Luke','Bourke');
INSERT INTO recibo(idrecibo,nombredueño,nombremascota,nombretrabajador) VALUES ('VLT6G6LMIY5D4MNH3Y','Celinda','Athena','Tim');
INSERT INTO recibo(idrecibo,nombredueño,nombremascota,nombretrabajador) VALUES ('T3CY5C1MVVRR8VB8P1','Berri','Belle','Madonna');
INSERT INTO recibo(idrecibo,nombredueño,nombremascota,nombretrabajador) VALUES ('IP3MH1RLCA28BZXV7H','Debor','Izzy','Kania');
INSERT INTO recibo(idrecibo,nombredueño,nombremascota,nombretrabajador) VALUES ('HY2NED67PEGLTYRH09','Lyndsay','Sandy','Koressa');
INSERT INTO recibo(idrecibo,nombredueño,nombremascota,nombretrabajador) VALUES ('ZYEUGMCSTQZROQ25ZP','Sheppard','Loki','Brett');
INSERT INTO recibo(idrecibo,nombredueño,nombremascota,nombretrabajador) VALUES ('FGGQK8PJUFYBILR0Q8','Jimmy','Izzy','Flory');
INSERT INTO recibo(idrecibo,nombredueño,nombremascota,nombretrabajador) VALUES ('KXQ3GSCMRGMWKCAHSU','Lynne','Oliver','Allegra');
INSERT INTO recibo(idrecibo,nombredueño,nombremascota,nombretrabajador) VALUES ('WOW5L0OVKCE53T9M18','Lyndsay','Sandy','Thorsten');
INSERT INTO recibo(idrecibo,nombredueño,nombremascota,nombretrabajador) VALUES ('YWJTBWAZVZ3IW27NZ0','Farr','Kobe','Elayne');
INSERT INTO recibo(idrecibo,nombredueño,nombremascota,nombretrabajador) VALUES ('BD2EXAMJNIL04EX6J9','Stepha','Oreo','Carlynne');
INSERT INTO recibo(idrecibo,nombredueño,nombremascota,nombretrabajador) VALUES ('6NPBCY6NKSEHVTSQYM','Mikol','Jake','Marna');
INSERT INTO recibo(idrecibo,nombredueño,nombremascota,nombretrabajador) VALUES ('PL8DZ59DHHHJV53JEF','Rory','Sadie','Madonna');
INSERT INTO recibo(idrecibo,nombredueño,nombremascota,nombretrabajador) VALUES ('T9IEJ75YN4UH8TGGR4','Wright','Baby','Flory');
INSERT INTO recibo(idrecibo,nombredueño,nombremascota,nombretrabajador) VALUES ('FK1CG5PJM1RDB4VTWC','Ninnette','Gigi','Joana');
INSERT INTO recibo(idrecibo,nombredueño,nombremascota,nombretrabajador) VALUES ('V7XS6X8AH0N90X2NL7','Jarib','Dixie','Jareb');
INSERT INTO recibo(idrecibo,nombredueño,nombremascota,nombretrabajador) VALUES ('H4YDE7XYY8EWUP3Z9F','Michal','Lexie','Brett');
INSERT INTO recibo(idrecibo,nombredueño,nombremascota,nombretrabajador) VALUES ('I1UU28TSI3ILZJSS38','Hesther','Sasha','Jesse');
INSERT INTO recibo(idrecibo,nombredueño,nombremascota,nombretrabajador) VALUES ('5PM9DGS9CBBNRBDD9F','Lyndsay','Sandy','Correna');
INSERT INTO recibo(idrecibo,nombredueño,nombremascota,nombretrabajador) VALUES ('99F35Z7YP5Q0M1RP0Q','Riki','Cooper','Ebony');
INSERT INTO recibo(idrecibo,nombredueño,nombremascota,nombretrabajador) VALUES ('0N3QFRMX17QCBM1FCF','Hyacinthe','Walter','Gillian');
INSERT INTO recibo(idrecibo,nombredueño,nombremascota,nombretrabajador) VALUES ('5TH5ZX8JNMKX6LCGJ6','Colan','Millie','Celeste');
INSERT INTO recibo(idrecibo,nombredueño,nombremascota,nombretrabajador) VALUES ('JERF0ZUR3OBD1OY3GT','Lem','Lola','Elisabeth');
INSERT INTO recibo(idrecibo,nombredueño,nombremascota,nombretrabajador) VALUES ('HJNPZX90SYBRPPCWG4','Twila','Sammy','Correna');
INSERT INTO recibo(idrecibo,nombredueño,nombremascota,nombretrabajador) VALUES ('M33JZLK86A0E2IRHN1','Henri','Gracie','Cornie');
INSERT INTO recibo(idrecibo,nombredueño,nombremascota,nombretrabajador) VALUES ('P3QLSD2DPUHH85XYNU','Enid','Oliver','Nanice');
INSERT INTO recibo(idrecibo,nombredueño,nombremascota,nombretrabajador) VALUES ('MA6B8ETFJSEW0M8K3L','Kerwinn','Lexie','Wilburt');
INSERT INTO recibo(idrecibo,nombredueño,nombremascota,nombretrabajador) VALUES ('L649IUUV70AAJ2QQ44','Skye','Cooper','Dyanne');
INSERT INTO recibo(idrecibo,nombredueño,nombremascota,nombretrabajador) VALUES ('J3DBZPX9P5I0BHG40G','Kerk','Shadow','Alberik');
INSERT INTO recibo(idrecibo,nombredueño,nombremascota,nombretrabajador) VALUES ('6WZ1JY7P4JMAOBL6M8','Orel','Lulu','Boothe');
INSERT INTO recibo(idrecibo,nombredueño,nombremascota,nombretrabajador) VALUES ('2NJ97DX9FTGAK4JK9A','Jimmy','Izzy','Remington');
INSERT INTO recibo(idrecibo,nombredueño,nombremascota,nombretrabajador) VALUES ('ZHP9XT4XQXJHUHYFD2','Kerk','Ella','Chan');
INSERT INTO recibo(idrecibo,nombredueño,nombremascota,nombretrabajador) VALUES ('M5WWU54QNCNS370LI9','Celinda','Simba','Marlow');
INSERT INTO recibo(idrecibo,nombredueño,nombremascota,nombretrabajador) VALUES ('SZ49BR29PQW4ZLHX9K','Tonye','Oreo','Bourke');
INSERT INTO recibo(idrecibo,nombredueño,nombremascota,nombretrabajador) VALUES ('W0F66YQDZQEGP0IO79','Mariann','Nikki','Florette');
INSERT INTO recibo(idrecibo,nombredueño,nombremascota,nombretrabajador) VALUES ('VUH92JLCVWXWGI3Q8W','Lynne','Emma','Allegra');
INSERT INTO recibo(idrecibo,nombredueño,nombremascota,nombretrabajador) VALUES ('L2QODMJGUMO4Y3GVQV','Kerwinn','Lexie','Ivette');
INSERT INTO recibo(idrecibo,nombredueño,nombremascota,nombretrabajador) VALUES ('4YCM84UFQTA51NCTTH','Marissa','Gigi','Taber');
INSERT INTO recibo(idrecibo,nombredueño,nombremascota,nombretrabajador) VALUES ('URK5DDPJQ196LJSSCJ','Donni','Lexie','Hilario');
INSERT INTO recibo(idrecibo,nombredueño,nombremascota,nombretrabajador) VALUES ('TIX7TLR658SDG7R98M','Dian','Mimi','Hurley');
INSERT INTO recibo(idrecibo,nombredueño,nombremascota,nombretrabajador) VALUES ('0VLYJ0P2SRQXMBSMZ3','Mariann','Nikki','Christie');
INSERT INTO recibo(idrecibo,nombredueño,nombremascota,nombretrabajador) VALUES ('T4YI5819WMBIN5DNET','Rory','Sadie','Ericha');
INSERT INTO recibo(idrecibo,nombredueño,nombremascota,nombretrabajador) VALUES ('RU7BRVW7FM4D4R00JJ','Shurwood','Joey','Koressa');
INSERT INTO recibo(idrecibo,nombredueño,nombremascota,nombretrabajador) VALUES ('1X0JK03ZWUKC5XN4V7','Michal','Callie','Obadiah');
INSERT INTO recibo(idrecibo,nombredueño,nombremascota,nombretrabajador) VALUES ('BFCEZ00VRM49SFGKGN','Debor','Izzy','Carie');
INSERT INTO recibo(idrecibo,nombredueño,nombremascota,nombretrabajador) VALUES ('HGBWYQRFZUGF7AQ1HW','Hildy','Chance','Tabina');
INSERT INTO recibo(idrecibo,nombredueño,nombremascota,nombretrabajador) VALUES ('LDNBPRD2C2GLNAOC1N','Roderigo','Mocha','Gayler');
INSERT INTO recibo(idrecibo,nombredueño,nombremascota,nombretrabajador) VALUES ('TUHAQ79PRYFOMCBHU8','Stepha','Max','Ainslee');
INSERT INTO recibo(idrecibo,nombredueño,nombremascota,nombretrabajador) VALUES ('OJOIXN8IW1JY4KO3M7','Hally','Sandy','Biddy');
INSERT INTO recibo(idrecibo,nombredueño,nombremascota,nombretrabajador) VALUES ('VDBMUAR3Z3ZJ2PVR8P','Gillie','Gracie','Emlynne');
INSERT INTO recibo(idrecibo,nombredueño,nombremascota,nombretrabajador) VALUES ('ZST8LIPSIWI8IUD221','Inna','Gus','Haydon');
INSERT INTO recibo(idrecibo,nombredueño,nombremascota,nombretrabajador) VALUES ('BHG9DR6T25DSEZ6VIB','Berri','Belle','Lynnet');
INSERT INTO recibo(idrecibo,nombredueño,nombremascota,nombretrabajador) VALUES ('T7VSQR32MDWU147WHU','Aubrie','Gigi','Catlee');
INSERT INTO recibo(idrecibo,nombredueño,nombremascota,nombretrabajador) VALUES ('2B4D82PNR5R63KG569','Carline','Bentley','Karalynn');
INSERT INTO recibo(idrecibo,nombredueño,nombremascota,nombretrabajador) VALUES ('9J3U4G3BARY25AKZIV','Lynne','Emma','Verine');
INSERT INTO recibo(idrecibo,nombredueño,nombremascota,nombretrabajador) VALUES ('PW03MJEJQ8INV3LAWA','Patton','Chance','Retha');
INSERT INTO recibo(idrecibo,nombredueño,nombremascota,nombretrabajador) VALUES ('2QNAZZF6ABGBORB9JT','Conchita','Ella','Ariadne');
INSERT INTO recibo(idrecibo,nombredueño,nombremascota,nombretrabajador) VALUES ('5JMVCNYSIRHA2MLD18','Sheppard','Loki','Giraud');
INSERT INTO recibo(idrecibo,nombredueño,nombremascota,nombretrabajador) VALUES ('PG3YUCVXXF37HNZVFS','Enid','Millie','Marlow');
INSERT INTO recibo(idrecibo,nombredueño,nombremascota,nombretrabajador) VALUES ('157G0VETI5GFXL94WL','Hally','Ella','Joana');
INSERT INTO recibo(idrecibo,nombredueño,nombremascota,nombretrabajador) VALUES ('ZASZB6IRRYLM9IKPVQ','Celinda','Athena','Elisabeth');
INSERT INTO recibo(idrecibo,nombredueño,nombremascota,nombretrabajador) VALUES ('CDVKOTSV29E9MPAMLE','Blakeley','Bonnie','Robinett');
INSERT INTO recibo(idrecibo,nombredueño,nombremascota,nombretrabajador) VALUES ('CL2Z6LD7AIUZ23JLD3','Lynne','Emma','Biddy');
INSERT INTO recibo(idrecibo,nombredueño,nombremascota,nombretrabajador) VALUES ('DFTEI8B458YEU4WLNG','Hyacinthe','Walter','Stavros');
INSERT INTO recibo(idrecibo,nombredueño,nombremascota,nombretrabajador) VALUES ('VIZV7QFLRR03UUXK9K','Hyacinthe','Belle','Boothe');
INSERT INTO recibo(idrecibo,nombredueño,nombremascota,nombretrabajador) VALUES ('H93SFGT3CKKOVJZGX2','Donni','Lexie','Retha');
INSERT INTO recibo(idrecibo,nombredueño,nombremascota,nombretrabajador) VALUES ('0SKF4WY0DFLGF1P4Q3','Dian','Mimi','Brett');
INSERT INTO recibo(idrecibo,nombredueño,nombremascota,nombretrabajador) VALUES ('AAZ6TORR4FUHSUC5IO','Stepha','Max','Dasie');
INSERT INTO recibo(idrecibo,nombredueño,nombremascota,nombretrabajador) VALUES ('0WQ45UK23C5OCRJRGS','Stepha','Max','Dyanne');
INSERT INTO recibo(idrecibo,nombredueño,nombremascota,nombretrabajador) VALUES ('QZLH5FU543WNZ4XUYN','Rory','Sadie','Merle');
INSERT INTO recibo(idrecibo,nombredueño,nombremascota,nombretrabajador) VALUES ('U1JQF537W5L1ADLJHX','Lynne','Oliver','Haydon');
INSERT INTO recibo(idrecibo,nombredueño,nombremascota,nombretrabajador) VALUES ('O4UQFP6R35C19FW118','Kennedy','Zoey','Sven');
INSERT INTO recibo(idrecibo,nombredueño,nombremascota,nombretrabajador) VALUES ('48UW25DL8SVXN75H0X','Wilmette','Mimi','Hermia');
INSERT INTO recibo(idrecibo,nombredueño,nombremascota,nombretrabajador) VALUES ('K7CA4MLQ3WDZUDRQBP','Alyce','Maggie','Carney');
INSERT INTO recibo(idrecibo,nombredueño,nombremascota,nombretrabajador) VALUES ('00VEZS9LRKZHRR4JSW','Loella','Lulu','Carie');
INSERT INTO recibo(idrecibo,nombredueño,nombremascota,nombretrabajador) VALUES ('QZCK4EVZTV6IYGKAMZ','Kerk','Ella','Marna');
INSERT INTO recibo(idrecibo,nombredueño,nombremascota,nombretrabajador) VALUES ('CXFJQT7LV7TPE4LVU0','Michal','Lexie','Kelbee');
INSERT INTO recibo(idrecibo,nombredueño,nombremascota,nombretrabajador) VALUES ('B9PEZ8IL2XHAOXQ43B','Colan','Millie','Flossy');
INSERT INTO recibo(idrecibo,nombredueño,nombremascota,nombretrabajador) VALUES ('4503HDOO4A3P7V44PB','Kerwinn','Gizmo','Ivette');
INSERT INTO recibo(idrecibo,nombredueño,nombremascota,nombretrabajador) VALUES ('PC9Q3OUTV4EW1F5COY','Alyce','Maggie','Carlynne');
INSERT INTO recibo(idrecibo,nombredueño,nombremascota,nombretrabajador) VALUES ('F412X2XQ2UX84QQDFZ','Rory','Gigi','Ebony');
INSERT INTO recibo(idrecibo,nombredueño,nombremascota,nombretrabajador) VALUES ('SZP0B7TRRTPEVO5F4I','Skye','Cooper','Nanice');
INSERT INTO recibo(idrecibo,nombredueño,nombremascota,nombretrabajador) VALUES ('9QL80D9OZ8ASJYCV82','Federica','Cooper','Hurley');
INSERT INTO recibo(idrecibo,nombredueño,nombremascota,nombretrabajador) VALUES ('YKWGNAKBMYAUP2ZVGV','Hildy','Chance','Queenie');
INSERT INTO recibo(idrecibo,nombredueño,nombremascota,nombretrabajador) VALUES ('GNEM8WMGFZON4Y7ZDB','Henri','Cocoa','Christie');
INSERT INTO recibo(idrecibo,nombredueño,nombremascota,nombretrabajador) VALUES ('ZI9NFAHNHGAPP9L5WX','Michal','Cocoa','Corrie');
INSERT INTO recibo(idrecibo,nombredueño,nombremascota,nombretrabajador) VALUES ('V60HA2VD7DWH2OPMFO','Cordy','Moose','Chan');
INSERT INTO recibo(idrecibo,nombredueño,nombremascota,nombretrabajador) VALUES ('WERG92ECB7CNO4YTWJ','Sela','Stella','Shanda');
INSERT INTO recibo(idrecibo,nombredueño,nombremascota,nombretrabajador) VALUES ('COXQ25Y2F6WRV24LEF','Conchita','Rufus','Frasier');
INSERT INTO recibo(idrecibo,nombredueño,nombremascota,nombretrabajador) VALUES ('6W61CH4EVD1027S9DA','Lyndsay','Sandy','Kitti');
INSERT INTO recibo(idrecibo,nombredueño,nombremascota,nombretrabajador) VALUES ('9RU32H1AG2NFJ6ZQBU','Robbie','Izzy','Celeste');
INSERT INTO recibo(idrecibo,nombredueño,nombremascota,nombretrabajador) VALUES ('GD1HUY4NOKGI715ZIV','Mikol','Jake','Florette');
INSERT INTO recibo(idrecibo,nombredueño,nombremascota,nombretrabajador) VALUES ('MJFPV0S7O5J8GOFRU5','Conchita','Rufus','Verine');
INSERT INTO recibo(idrecibo,nombredueño,nombremascota,nombretrabajador) VALUES ('HFHFJ5HX3LB0FM9N8K','Hyacinthe','Rufus','Arte');
INSERT INTO recibo(idrecibo,nombredueño,nombremascota,nombretrabajador) VALUES ('Y9CJVZU2XM6B8KGG2A','Michal','Cocoa','Catlee');
INSERT INTO recibo(idrecibo,nombredueño,nombremascota,nombretrabajador) VALUES ('9XXI9U9Z15HQIRGFHB','Enid','Oliver','Jesse');
INSERT INTO recibo(idrecibo,nombredueño,nombremascota,nombretrabajador) VALUES ('RUEDM48NGYBYJ9WBNB','Alyce','Scooter','Cornie');
INSERT INTO recibo(idrecibo,nombredueño,nombremascota,nombretrabajador) VALUES ('09UAY46DNSKRG0M3VO','Kerwinn','Lexie','Gayler');
INSERT INTO recibo(idrecibo,nombredueño,nombremascota,nombretrabajador) VALUES ('3WBTDWT8WPT5K72AVH','Farr','Kobe','Marni');
INSERT INTO recibo(idrecibo,nombredueño,nombremascota,nombretrabajador) VALUES ('760TENKMASCGCAJOVN','Robbie','Izzy','Charissa');
INSERT INTO recibo(idrecibo,nombredueño,nombremascota,nombretrabajador) VALUES ('2FQOJE03VZUC5Q1XM6','Wright','Baby','Taber');
INSERT INTO recibo(idrecibo,nombredueño,nombremascota,nombretrabajador) VALUES ('EJ9QUV7T0H6GNYKS3N','Iorgo','Loki','Nydia');
INSERT INTO recibo(idrecibo,nombredueño,nombremascota,nombretrabajador) VALUES ('95CL7SSNWEPRC8W9II','Aubrie','Gigi','Inessa');
INSERT INTO recibo(idrecibo,nombredueño,nombremascota,nombretrabajador) VALUES ('JTVPTPWCBL011GS946','Sheppard','Loki','Ainslee');
INSERT INTO recibo(idrecibo,nombredueño,nombremascota,nombretrabajador) VALUES ('0EYRLC0WHPSSZVVLCO','Hesther','Sasha','Karen');
INSERT INTO recibo(idrecibo,nombredueño,nombremascota,nombretrabajador) VALUES ('7997WRCWG5FBLPZ8S2','Carline','Bentley','Correna');
INSERT INTO recibo(idrecibo,nombredueño,nombremascota,nombretrabajador) VALUES ('YQC3J72FQ1PV2D3BFH','Jimmy','Izzy','Jessamyn');
INSERT INTO recibo(idrecibo,nombredueño,nombremascota,nombretrabajador) VALUES ('VEPT0TFV8UT0JXB0GS','Ninnette','Gigi','Alberik');
INSERT INTO recibo(idrecibo,nombredueño,nombremascota,nombretrabajador) VALUES ('8PRCILOL8AEWHF5ECJ','Stepha','Max','Emlynne');
INSERT INTO recibo(idrecibo,nombredueño,nombremascota,nombretrabajador) VALUES ('SA9YR5500PK85PY0DR','Patton','Chance','Chan');
INSERT INTO recibo(idrecibo,nombredueño,nombremascota,nombretrabajador) VALUES ('MQUNSKKFOSBZWBCEN7','Stepha','Oreo','Joannes');
INSERT INTO recibo(idrecibo,nombredueño,nombremascota,nombretrabajador) VALUES ('VHEOOEF08AC1K5HF4O','Hildy','Chance','Tito');
INSERT INTO recibo(idrecibo,nombredueño,nombremascota,nombretrabajador) VALUES ('NA89QXMXX8KB9HHHWA','Tonye','Oreo','Ulla');
INSERT INTO recibo(idrecibo,nombredueño,nombremascota,nombretrabajador) VALUES ('VHXJP3LBEXQKP5MYT2','Kerwinn','Lexie','Jareb');
INSERT INTO recibo(idrecibo,nombredueño,nombremascota,nombretrabajador) VALUES ('BIPJ2IN9RUTFLKBWHV','Orel','Lulu','Celeste');
INSERT INTO recibo(idrecibo,nombredueño,nombremascota,nombretrabajador) VALUES ('DPM8TSO7W8BRMFNJ5C','Robbie','Izzy','Carie');
INSERT INTO recibo(idrecibo,nombredueño,nombremascota,nombretrabajador) VALUES ('ZRCME9EPCEYKNI0JBO','Colan','Millie','Eustacia');
INSERT INTO recibo(idrecibo,nombredueño,nombremascota,nombretrabajador) VALUES ('UPLA8QCZRBKM5FRRG9','Sheppard','Loki','Christie');
INSERT INTO recibo(idrecibo,nombredueño,nombremascota,nombretrabajador) VALUES ('8IC6Q6HT1UX8OYY2QO','Britt','Gracie','Kitti');
INSERT INTO recibo(idrecibo,nombredueño,nombremascota,nombretrabajador) VALUES ('7S0YZBUZ6C18V3KXMQ','Hally','Sandy','Bryana');
INSERT INTO recibo(idrecibo,nombredueño,nombremascota,nombretrabajador) VALUES ('4T7Y0ISVR2LYI9T08Z','Bailie','Gus','Boothe');
INSERT INTO recibo(idrecibo,nombredueño,nombremascota,nombretrabajador) VALUES ('SRPETJG1XN8VNOEYFY','Christin','Scooter','Melba');
INSERT INTO recibo(idrecibo,nombredueño,nombremascota,nombretrabajador) VALUES ('6QLPE6Y2LK0YMZNACD','Spike','Tyson','Karalynn');
INSERT INTO recibo(idrecibo,nombredueño,nombremascota,nombretrabajador) VALUES ('E9ID240FP6LPR9PVQ5','Conchita','Ella','Ariadne');
INSERT INTO recibo(idrecibo,nombredueño,nombremascota,nombretrabajador) VALUES ('OZN1E0UOOWQA3GUX3C','Hesther','Sasha','Leonie');
INSERT INTO recibo(idrecibo,nombredueño,nombremascota,nombretrabajador) VALUES ('1OJT6B5TJEFG8G5ZOB','Barri','Sandy','Tabina');
INSERT INTO recibo(idrecibo,nombredueño,nombremascota,nombretrabajador) VALUES ('R35MXM3EKO0TJLS7VH','Ninnette','Gigi','Hermia');
INSERT INTO recibo(idrecibo,nombredueño,nombremascota,nombretrabajador) VALUES ('KTY1U8YR90HN9V1XJL','Lynne','Emma','Nydia');
INSERT INTO recibo(idrecibo,nombredueño,nombremascota,nombretrabajador) VALUES ('0JQ9K81VYESVJ1MB1D','Shurwood','Callie','Flossy');
INSERT INTO recibo(idrecibo,nombredueño,nombremascota,nombretrabajador) VALUES ('QIDYH3Q1ZEV4F0564L','Nora','Maggie','Inessa');
INSERT INTO recibo(idrecibo,nombredueño,nombremascota,nombretrabajador) VALUES ('7U3JJ62DR7FEVIHCV6','Conchita','Ella','Tim');
INSERT INTO recibo(idrecibo,nombredueño,nombremascota,nombretrabajador) VALUES ('MUUGMUXZ811XBKAPDV','Loella','Lulu','Haydon');
INSERT INTO recibo(idrecibo,nombredueño,nombremascota,nombretrabajador) VALUES ('MABI6H58LYEY094GUP','Michal','Lexie','Marna');
INSERT INTO recibo(idrecibo,nombredueño,nombremascota,nombretrabajador) VALUES ('P3SG6F45FXPU9I20CB','Iain','Joey','Marlow');
INSERT INTO recibo(idrecibo,nombredueño,nombremascota,nombretrabajador) VALUES ('KLGMTN1REJQP29DFID','Blakeley','Bonnie','Frasier');
INSERT INTO recibo(idrecibo,nombredueño,nombremascota,nombretrabajador) VALUES ('YU20LF5ZHT7BR80MSZ','Barri','Benji','Jessamyn');
INSERT INTO recibo(idrecibo,nombredueño,nombremascota,nombretrabajador) VALUES ('F6T5X8MPF0JBIPA05S','Henri','Gracie','Jakie');
INSERT INTO recibo(idrecibo,nombredueño,nombremascota,nombretrabajador) VALUES ('O3N5WGQYYJA2O6B8Z5','Shurwood','Callie','Kelbee');
INSERT INTO recibo(idrecibo,nombredueño,nombremascota,nombretrabajador) VALUES ('SWOZLJ8Y3MKF3C890H','Ninnette','Cooper','Retha');
INSERT INTO recibo(idrecibo,nombredueño,nombremascota,nombretrabajador) VALUES ('MN0HPDYEBWYHFCOAGP','Marissa','Gigi','Stavros');
INSERT INTO recibo(idrecibo,nombredueño,nombremascota,nombretrabajador) VALUES ('LC9AJ2HPBPTG2JCY2Z','Henri','Cocoa','Lynnet');
INSERT INTO recibo(idrecibo,nombredueño,nombremascota,nombretrabajador) VALUES ('TTVJ94AIUWOP5Z9JNI','Aubrie','Gigi','Flory');
INSERT INTO recibo(idrecibo,nombredueño,nombremascota,nombretrabajador) VALUES ('VEHP9V0ZE60HFJ56ER','Federica','Cooper','Joana');
INSERT INTO recibo(idrecibo,nombredueño,nombremascota,nombretrabajador) VALUES ('JHG894JWTZKYYG3EKV','Celinda','Athena','Cathy');
INSERT INTO recibo(idrecibo,nombredueño,nombremascota,nombretrabajador) VALUES ('23F960AMKJNWRHYCX7','Lyndsay','Baxter','Tito');
INSERT INTO recibo(idrecibo,nombredueño,nombremascota,nombretrabajador) VALUES ('PBUQ89FVO58Y6UTWAH','Mariann','Nikki','Charissa');
INSERT INTO recibo(idrecibo,nombredueño,nombremascota,nombretrabajador) VALUES ('T0T4K4VYTXGVBB1JZX','Shurwood','Callie','Corrie');
INSERT INTO recibo(idrecibo,nombredueño,nombremascota,nombretrabajador) VALUES ('WOBOKG1TIT8F45ZLSG','Roderigo','Mocha','Giorgia');
INSERT INTO recibo(idrecibo,nombredueño,nombremascota,nombretrabajador) VALUES ('HERSYF5Q7JZJP82CW0','Berri','Belle','Merle');
INSERT INTO recibo(idrecibo,nombredueño,nombremascota,nombretrabajador) VALUES ('SXLRDB0G12R2ERHETR','Enid','Millie','Ericha');
INSERT INTO recibo(idrecibo,nombredueño,nombremascota,nombretrabajador) VALUES ('20QM7VM8K1NTPIDMJV','Dian','Mimi','Jesse');
INSERT INTO recibo(idrecibo,nombredueño,nombremascota,nombretrabajador) VALUES ('AOAK5CVCLOJ53F0Y6Z','Farr','Kobe','Cornie');
INSERT INTO recibo(idrecibo,nombredueño,nombremascota,nombretrabajador) VALUES ('Y9KCYTC1OCTIRKBQ8N','Alyce','Scooter','Goddard');
INSERT INTO recibo(idrecibo,nombredueño,nombremascota,nombretrabajador) VALUES ('5H5L00K39WD3W17IUA','Celinda','Athena','Thorsten');
INSERT INTO recibo(idrecibo,nombredueño,nombremascota,nombretrabajador) VALUES ('RFPXB9DAOSAPNF0DV8','Wilmette','Mimi','Monika');
INSERT INTO recibo(idrecibo,nombredueño,nombremascota,nombretrabajador) VALUES ('NGULA33U4JZQKA5Y3N','Michal','Lexie','Karen');
INSERT INTO recibo(idrecibo,nombredueño,nombremascota,nombretrabajador) VALUES ('240M7DU8M0NI49ZOHV','Bailie','Gus','Remington');
INSERT INTO recibo(idrecibo,nombredueño,nombremascota,nombretrabajador) VALUES ('UMMON3R04D8HZXNL3Y','Josefina','Stella','Raddie');
INSERT INTO recibo(idrecibo,nombredueño,nombremascota,nombretrabajador) VALUES ('EZ5E2DW38NV0KMDIHM','Bailie','Gus','Remington');
INSERT INTO recibo(idrecibo,nombredueño,nombremascota,nombretrabajador) VALUES ('T5TI787ZFDWE0VIU2K','Enid','Oliver','Tito');
INSERT INTO recibo(idrecibo,nombredueño,nombremascota,nombretrabajador) VALUES ('HDJCX8J9ZSVTA92AQE','Aubrie','Gigi','Monika');
INSERT INTO recibo(idrecibo,nombredueño,nombremascota,nombretrabajador) VALUES ('UGD8CILVR5PDVBVMB9','Lyndsay','Baxter','Arte');
INSERT INTO recibo(idrecibo,nombredueño,nombremascota,nombretrabajador) VALUES ('SN08EPUDUKVNMGVI5J','Michal','Lexie','Flory');
INSERT INTO recibo(idrecibo,nombredueño,nombremascota,nombretrabajador) VALUES ('Y1MS1R5B4W77HLQS9O','Lyndsay','Baxter','Kitti');
INSERT INTO recibo(idrecibo,nombredueño,nombremascota,nombretrabajador) VALUES ('6X3H2AOHX8L3LT0Y1G','Kerk','Ella','Ivette');
INSERT INTO recibo(idrecibo,nombredueño,nombremascota,nombretrabajador) VALUES ('E0090YM30RECZSDJ50','Major','Ella','Haydon');
INSERT INTO recibo(idrecibo,nombredueño,nombremascota,nombretrabajador) VALUES ('679L24WKEA0W2WZ8G0','Ninnette','Gigi','Retha');
INSERT INTO recibo(idrecibo,nombredueño,nombremascota,nombretrabajador) VALUES ('EM9VYXEZOTMJ7M7ZD1','Stepha','Oreo','Noemi');
INSERT INTO recibo(idrecibo,nombredueño,nombremascota,nombretrabajador) VALUES ('CIXP95A3NY7F59D9TD','Kerwinn','Lexie','Sholom');
INSERT INTO recibo(idrecibo,nombredueño,nombremascota,nombretrabajador) VALUES ('2N2PTF7KJTD56P2GBZ','Conchita','Ella','Jaquenetta');
INSERT INTO recibo(idrecibo,nombredueño,nombremascota,nombretrabajador) VALUES ('SDX1VJ7JT6EUJEPBF3','Sheppard','Lily','Corrie');
INSERT INTO recibo(idrecibo,nombredueño,nombremascota,nombretrabajador) VALUES ('EKVXI4NYUNYYDV486L','Robbie','Cody','Catlee');
INSERT INTO recibo(idrecibo,nombredueño,nombremascota,nombretrabajador) VALUES ('XUJNHHQAZWHCMLA2RG','Skye','Cooper','Stavros');
INSERT INTO recibo(idrecibo,nombredueño,nombremascota,nombretrabajador) VALUES ('1XTRYD772A35XTBXE3','Iorgo','Loki','Queenie');
INSERT INTO recibo(idrecibo,nombredueño,nombremascota,nombretrabajador) VALUES ('PJGRXEILY6YLRTJ1BK','Roderigo','Mocha','Goddard');
INSERT INTO recibo(idrecibo,nombredueño,nombremascota,nombretrabajador) VALUES ('Z9FPZKMF2WN804PIT0','Michal','Callie','Tim');
INSERT INTO recibo(idrecibo,nombredueño,nombremascota,nombretrabajador) VALUES ('FQPDJWN1UZJI0ZDWQ3','Mikol','Jake','Marna');
INSERT INTO recibo(idrecibo,nombredueño,nombremascota,nombretrabajador) VALUES ('N5UNIFAEW25UQRSEG9','Marissa','Gigi','Carlynne');
INSERT INTO recibo(idrecibo,nombredueño,nombremascota,nombretrabajador) VALUES ('QDZX0DWT1GRYS95V3D','Jarib','Dixie','Flossy');
INSERT INTO recibo(idrecibo,nombredueño,nombremascota,nombretrabajador) VALUES ('HBHGJHHWP479CWXCMV','Federica','Cooper','Robinett');
INSERT INTO recibo(idrecibo,nombredueño,nombremascota,nombretrabajador) VALUES ('4TKHCYX3TR7XNUG0LC','Shurwood','Callie','Merle');
INSERT INTO recibo(idrecibo,nombredueño,nombremascota,nombretrabajador) VALUES ('77W0NFSG5BE4PB6QPP','Lynne','Emma','Correna');
INSERT INTO recibo(idrecibo,nombredueño,nombremascota,nombretrabajador) VALUES ('G88MYXC5ZO83D2LJMN','Sela','Stella','Cornie');
INSERT INTO recibo(idrecibo,nombredueño,nombremascota,nombretrabajador) VALUES ('PHVCOU301IA4J0TGWI','Christin','Scooter','Thorsten');
INSERT INTO recibo(idrecibo,nombredueño,nombremascota,nombretrabajador) VALUES ('4ER5N0OXIW20ZVYLA3','Iain','Joey','Hurley');
INSERT INTO recibo(idrecibo,nombredueño,nombremascota,nombretrabajador) VALUES ('DFVXQZ8Q6JJVGK04U7','Kennedy','Zoey','Marni');
INSERT INTO recibo(idrecibo,nombredueño,nombremascota,nombretrabajador) VALUES ('0MFVYO765FHZBL0DVG','Celinda','Athena','Serge');
INSERT INTO recibo(idrecibo,nombredueño,nombremascota,nombretrabajador) VALUES ('8CAMUMTHV99GM4FO18','Wright','Baby','Charissa');
INSERT INTO recibo(idrecibo,nombredueño,nombremascota,nombretrabajador) VALUES ('VQZQB83DRA8QGCLKU9','Savina','Lexi','Yuma');
INSERT INTO recibo(idrecibo,nombredueño,nombremascota,nombretrabajador) VALUES ('TR9SNVNFEIS0RIJ5I4','Orel','Lulu','Nydia');
INSERT INTO recibo(idrecibo,nombredueño,nombremascota,nombretrabajador) VALUES ('0XFCAWOVPR74D5IO3Z','Carline','Bentley','Wilburt');
INSERT INTO recibo(idrecibo,nombredueño,nombremascota,nombretrabajador) VALUES ('4FU7AMRJVMATPPRAM8','Celinda','Simba','Boothe');
INSERT INTO recibo(idrecibo,nombredueño,nombremascota,nombretrabajador) VALUES ('TB05VS3SVDKYZGKGTK','Alyce','Scooter','Correna');
INSERT INTO recibo(idrecibo,nombredueño,nombremascota,nombretrabajador) VALUES ('93TBJWA87T5RDRZF4M','Conchita','Apollo','Dyanne');
INSERT INTO recibo(idrecibo,nombredueño,nombremascota,nombretrabajador) VALUES ('TKKK0NM6EA3POHPN1M','Chrisse','Baxter','Eustacia');
INSERT INTO recibo(idrecibo,nombredueño,nombremascota,nombretrabajador) VALUES ('Q5XOBQVNJJDXL66QBK','Bailie','Gus','Joannes');
INSERT INTO recibo(idrecibo,nombredueño,nombremascota,nombretrabajador) VALUES ('PUCVL355ETX5ADX6GR','Mariann','Missy','Bourke');
INSERT INTO recibo(idrecibo,nombredueño,nombremascota,nombretrabajador) VALUES ('ICYCEMUY1FX6VOGLUD','Shurwood','Joey','Chan');
INSERT INTO recibo(idrecibo,nombredueño,nombremascota,nombretrabajador) VALUES ('UB65KMCRNWXMX8GV7R','Alyce','Maggie','Allegra');
INSERT INTO recibo(idrecibo,nombredueño,nombremascota,nombretrabajador) VALUES ('Z317PO0LSY1L59UZTZ','Barri','Benji','Carney');
INSERT INTO recibo(idrecibo,nombredueño,nombremascota,nombretrabajador) VALUES ('FUA5V0G3665FNNDFJE','Ninnette','Cooper','Biddy');
INSERT INTO recibo(idrecibo,nombredueño,nombremascota,nombretrabajador) VALUES ('OMP9LN1TA930OSRBG6','Hesther','Zoey','Kelbee');
INSERT INTO recibo(idrecibo,nombredueño,nombremascota,nombretrabajador) VALUES ('VG64L2V8WQF440D0O1','Britt','Gracie','Shanda');
INSERT INTO recibo(idrecibo,nombredueño,nombremascota,nombretrabajador) VALUES ('S4WXXHCSIZ14DWCMXI','Josefina','Nikki','Almeta');
INSERT INTO recibo(idrecibo,nombredueño,nombremascota,nombretrabajador) VALUES ('WHBN6FEOIQCJWQ9MEJ','Loella','Lulu','Jenna');
INSERT INTO recibo(idrecibo,nombredueño,nombremascota,nombretrabajador) VALUES ('2795U4ROT29F2STX3Q','Tonye','Oreo','Emlynne');
INSERT INTO recibo(idrecibo,nombredueño,nombremascota,nombretrabajador) VALUES ('YHFTIQ6KGE9L4APSJ2','Conchita','Ella','Obadiah');
INSERT INTO recibo(idrecibo,nombredueño,nombremascota,nombretrabajador) VALUES ('YM9F2N7IOZGPQWSDPM','Donni','Lexie','Emmanuel');
INSERT INTO recibo(idrecibo,nombredueño,nombremascota,nombretrabajador) VALUES ('TYV2WEHCVRGMJGJXPF','Britt','Gracie','Emmanuel');
INSERT INTO recibo(idrecibo,nombredueño,nombremascota,nombretrabajador) VALUES ('ZGDPJRXR96UFATRYPH','Cornela','Sammy','Catlee');
INSERT INTO recibo(idrecibo,nombredueño,nombremascota,nombretrabajador) VALUES ('ZAS3QBS3UCMYN8QWB9','Patton','Chance','Almeta');
INSERT INTO recibo(idrecibo,nombredueño,nombremascota,nombretrabajador) VALUES ('5553PCCG9T73VOBV2K','Skye','Cooper','Chan');
INSERT INTO recibo(idrecibo,nombredueño,nombremascota,nombretrabajador) VALUES ('BG3C6KG7Q2B9C4ICZJ','Enid','Millie','Ulla');
INSERT INTO recibo(idrecibo,nombredueño,nombremascota,nombretrabajador) VALUES ('O4AJLHYOAD4VWUXPNG','Spike','Tyson','Stavros');
INSERT INTO recibo(idrecibo,nombredueño,nombremascota,nombretrabajador) VALUES ('ES0TR8XC21GVHABM51','Lynne','Emma','Eustacia');
INSERT INTO recibo(idrecibo,nombredueño,nombremascota,nombretrabajador) VALUES ('23DUUKGX01WFP5Y4MY','Rory','Sadie','Koressa');
INSERT INTO recibo(idrecibo,nombredueño,nombremascota,nombretrabajador) VALUES ('UE4AQ6XVS6OFD3M7HB','Wilmette','Mimi','Correna');
INSERT INTO recibo(idrecibo,nombredueño,nombremascota,nombretrabajador) VALUES ('KPV5MQ1Q5ATWJDZJDN','Tonye','Oreo','Lenee');
INSERT INTO recibo(idrecibo,nombredueño,nombremascota,nombretrabajador) VALUES ('BYK5XG7PS7BZVO75ZT','Twila','Sammy','Jakie');
INSERT INTO recibo(idrecibo,nombredueño,nombremascota,nombretrabajador) VALUES ('D8JDWA5WJMH6C1CZ8P','Carline','Bentley','Carney');
INSERT INTO recibo(idrecibo,nombredueño,nombremascota,nombretrabajador) VALUES ('FS3YNZTJIZ0PNA8AEP','Sheppard','Lily','Robinett');
INSERT INTO recibo(idrecibo,nombredueño,nombremascota,nombretrabajador) VALUES ('21EMB03VZCJC7R0SLA','Inna','Gus','Rab');
INSERT INTO recibo(idrecibo,nombredueño,nombremascota,nombretrabajador) VALUES ('N305CUJCGSZFOMBJ15','Gillie','Gracie','Joana');
INSERT INTO recibo(idrecibo,nombredueño,nombremascota,nombretrabajador) VALUES ('Z5MPKL8S61BMZ3DRRU','Bailie','Gus','Carie');
INSERT INTO recibo(idrecibo,nombredueño,nombremascota,nombretrabajador) VALUES ('LJX7A5HJHF3ODFFJJ4','Shurwood','Callie','Biddy');
INSERT INTO recibo(idrecibo,nombredueño,nombremascota,nombretrabajador) VALUES ('0J5QFCYZO54MJR0LB0','Hildy','Chance','Hilario');
INSERT INTO recibo(idrecibo,nombredueño,nombremascota,nombretrabajador) VALUES ('L5CF4B6U93N4B12ROL','Mikol','Jake','Ariadne');
INSERT INTO recibo(idrecibo,nombredueño,nombremascota,nombretrabajador) VALUES ('ZZJ9L7N0IYZ4272QF9','Iorgo','Loki','Charissa');
INSERT INTO recibo(idrecibo,nombredueño,nombremascota,nombretrabajador) VALUES ('KUKMIODI18SO1G1NGS','Josefina','Stella','Joannes');
INSERT INTO recibo(idrecibo,nombredueño,nombremascota,nombretrabajador) VALUES ('JOZJ6JZYP8AY69GNGN','Barri','Benji','Hurley');
INSERT INTO recibo(idrecibo,nombredueño,nombremascota,nombretrabajador) VALUES ('7V8DRDH3YCAG26VVOK','Kerk','Shadow','Giraud');
INSERT INTO recibo(idrecibo,nombredueño,nombremascota,nombretrabajador) VALUES ('HGDZIHGOFV0NT5S5HM','Michal','Callie','Ebony');
INSERT INTO recibo(idrecibo,nombredueño,nombremascota,nombretrabajador) VALUES ('N3P3LP3DTM429YCATU','Iain','Joey','Bryana');
INSERT INTO recibo(idrecibo,nombredueño,nombremascota,nombretrabajador) VALUES ('JZFOFK5DXQ34RM9FYO','Hyacinthe','Walter','Allegra');
INSERT INTO recibo(idrecibo,nombredueño,nombremascota,nombretrabajador) VALUES ('RA2ORRX0MU98AVO448','Kerk','Shadow','Jesse');
INSERT INTO recibo(idrecibo,nombredueño,nombremascota,nombretrabajador) VALUES ('2O2908VLYN94DB0ZBN','Henri','Cocoa','Noemi');
INSERT INTO recibo(idrecibo,nombredueño,nombremascota,nombretrabajador) VALUES ('I4BP7TK5TI3VF4NIRX','Kennedy','Zoey','Merle');
INSERT INTO recibo(idrecibo,nombredueño,nombremascota,nombretrabajador) VALUES ('BQTL1RDDCR1XXXVL37','Kerwinn','Lexie','Yuma');
INSERT INTO recibo(idrecibo,nombredueño,nombremascota,nombretrabajador) VALUES ('WDYLADDW3IY12CPWHS','Stepha','Oreo','Marlow');
INSERT INTO recibo(idrecibo,nombredueño,nombremascota,nombretrabajador) VALUES ('5A6U8ROM97MJG3CA9R','Major','Ella','Gillian');
INSERT INTO recibo(idrecibo,nombredueño,nombremascota,nombretrabajador) VALUES ('KPLG02GHYZXTC7ZMU8','Sela','Stella','Remington');
INSERT INTO recibo(idrecibo,nombredueño,nombremascota,nombretrabajador) VALUES ('5SLGEJOTLX49CBQOSQ','Hesther','Sasha','Kania');
INSERT INTO recibo(idrecibo,nombredueño,nombremascota,nombretrabajador) VALUES ('IA0QV3J01HZZLL1EDH','Rory','Joey','Karalynn');
INSERT INTO recibo(idrecibo,nombredueño,nombremascota,nombretrabajador) VALUES ('81VA22VQKMQOY535J6','Drusie','Gizmo','Emlynne');
INSERT INTO recibo(idrecibo,nombredueño,nombremascota,nombretrabajador) VALUES ('PHTNI4KH1B5KMM6LF1','Hyacinthe','Walter','Nydia');
INSERT INTO recibo(idrecibo,nombredueño,nombremascota,nombretrabajador) VALUES ('WEXB2CV4HU9LC0W58G','Ninnette','Cooper','Dyanne');
INSERT INTO recibo(idrecibo,nombredueño,nombremascota,nombretrabajador) VALUES ('KCC7DVUJ2F94FX7MVR','Shurwood','Callie','Cornie');
INSERT INTO recibo(idrecibo,nombredueño,nombremascota,nombretrabajador) VALUES ('ZE3UD02WW3RAAH94MK','Sheppard','Loki','Monika');
INSERT INTO recibo(idrecibo,nombredueño,nombremascota,nombretrabajador) VALUES ('BOJQGVIM6I2NLLMLZN','Cordy','Moose','Kitti');
INSERT INTO recibo(idrecibo,nombredueño,nombremascota,nombretrabajador) VALUES ('3RODRR3KQUVHRJKJ9G','Conchita','Rufus','Giorgia');
INSERT INTO recibo(idrecibo,nombredueño,nombremascota,nombretrabajador) VALUES ('GXVT8Y5OJVV11GM6JG','Lynne','Oliver','Marna');
INSERT INTO recibo(idrecibo,nombredueño,nombremascota,nombretrabajador) VALUES ('1AQ7CK8D142RIDN75Z','Conchita','Rufus','Jaquenetta');
INSERT INTO recibo(idrecibo,nombredueño,nombremascota,nombretrabajador) VALUES ('VN19UPAHMOECWLWIAA','Farr','Kobe','Dasie');
INSERT INTO recibo(idrecibo,nombredueño,nombremascota,nombretrabajador) VALUES ('ZRP05PES2USQOQXFSL','Wright','Baby','Christie');
INSERT INTO recibo(idrecibo,nombredueño,nombremascota,nombretrabajador) VALUES ('CF9R2CFY12NLD92OQQ','Robbie','Izzy','Haydon');
INSERT INTO recibo(idrecibo,nombredueño,nombremascota,nombretrabajador) VALUES ('KZCKKKY4KQ3706VFS0','Lem','Lola','Carlynne');
INSERT INTO recibo(idrecibo,nombredueño,nombremascota,nombretrabajador) VALUES ('7THP18EEAHBSN44OQZ','Carline','Moose','Celeste');
INSERT INTO recibo(idrecibo,nombredueño,nombremascota,nombretrabajador) VALUES ('LM0FXEWHQKWLKY6WAK','Michal','Callie','Ainslee');
INSERT INTO recibo(idrecibo,nombredueño,nombremascota,nombretrabajador) VALUES ('OO1WBNNDTIAKZGE4V0','Sela','Stella','Giraud');
INSERT INTO recibo(idrecibo,nombredueño,nombremascota,nombretrabajador) VALUES ('G4G32X75BLEL15OWTV','Kerk','Shadow','Sven');
INSERT INTO recibo(idrecibo,nombredueño,nombremascota,nombretrabajador) VALUES ('PXEEHDFNJKC5OOHJU0','Hildy','Chance','Jesse');
INSERT INTO recibo(idrecibo,nombredueño,nombremascota,nombretrabajador) VALUES ('S9S2OJ4F9H2XX6H2TG','Enid','Millie','Nydia');
INSERT INTO recibo(idrecibo,nombredueño,nombremascota,nombretrabajador) VALUES ('Z3CUHHBWB7GB63JXIR','Niels','Callie','Thorsten');
INSERT INTO recibo(idrecibo,nombredueño,nombremascota,nombretrabajador) VALUES ('ZTEW1FIHH1I0E5276O','Lynne','Emma','Haydon');
INSERT INTO recibo(idrecibo,nombredueño,nombremascota,nombretrabajador) VALUES ('M612VDGW6R6NG4RYXE','Wilmette','Mimi','Eustacia');
INSERT INTO recibo(idrecibo,nombredueño,nombremascota,nombretrabajador) VALUES ('VF70CVG1TMV49N3XYJ','Rory','Joey','Jessamyn');
INSERT INTO recibo(idrecibo,nombredueño,nombremascota,nombretrabajador) VALUES ('6RYMKJMTGPTJYRUGYI','Enid','Oliver','Noemi');
INSERT INTO recibo(idrecibo,nombredueño,nombremascota,nombretrabajador) VALUES ('M97RTIKHVUA4EALCAI','Drusie','Gizmo','Almeta');
INSERT INTO recibo(idrecibo,nombredueño,nombremascota,nombretrabajador) VALUES ('JBCL7BR7G8EJH2O6QN','Celinda','Simba','Rab');
INSERT INTO recibo(idrecibo,nombredueño,nombremascota,nombretrabajador) VALUES ('HAS07XBZ46J9QERRDC','Lynne','Emma','Boothe');
INSERT INTO recibo(idrecibo,nombredueño,nombremascota,nombretrabajador) VALUES ('Q2BFN3ODWXKXS8OIHX','Federica','Cooper','Chan');
INSERT INTO recibo(idrecibo,nombredueño,nombremascota,nombretrabajador) VALUES ('A221TFLS2MLJ4FJPNS','Alyce','Maggie','Merle');
INSERT INTO recibo(idrecibo,nombredueño,nombremascota,nombretrabajador) VALUES ('W2WWJ3FGD16Y13EDRO','Aubrie','Gigi','Taber');
INSERT INTO recibo(idrecibo,nombredueño,nombremascota,nombretrabajador) VALUES ('IB35CX82EH3Y7IM50T','Stepha','Oreo','Tabina');
INSERT INTO recibo(idrecibo,nombredueño,nombremascota,nombretrabajador) VALUES ('EB929N4I9VD1I7NYN4','Nora','Maggie','Biddy');
INSERT INTO recibo(idrecibo,nombredueño,nombremascota,nombretrabajador) VALUES ('NOU7EUNIP1I9ADX80X','Mariann','Missy','Tim');
INSERT INTO recibo(idrecibo,nombredueño,nombremascota,nombretrabajador) VALUES ('E57NUB58IM2MY5YPP3','Carline','Bentley','Marni');
INSERT INTO recibo(idrecibo,nombredueño,nombremascota,nombretrabajador) VALUES ('MF6W71F3QDTK6I9UFH','Roderigo','Mocha','Ariadne');
INSERT INTO recibo(idrecibo,nombredueño,nombremascota,nombretrabajador) VALUES ('SZGQZCNHY8DMX1CJY1','Gillie','Gracie','Nanice');
INSERT INTO recibo(idrecibo,nombredueño,nombremascota,nombretrabajador) VALUES ('1GPDCAF4S4NFNYBJH4','Bailie','Luke','Marlow');
INSERT INTO recibo(idrecibo,nombredueño,nombremascota,nombretrabajador) VALUES ('LV2VTHNU4W3FJX2CWC','Major','Ella','Florette');
INSERT INTO recibo(idrecibo,nombredueño,nombremascota,nombretrabajador) VALUES ('6IEUL331ABRFRX49HJ','Lyndsay','Baxter','Robinett');
INSERT INTO recibo(idrecibo,nombredueño,nombremascota,nombretrabajador) VALUES ('RCFRHQQJXGKBDX4MZ0','Farr','Kobe','Obadiah');
INSERT INTO recibo(idrecibo,nombredueño,nombremascota,nombretrabajador) VALUES ('IP1QX78MLI6JHMVJO5','Christin','Scooter','Retha');
INSERT INTO recibo(idrecibo,nombredueño,nombremascota,nombretrabajador) VALUES ('4EM9XJQ4TZYDN34545','Conchita','Ella','Emlynne');
INSERT INTO recibo(idrecibo,nombredueño,nombremascota,nombretrabajador) VALUES ('23TQ0TOAPV7LSZGFV6','Cordy','Moose','Melba');
INSERT INTO recibo(idrecibo,nombredueño,nombremascota,nombretrabajador) VALUES ('6PG334XG3V2Z10QF4D','Barri','Sandy','Remington');
INSERT INTO recibo(idrecibo,nombredueño,nombremascota,nombretrabajador) VALUES ('YEB3PS3CPQIWPSOBLJ','Hesther','Zoey','Anica');
INSERT INTO recibo(idrecibo,nombredueño,nombremascota,nombretrabajador) VALUES ('N3L6U6TMMGNBIM6NDB','Iorgo','Loki','Gillian');
INSERT INTO recibo(idrecibo,nombredueño,nombremascota,nombretrabajador) VALUES ('1IKLA163A4FJYOIN2J','Lyndsay','Sandy','Corrie');
INSERT INTO recibo(idrecibo,nombredueño,nombremascota,nombretrabajador) VALUES ('FRAJQYTPVG4BU0JHAJ','Iain','Callie','Hilario');
INSERT INTO recibo(idrecibo,nombredueño,nombremascota,nombretrabajador) VALUES ('R1V2WLJNLLD656IYE4','Ninnette','Cooper','Hurley');
INSERT INTO recibo(idrecibo,nombredueño,nombremascota,nombretrabajador) VALUES ('BBNCA33ZKEYK1OP2Z4','Robbie','Cody','Queenie');
INSERT INTO recibo(idrecibo,nombredueño,nombremascota,nombretrabajador) VALUES ('NA9TV1Z3HIEVKPVY8K','Garrik','Rufus','Tito');
INSERT INTO recibo(idrecibo,nombredueño,nombremascota,nombretrabajador) VALUES ('1A63Z8FL4ATQI2VQZS','Michal','Cocoa','Karalynn');
INSERT INTO recibo(idrecibo,nombredueño,nombremascota,nombretrabajador) VALUES ('IS17X64Y2DMCN85SSO','Sheppard','Lily','Raddie');
INSERT INTO recibo(idrecibo,nombredueño,nombremascota,nombretrabajador) VALUES ('HCFQVGW3W16FKI5K93','Loella','Lulu','Hermia');
INSERT INTO recibo(idrecibo,nombredueño,nombremascota,nombretrabajador) VALUES ('ZGLF3GWW5I1E80BNGU','Blakeley','Bonnie','Inessa');
INSERT INTO recibo(idrecibo,nombredueño,nombremascota,nombretrabajador) VALUES ('DB847GFX7LCT3K2IGF','Hally','Ella','Flossy');
INSERT INTO recibo(idrecibo,nombredueño,nombremascota,nombretrabajador) VALUES ('DGYECE3CKV7BSHPET8','Spike','Tyson','Christie');
INSERT INTO recibo(idrecibo,nombredueño,nombremascota,nombretrabajador) VALUES ('888N74OCSAZRCFCFXW','Patton','Chance','Elayne');
INSERT INTO recibo(idrecibo,nombredueño,nombremascota,nombretrabajador) VALUES ('1412FR03LU06OLHEAT','Henri','Cocoa','Brett');
INSERT INTO recibo(idrecibo,nombredueño,nombremascota,nombretrabajador) VALUES ('OXAPIJU439URDZ5HNZ','Mikol','Jake','Catlee');
INSERT INTO recibo(idrecibo,nombredueño,nombremascota,nombretrabajador) VALUES ('M363HVR0C58LU1LY5O','Alyce','Maggie','Arte');
INSERT INTO recibo(idrecibo,nombredueño,nombremascota,nombretrabajador) VALUES ('XISHDJSVA7TQOI2TST','Hesther','Zoey','Lenee');
INSERT INTO recibo(idrecibo,nombredueño,nombremascota,nombretrabajador) VALUES ('OVGDC0JLVWCJ668LTM','Bailie','Luke','Verine');
INSERT INTO recibo(idrecibo,nombredueño,nombremascota,nombretrabajador) VALUES ('1OPQTPZT84ICQLXFG0','Kerk','Shadow','Joannes');
INSERT INTO recibo(idrecibo,nombredueño,nombremascota,nombretrabajador) VALUES ('M6VI5KX2RSTUS9BALM','Skye','Cooper','Dyanne');
INSERT INTO recibo(idrecibo,nombredueño,nombremascota,nombretrabajador) VALUES ('MDIS63BO2JJYWZWSPU','Christin','Scooter','Robinett');
INSERT INTO recibo(idrecibo,nombredueño,nombremascota,nombretrabajador) VALUES ('7SM0908QSP32UT8AGN','Hyacinthe','Belle','Carie');
INSERT INTO recibo(idrecibo,nombredueño,nombremascota,nombretrabajador) VALUES ('BSTB8B0AFPP53DXPIK','Wright','Baby','Marni');
INSERT INTO recibo(idrecibo,nombredueño,nombremascota,nombretrabajador) VALUES ('01SQDN5CAKRWP5G87I','Wilmette','Mimi','Ericha');
INSERT INTO recibo(idrecibo,nombredueño,nombremascota,nombretrabajador) VALUES ('GS0KB3SHG2PDUL2C40','Conchita','Rufus','Allegra');
INSERT INTO recibo(idrecibo,nombredueño,nombremascota,nombretrabajador) VALUES ('4MXFFXQ5558I1RKTYL','Kennedy','Zoey','Bryana');
INSERT INTO recibo(idrecibo,nombredueño,nombremascota,nombretrabajador) VALUES ('JK2D1CCS772AFG4V1H','Hesther','Sasha','Dyanne');
INSERT INTO recibo(idrecibo,nombredueño,nombremascota,nombretrabajador) VALUES ('C2KGWOZECBKLHJ7XWX','Kyla','Cody','Frasier');
INSERT INTO recibo(idrecibo,nombredueño,nombremascota,nombretrabajador) VALUES ('BU7EE3LFJ87NK0Y2CQ','Shurwood','Lola','Lenee');
INSERT INTO recibo(idrecibo,nombredueño,nombremascota,nombretrabajador) VALUES ('PBILJDKP6RNLFO8D2A','Chrisse','Baxter','Stavros');
INSERT INTO recibo(idrecibo,nombredueño,nombremascota,nombretrabajador) VALUES ('MZ67SK5RKZVJSSUJF0','Cornela','Sammy','Kitti');
INSERT INTO recibo(idrecibo,nombredueño,nombremascota,nombretrabajador) VALUES ('7L0EMQ8YWIPNOZ04IR','Enid','Oliver','Biddy');
INSERT INTO recibo(idrecibo,nombredueño,nombremascota,nombretrabajador) VALUES ('FNUFGYHMOY6KV9DK0S','Debor','Izzy','Giraud');
INSERT INTO recibo(idrecibo,nombredueño,nombremascota,nombretrabajador) VALUES ('7930AN0TW4Z63OA1R7','Hyacinthe','Walter','Wilburt');
INSERT INTO recibo(idrecibo,nombredueño,nombremascota,nombretrabajador) VALUES ('BVHFBRWUXOE539PUNY','Hally','Ella','Inessa');
INSERT INTO recibo(idrecibo,nombredueño,nombremascota,nombretrabajador) VALUES ('UO5NHA6ZN8TGG7DVPS','Hesther','Sasha','Verine');
INSERT INTO recibo(idrecibo,nombredueño,nombremascota,nombretrabajador) VALUES ('W22LJN9WGFABXKOCV7','Drusie','Gizmo','Tabina');
INSERT INTO recibo(idrecibo,nombredueño,nombremascota,nombretrabajador) VALUES ('5A181IJ0VYOH3LUT6D','Conchita','Rufus','Charissa');
INSERT INTO recibo(idrecibo,nombredueño,nombremascota,nombretrabajador) VALUES ('Y801BWS1ORGPG6C5FJ','Hyacinthe','Rufus','Cathy');
INSERT INTO recibo(idrecibo,nombredueño,nombremascota,nombretrabajador) VALUES ('V6NR89VLS7HK5B4HUD','Blakeley','Bonnie','Corrie');
INSERT INTO recibo(idrecibo,nombredueño,nombremascota,nombretrabajador) VALUES ('0NRE9Y0UZPD9XXYMZZ','Hildy','Chance','Correna');
INSERT INTO recibo(idrecibo,nombredueño,nombremascota,nombretrabajador) VALUES ('1CQ9Z4CD5VU7O62BG6','Iain','Joey','Ariadne');
INSERT INTO recibo(idrecibo,nombredueño,nombremascota,nombretrabajador) VALUES ('QTGCKO7GKUX734H5FM','Hally','Ella','Elisabeth');
INSERT INTO recibo(idrecibo,nombredueño,nombremascota,nombretrabajador) VALUES ('PY9770RJKL08KA5S68','Colan','Millie','Merle');
INSERT INTO recibo(idrecibo,nombredueño,nombremascota,nombretrabajador) VALUES ('FJCP3Y4520YYN5FB51','Berri','Belle','Jolyn');
INSERT INTO recibo(idrecibo,nombredueño,nombremascota,nombretrabajador) VALUES ('YFG8J9OFDPOGXQVIPJ','Marissa','Gigi','Serge');
INSERT INTO recibo(idrecibo,nombredueño,nombremascota,nombretrabajador) VALUES ('4O595SBPFVHEE2SYXI','Inna','Gus','Lynnet');
INSERT INTO recibo(idrecibo,nombredueño,nombremascota,nombretrabajador) VALUES ('GRK0BAJYZDW620CAIA','Mariann','Missy','Christie');
INSERT INTO recibo(idrecibo,nombredueño,nombremascota,nombretrabajador) VALUES ('VBK8POJL1AICRD1G0Z','Josefina','Stella','Joannes');
INSERT INTO recibo(idrecibo,nombredueño,nombremascota,nombretrabajador) VALUES ('0KVBLFO1OV1I0CT42X','Bailie','Gus','Kelbee');
INSERT INTO recibo(idrecibo,nombredueño,nombremascota,nombretrabajador) VALUES ('WU7OGU49TA2GYH8FEU','Britt','Gracie','Kania');
INSERT INTO recibo(idrecibo,nombredueño,nombremascota,nombretrabajador) VALUES ('ZPW02TLS5RH7189UYQ','Riki','Cooper','Correna');
INSERT INTO recibo(idrecibo,nombredueño,nombremascota,nombretrabajador) VALUES ('X4AIFNRY0Q7N5RBI5X','Conchita','Ella','Taber');
INSERT INTO recibo(idrecibo,nombredueño,nombremascota,nombretrabajador) VALUES ('U2YXP24LNZ6935O6WJ','Niels','Callie','Brett');
INSERT INTO recibo(idrecibo,nombredueño,nombremascota,nombretrabajador) VALUES ('XURFZ6WLOR2QM8RAK5','Celinda','Simba','Anica');
INSERT INTO recibo(idrecibo,nombredueño,nombremascota,nombretrabajador) VALUES ('486LH06SRJ63IAJ1N7','Alyce','Scooter','Hermia');
INSERT INTO recibo(idrecibo,nombredueño,nombremascota,nombretrabajador) VALUES ('6QMR827D9FRSWIQEW5','Hesther','Oliver','Raddie');
INSERT INTO recibo(idrecibo,nombredueño,nombremascota,nombretrabajador) VALUES ('CDVRWSFM75IJPNP9W5','Mariann','Nikki','Tim');
INSERT INTO recibo(idrecibo,nombredueño,nombremascota,nombretrabajador) VALUES ('X3O1ZWNGMSTNYWK0FK','Lyndsay','Sandy','Jesse');
INSERT INTO recibo(idrecibo,nombredueño,nombremascota,nombretrabajador) VALUES ('YKSTG1UT9DT59U19MM','Lynne','Emma','Emlynne');
INSERT INTO recibo(idrecibo,nombredueño,nombremascota,nombretrabajador) VALUES ('ZZS05R01ZLD2D4Y04S','Carline','Bentley','Koressa');
INSERT INTO recibo(idrecibo,nombredueño,nombremascota,nombretrabajador) VALUES ('XBTYD7X164Q2CQQVND','Twila','Sammy','Hilario');
INSERT INTO recibo(idrecibo,nombredueño,nombremascota,nombretrabajador) VALUES ('CYKRPVVADOHSZLKCHB','Iorgo','Loki','Giorgia');
INSERT INTO recibo(idrecibo,nombredueño,nombremascota,nombretrabajador) VALUES ('T8QLYE2RYZJ8K320AL','Kerwinn','Lexie','Karen');
INSERT INTO recibo(idrecibo,nombredueño,nombremascota,nombretrabajador) VALUES ('FS5OYDXZDT1SBZI4VA','Shurwood','Lola','Sholom');
INSERT INTO recibo(idrecibo,nombredueño,nombremascota,nombretrabajador) VALUES ('FH6R07JNDGD9YO6J22','Farr','Kobe','Leonie');
INSERT INTO recibo(idrecibo,nombredueño,nombremascota,nombretrabajador) VALUES ('8PX4M5PVI9QM6SH98C','Josefina','Nikki','Almeta');
INSERT INTO recibo(idrecibo,nombredueño,nombremascota,nombretrabajador) VALUES ('B98V9WCE2TD0QT6J4Y','Sheppard','Loki','Carney');
INSERT INTO recibo(idrecibo,nombredueño,nombremascota,nombretrabajador) VALUES ('LMGZ229NYSIYCM3T2R','Rory','Gigi','Gayler');
INSERT INTO recibo(idrecibo,nombredueño,nombremascota,nombretrabajador) VALUES ('UG1PE4IXCIESFKRDYM','Spike','Tyson','Jakie');
INSERT INTO recibo(idrecibo,nombredueño,nombremascota,nombretrabajador) VALUES ('19X3N4MO20A39FC4G5','Kennedy','Zoey','Thorsten');
INSERT INTO recibo(idrecibo,nombredueño,nombremascota,nombretrabajador) VALUES ('J5OLRKC5N1LMXTWLLC','Hesther','Sasha','Elayne');
INSERT INTO recibo(idrecibo,nombredueño,nombremascota,nombretrabajador) VALUES ('ET0STEI60HGVYS4WQW','Lem','Lola','Madonna');
INSERT INTO recibo(idrecibo,nombredueño,nombremascota,nombretrabajador) VALUES ('84VSP0X8M7NUAKQJE3','Jimmy','Izzy','Nydia');
INSERT INTO recibo(idrecibo,nombredueño,nombremascota,nombretrabajador) VALUES ('35YZ3YYSV3W0LJERW5','Garrik','Rufus','Jareb');
INSERT INTO recibo(idrecibo,nombredueño,nombremascota,nombretrabajador) VALUES ('5T4ZY9N9ONXSIIOFZ6','Shurwood','Lola','Giorgia');
INSERT INTO recibo(idrecibo,nombredueño,nombremascota,nombretrabajador) VALUES ('4C1HP5HG759XSOWL4I','Stepha','Oreo','Tito');
INSERT INTO recibo(idrecibo,nombredueño,nombremascota,nombretrabajador) VALUES ('TCH9ODU9AE3BLVEU91','Josefina','Nikki','Karen');
INSERT INTO recibo(idrecibo,nombredueño,nombremascota,nombretrabajador) VALUES ('TFK6G1SGCVMKA1FIMF','Hally','Sandy','Almeta');
INSERT INTO recibo(idrecibo,nombredueño,nombremascota,nombretrabajador) VALUES ('BJNMTYDAVA94O257YX','Enid','Millie','Sally');
INSERT INTO recibo(idrecibo,nombredueño,nombremascota,nombretrabajador) VALUES ('U3JPNFDP3K8JJZB7VJ','Lynne','Emma','Kitti');
INSERT INTO recibo(idrecibo,nombredueño,nombremascota,nombretrabajador) VALUES ('27KRAY1T90ADNZX8Y6','Inna','Gus','Anica');
INSERT INTO recibo(idrecibo,nombredueño,nombremascota,nombretrabajador) VALUES ('VAYJP301QDASEQADDE','Celinda','Athena','Kania');
INSERT INTO recibo(idrecibo,nombredueño,nombremascota,nombretrabajador) VALUES ('A6F197B6Z5FEHIDGU4','Lyndsay','Baxter','Leonie');
INSERT INTO recibo(idrecibo,nombredueño,nombremascota,nombretrabajador) VALUES ('I0OWSNVKJUUAVOR3ZL','Berri','Belle','Emlynne');
INSERT INTO recibo(idrecibo,nombredueño,nombremascota,nombretrabajador) VALUES ('3T03I2E1ASD41G72TR','Ninnette','Gigi','Stavros');
INSERT INTO recibo(idrecibo,nombredueño,nombremascota,nombretrabajador) VALUES ('LTGL7KY6240DIU2YVZ','Federica','Cooper','Dyanne');
INSERT INTO recibo(idrecibo,nombredueño,nombremascota,nombretrabajador) VALUES ('2Z682VXNQDJIBGW862','Rory','Sadie','Shanda');
INSERT INTO recibo(idrecibo,nombredueño,nombremascota,nombretrabajador) VALUES ('TGVHJS9BZ2Q7TQS805','Sheppard','Loki','Nanice');
INSERT INTO recibo(idrecibo,nombredueño,nombremascota,nombretrabajador) VALUES ('40PSNVAZ44F0PJOU5S','Hally','Sandy','Hermia');
INSERT INTO recibo(idrecibo,nombredueño,nombremascota,nombretrabajador) VALUES ('I1ZVRF25N9SOBE2VZS','Josefina','Stella','Jenna');
INSERT INTO recibo(idrecibo,nombredueño,nombremascota,nombretrabajador) VALUES ('SDCME9YX73OKA33FZJ','Drusie','Gizmo','Carie');
INSERT INTO recibo(idrecibo,nombredueño,nombremascota,nombretrabajador) VALUES ('JS3QMQ2DBPTCR2BB0W','Mariann','Nikki','Chan');
INSERT INTO recibo(idrecibo,nombredueño,nombremascota,nombretrabajador) VALUES ('IKUAN73NNQPMQ6QZ1I','Tonye','Oreo','Jakie');
INSERT INTO recibo(idrecibo,nombredueño,nombremascota,nombretrabajador) VALUES ('74KFKTBJ0QAC04A0DH','Hyacinthe','Belle','Carney');
INSERT INTO recibo(idrecibo,nombredueño,nombremascota,nombretrabajador) VALUES ('CJ3LON3MQQHXZ8EE2W','Aubrie','Gigi','Carlynne');
INSERT INTO recibo(idrecibo,nombredueño,nombremascota,nombretrabajador) VALUES ('SW26PEFJMJ941JQG0Q','Sheppard','Lily','Obadiah');
INSERT INTO recibo(idrecibo,nombredueño,nombremascota,nombretrabajador) VALUES ('41KB1B39VDOQY2GO8B','Conchita','Apollo','Cathy');
INSERT INTO recibo(idrecibo,nombredueño,nombremascota,nombretrabajador) VALUES ('UGJ3LK1IBBA1MKI206','Chrisse','Baxter','Serge');
INSERT INTO recibo(idrecibo,nombredueño,nombremascota,nombretrabajador) VALUES ('0ZYW7RD6SP7JH4KK6Q','Hesther','Sasha','Merle');
INSERT INTO recibo(idrecibo,nombredueño,nombremascota,nombretrabajador) VALUES ('5MEHUXX41XML5C75LZ','Shurwood','Callie','Joana');
INSERT INTO recibo(idrecibo,nombredueño,nombremascota,nombretrabajador) VALUES ('F44015TIJ3A7M21GF2','Lyndsay','Baxter','Boothe');
INSERT INTO recibo(idrecibo,nombredueño,nombremascota,nombretrabajador) VALUES ('NA42P8GXHW6EUFC851','Roderigo','Mocha','Celeste');
INSERT INTO recibo(idrecibo,nombredueño,nombremascota,nombretrabajador) VALUES ('B1Z88LW5MPB91VGTL3','Shurwood','Lola','Ariadne');
INSERT INTO recibo(idrecibo,nombredueño,nombremascota,nombretrabajador) VALUES ('BQ1FB91X2DRZ5X0E1B','Donni','Lexie','Queenie');
INSERT INTO recibo(idrecibo,nombredueño,nombremascota,nombretrabajador) VALUES ('UUIYBSTCFOHG473XWN','Michal','Lexie','Lynnet');
INSERT INTO recibo(idrecibo,nombredueño,nombremascota,nombretrabajador) VALUES ('FJUDSTPZQCNQZV9KJ5','Alyce','Maggie','Joannes');
INSERT INTO recibo(idrecibo,nombredueño,nombremascota,nombretrabajador) VALUES ('UKM9Z8CP7MBH0JFXXG','Rory','Sadie','Lenee');
INSERT INTO recibo(idrecibo,nombredueño,nombremascota,nombretrabajador) VALUES ('GK5J019NFB6QWW1VWW','Cordy','Moose','Inessa');
INSERT INTO recibo(idrecibo,nombredueño,nombremascota,nombretrabajador) VALUES ('SAJBCWUVSACXMC7ZDW','Marissa','Gigi','Marlow');
INSERT INTO recibo(idrecibo,nombredueño,nombremascota,nombretrabajador) VALUES ('7VTHOO9EZ3Q0WX9OUL','Mikol','Jake','Gayler');
INSERT INTO recibo(idrecibo,nombredueño,nombremascota,nombretrabajador) VALUES ('H9U0NDCHL5Q45HB50X','Christin','Scooter','Gillian');
INSERT INTO recibo(idrecibo,nombredueño,nombremascota,nombretrabajador) VALUES ('HSGGY257PYJ3WX93T5','Blakeley','Bonnie','Biddy');
INSERT INTO recibo(idrecibo,nombredueño,nombremascota,nombretrabajador) VALUES ('NMOKVHVT93SKZULTU4','Robbie','Izzy','Bourke');
INSERT INTO recibo(idrecibo,nombredueño,nombremascota,nombretrabajador) VALUES ('B0UEQDAVBNO3N63KY0','Barri','Benji','Correna');
INSERT INTO recibo(idrecibo,nombredueño,nombremascota,nombretrabajador) VALUES ('H9XWQO5J5762BXVKWT','Carline','Moose','Goddard');
INSERT INTO recibo(idrecibo,nombredueño,nombremascota,nombretrabajador) VALUES ('6WC2GETG4UTK4NF1T0','Celinda','Athena','Sholom');
INSERT INTO recibo(idrecibo,nombredueño,nombremascota,nombretrabajador) VALUES ('VZPFD3XSO0TF4J30SR','Gillie','Gracie','Marni');
INSERT INTO recibo(idrecibo,nombredueño,nombremascota,nombretrabajador) VALUES ('O89S53I0DY4O98Y620','Kerwinn','Gizmo','Allegra');
INSERT INTO recibo(idrecibo,nombredueño,nombremascota,nombretrabajador) VALUES ('621Y5EBJW04HL4K22W','Rory','Gigi','Robinett');
INSERT INTO recibo(idrecibo,nombredueño,nombremascota,nombretrabajador) VALUES ('5L3PUBYKNAQ3N1IGWI','Robbie','Izzy','Inessa');
INSERT INTO recibo(idrecibo,nombredueño,nombremascota,nombretrabajador) VALUES ('FD2MX0RYRWBUA5Z5JH','Chrisse','Baxter','Flory');
INSERT INTO recibo(idrecibo,nombredueño,nombremascota,nombretrabajador) VALUES ('4QNP9KZKIL2G7XK0D5','Aubrie','Gigi','Tito');
INSERT INTO recibo(idrecibo,nombredueño,nombremascota,nombretrabajador) VALUES ('NB4BMWLYOGLZNDYREH','Jarib','Dixie','Ainslee');
INSERT INTO recibo(idrecibo,nombredueño,nombremascota,nombretrabajador) VALUES ('K74IE79RYVDZXXQNOH','Bailie','Luke','Obadiah');
INSERT INTO recibo(idrecibo,nombredueño,nombremascota,nombretrabajador) VALUES ('OPBWLVN75DEHQWG4EP','Conchita','Apollo','Boothe');
INSERT INTO recibo(idrecibo,nombredueño,nombremascota,nombretrabajador) VALUES ('3VUKQW2OA9CYP0DFHZ','Twila','Sammy','Tim');
INSERT INTO recibo(idrecibo,nombredueño,nombremascota,nombretrabajador) VALUES ('364BRYTMFLI7XVIQME','Roderigo','Mocha','Biddy');
INSERT INTO recibo(idrecibo,nombredueño,nombremascota,nombretrabajador) VALUES ('LX6LS9W5WKSGAR3WOI','Hesther','Zoey','Dasie');
INSERT INTO recibo(idrecibo,nombredueño,nombremascota,nombretrabajador) VALUES ('ILJJC1ZHPIUO3XMC28','Bailie','Gus','Retha');
INSERT INTO recibo(idrecibo,nombredueño,nombremascota,nombretrabajador) VALUES ('GI1R84UVVO15WX9D0W','Major','Ella','Nanice');
INSERT INTO recibo(idrecibo,nombredueño,nombremascota,nombretrabajador) VALUES ('Q3FQ062GSVIPR4RBDV','Garrik','Rufus','Madonna');
INSERT INTO recibo(idrecibo,nombredueño,nombremascota,nombretrabajador) VALUES ('MQSOQF59X884V9BLVQ','Kerk','Ella','Bryana');
INSERT INTO recibo(idrecibo,nombredueño,nombremascota,nombretrabajador) VALUES ('0T0RMZU4QDWH00NEEN','Shurwood','Callie','Remington');
INSERT INTO recibo(idrecibo,nombredueño,nombremascota,nombretrabajador) VALUES ('Q2D2KAG270GINJDDCO','Alyce','Maggie','Hurley');
INSERT INTO recibo(idrecibo,nombredueño,nombremascota,nombretrabajador) VALUES ('KUXO9H2CCI5AUBWFLG','Celinda','Simba','Jakie');
INSERT INTO recibo(idrecibo,nombredueño,nombremascota,nombretrabajador) VALUES ('IGM14YS145KTAYKA24','Alyce','Maggie','Chan');
INSERT INTO recibo(idrecibo,nombredueño,nombremascota,nombretrabajador) VALUES ('R0JCDT9EN09C3C7MMA','Lyndsay','Baxter','Tito');
INSERT INTO recibo(idrecibo,nombredueño,nombremascota,nombretrabajador) VALUES ('1FTW1T44736TWN8RSW','Sela','Stella','Gayler');
INSERT INTO recibo(idrecibo,nombredueño,nombremascota,nombretrabajador) VALUES ('DKMOAX0HNGGX0HHLR3','Lem','Lola','Monika');
INSERT INTO recibo(idrecibo,nombredueño,nombremascota,nombretrabajador) VALUES ('37Y6Z5CW8NFQ4VZVTE','Skye','Cooper','Rab');
INSERT INTO recibo(idrecibo,nombredueño,nombremascota,nombretrabajador) VALUES ('KNXDTY3RZLC0U0GRKL','Cornela','Sammy','Kelbee');
INSERT INTO recibo(idrecibo,nombredueño,nombremascota,nombretrabajador) VALUES ('FUYPA1QCXDBVJWJSIN','Michal','Cocoa','Allegra');
INSERT INTO recibo(idrecibo,nombredueño,nombremascota,nombretrabajador) VALUES ('HB7Q1BR70KTMY1ZNMB','Hesther','Oliver','Ariadne');
INSERT INTO recibo(idrecibo,nombredueño,nombremascota,nombretrabajador) VALUES ('Z1C0DEA6MKFXQ8F6DK','Mikol','Jake','Cornie');
INSERT INTO recibo(idrecibo,nombredueño,nombremascota,nombretrabajador) VALUES ('EIL5ZTT562EAB6NNI9','Kennedy','Zoey','Merle');
INSERT INTO recibo(idrecibo,nombredueño,nombremascota,nombretrabajador) VALUES ('CY7C4C3S4XKRH1T0TM','Henri','Cocoa','Corrie');
INSERT INTO recibo(idrecibo,nombredueño,nombremascota,nombretrabajador) VALUES ('T9L5QWZJUXF5ZUAGAM','Barri','Sandy','Gillian');
INSERT INTO recibo(idrecibo,nombredueño,nombremascota,nombretrabajador) VALUES ('39135DE1REV2P0PIXP','Barri','Benji','Emmanuel');
INSERT INTO recibo(idrecibo,nombredueño,nombremascota,nombretrabajador) VALUES ('8O97HX29V5Y1F1O5AG','Iorgo','Loki','Hermia');
INSERT INTO recibo(idrecibo,nombredueño,nombremascota,nombretrabajador) VALUES ('2STU0TE826SDBS01XG','Conchita','Rufus','Correna');
INSERT INTO recibo(idrecibo,nombredueño,nombremascota,nombretrabajador) VALUES ('EHL48H70BI9W4XY72M','Hyacinthe','Walter','Jareb');
INSERT INTO recibo(idrecibo,nombredueño,nombremascota,nombretrabajador) VALUES ('KKPMF8J5TQNIY18DHF','Riki','Cooper','Tabina');
INSERT INTO recibo(idrecibo,nombredueño,nombremascota,nombretrabajador) VALUES ('ULN5L2195E2IKG6HCY','Drusie','Gizmo','Giraud');
INSERT INTO recibo(idrecibo,nombredueño,nombremascota,nombretrabajador) VALUES ('GYUGB11DBGVJIIE5XX','Loella','Lulu','Yuma');
INSERT INTO recibo(idrecibo,nombredueño,nombremascota,nombretrabajador) VALUES ('F3PNYCRR13SZW41XXR','Mariann','Nikki','Emlynne');
INSERT INTO recibo(idrecibo,nombredueño,nombremascota,nombretrabajador) VALUES ('2MZ6B01PP8H8A9GAJT','Josefina','Stella','Charissa');
INSERT INTO recibo(idrecibo,nombredueño,nombremascota,nombretrabajador) VALUES ('QCKICSY4WJDFIFQYNK','Robbie','Cody','Sholom');
INSERT INTO recibo(idrecibo,nombredueño,nombremascota,nombretrabajador) VALUES ('9EW2SWQCU2SC8FSXRR','Henri','Cocoa','Melba');
INSERT INTO recibo(idrecibo,nombredueño,nombremascota,nombretrabajador) VALUES ('L4G0GB3HZMK5OL3JT4','Niels','Callie','Kitti');
INSERT INTO recibo(idrecibo,nombredueño,nombremascota,nombretrabajador) VALUES ('KWKFKN0DCJGVODEHGA','Spike','Tyson','Queenie');
INSERT INTO recibo(idrecibo,nombredueño,nombremascota,nombretrabajador) VALUES ('0I9A22QZP52Y4PKT48','Kerwinn','Gizmo','Hilario');
INSERT INTO recibo(idrecibo,nombredueño,nombremascota,nombretrabajador) VALUES ('T8IK7EV9PIZETM7HM5','Gillie','Gracie','Arte');
INSERT INTO recibo(idrecibo,nombredueño,nombremascota,nombretrabajador) VALUES ('CXKKTKQK7XX3QOFSEI','Alyce','Ella','Taber');
INSERT INTO recibo(idrecibo,nombredueño,nombremascota,nombretrabajador) VALUES ('O14BJRWXJF510T7MU8','Colan','Millie','Jolyn');
INSERT INTO recibo(idrecibo,nombredueño,nombremascota,nombretrabajador) VALUES ('40A36I7ZM9HFREQZ7K','Cordy','Moose','Almeta');
INSERT INTO recibo(idrecibo,nombredueño,nombremascota,nombretrabajador) VALUES ('IVGHYNBH49XQCOZWLU','Enid','Millie','Jessamyn');
INSERT INTO recibo(idrecibo,nombredueño,nombremascota,nombretrabajador) VALUES ('Z0OOJ6RE7LATHJO35L','Stepha','Max','Noemi');
INSERT INTO recibo(idrecibo,nombredueño,nombremascota,nombretrabajador) VALUES ('CM5IU8WRTSZACHXPMW','Savina','Lexi','Elisabeth');
INSERT INTO recibo(idrecibo,nombredueño,nombremascota,nombretrabajador) VALUES ('5IG6H0ARE6IU2ATIXH','Inna','Gus','Marna');
INSERT INTO recibo(idrecibo,nombredueño,nombremascota,nombretrabajador) VALUES ('STGNPLUH9DZ19NWLKY','Hesther','Oliver','Marni');
INSERT INTO recibo(idrecibo,nombredueño,nombremascota,nombretrabajador) VALUES ('DLHTX7RDJ0AJBVL4B8','Enid','Oliver','Hilario');
INSERT INTO recibo(idrecibo,nombredueño,nombremascota,nombretrabajador) VALUES ('R9DOSRXKGLSTU4GAD9','Alyce','Scooter','Sven');
INSERT INTO recibo(idrecibo,nombredueño,nombremascota,nombretrabajador) VALUES ('13R8TF6HR3EW00S8TB','Spike','Tyson','Flory');
INSERT INTO recibo(idrecibo,nombredueño,nombremascota,nombretrabajador) VALUES ('BTMGCF6GQIH5H1S38L','Carline','Bentley','Carie');
INSERT INTO recibo(idrecibo,nombredueño,nombremascota,nombretrabajador) VALUES ('H55ZY75T3KT0LA4XZ4','Kerwinn','Lexie','Retha');
INSERT INTO recibo(idrecibo,nombredueño,nombremascota,nombretrabajador) VALUES ('OIGPOFP8OJM8G8BUIM','Christin','Scooter','Cathy');
INSERT INTO recibo(idrecibo,nombredueño,nombremascota,nombretrabajador) VALUES ('5AEB41K1ZX5MRH79YN','Rory','Sadie','Correna');
INSERT INTO recibo(idrecibo,nombredueño,nombremascota,nombretrabajador) VALUES ('WH0QKSBCIWFGJ97TRH','Conchita','Apollo','Jaquenetta');
INSERT INTO recibo(idrecibo,nombredueño,nombremascota,nombretrabajador) VALUES ('LZU9TUZMUD81I4EA6W','Sheppard','Lily','Goddard');
INSERT INTO recibo(idrecibo,nombredueño,nombremascota,nombretrabajador) VALUES ('2PLMI991AT4GYF8IXN','Wright','Baby','Sally');
INSERT INTO recibo(idrecibo,nombredueño,nombremascota,nombretrabajador) VALUES ('QT40SGM0MFSSSJCZ20','Sela','Stella','Lynnet');
INSERT INTO recibo(idrecibo,nombredueño,nombremascota,nombretrabajador) VALUES ('6Z6L0DGI51911A7TSD','Hyacinthe','Belle','Giraud');
INSERT INTO recibo(idrecibo,nombredueño,nombremascota,nombretrabajador) VALUES ('BEWZ81JXBMPAVYLEEV','Hyacinthe','Belle','Ainslee');
INSERT INTO recibo(idrecibo,nombredueño,nombremascota,nombretrabajador) VALUES ('UQWS3O4D8E80H0CIR8','Lyndsay','Baxter','Shanda');
INSERT INTO recibo(idrecibo,nombredueño,nombremascota,nombretrabajador) VALUES ('0DD8HTUB4XTZQ3R58X','Dian','Mimi','Bourke');
INSERT INTO recibo(idrecibo,nombredueño,nombremascota,nombretrabajador) VALUES ('ETU35LR3A38ZIEANLP','Wilmette','Mimi','Marlow');
INSERT INTO recibo(idrecibo,nombredueño,nombremascota,nombretrabajador) VALUES ('A4FT8CX9B4LAJ5RR5Y','Hesther','Sasha','Merle');
INSERT INTO recibo(idrecibo,nombredueño,nombremascota,nombretrabajador) VALUES ('MULTL0JJH1B3QLW77R','Celinda','Simba','Ulla');
INSERT INTO recibo(idrecibo,nombredueño,nombremascota,nombretrabajador) VALUES ('2CPCQFUG0HYUN3H7HN','Roderigo','Mocha','Boothe');
INSERT INTO recibo(idrecibo,nombredueño,nombremascota,nombretrabajador) VALUES ('TKIDQM5X1F6QS2BK6M','Shurwood','Joey','Corrie');
INSERT INTO recibo(idrecibo,nombredueño,nombremascota,nombretrabajador) VALUES ('UPR6LP87BDDC8TVM21','Stepha','Max','Inessa');
INSERT INTO recibo(idrecibo,nombredueño,nombremascota,nombretrabajador) VALUES ('03XERDI5SA7N3LVYHE','Niels','Callie','Joannes');
INSERT INTO recibo(idrecibo,nombredueño,nombremascota,nombretrabajador) VALUES ('7DWPTSRL7Q0HS4CQC4','Enid','Oliver','Emmanuel');
INSERT INTO recibo(idrecibo,nombredueño,nombremascota,nombretrabajador) VALUES ('NHGYB6BU6PZXMNDIB7','Robbie','Izzy','Emlynne');
INSERT INTO recibo(idrecibo,nombredueño,nombremascota,nombretrabajador) VALUES ('377F98VFWVGI35VZE9','Major','Ella','Tito');
INSERT INTO recibo(idrecibo,nombredueño,nombremascota,nombretrabajador) VALUES ('KOQSVTMMZPRO192TAC','Hesther','Zoey','Allegra');
INSERT INTO recibo(idrecibo,nombredueño,nombremascota,nombretrabajador) VALUES ('WL5630WIZ2GNKT08EZ','Henri','Cocoa','Jolyn');
INSERT INTO recibo(idrecibo,nombredueño,nombremascota,nombretrabajador) VALUES ('1ZUX0I35T6E5UHNLDW','Robbie','Izzy','Anica');
INSERT INTO recibo(idrecibo,nombredueño,nombremascota,nombretrabajador) VALUES ('EY6G5WNKIWWR9UC6XJ','Kennedy','Zoey','Raddie');
INSERT INTO recibo(idrecibo,nombredueño,nombremascota,nombretrabajador) VALUES ('VPHTRNOR1YSX2806RZ','Celinda','Simba','Gayler');
INSERT INTO recibo(idrecibo,nombredueño,nombremascota,nombretrabajador) VALUES ('DTU2E8ECM2RTKKN260','Nora','Maggie','Obadiah');
INSERT INTO recibo(idrecibo,nombredueño,nombremascota,nombretrabajador) VALUES ('KACUCZ3LD63KV8V2A1','Farr','Kobe','Ariadne');
INSERT INTO recibo(idrecibo,nombredueño,nombremascota,nombretrabajador) VALUES ('ZP3V7SVH53KTGZLDDM','Kerwinn','Gizmo','Taber');
INSERT INTO recibo(idrecibo,nombredueño,nombremascota,nombretrabajador) VALUES ('TBR7KO5AYI5DHE9P9L','Skye','Cooper','Marna');
INSERT INTO recibo(idrecibo,nombredueño,nombremascota,nombretrabajador) VALUES ('03IDE06D67J4NAHT0C','Gillie','Gracie','Koressa');
INSERT INTO recibo(idrecibo,nombredueño,nombremascota,nombretrabajador) VALUES ('8HL30RFLDAJKQO5DOK','Kerk','Ella','Biddy');
INSERT INTO recibo(idrecibo,nombredueño,nombremascota,nombretrabajador) VALUES ('ZOC3NO6WXS9TGHA6GE','Stepha','Oreo','Dasie');
INSERT INTO recibo(idrecibo,nombredueño,nombremascota,nombretrabajador) VALUES ('KRR1OBNHR3MCF0F4WD','Mariann','Missy','Arte');
INSERT INTO recibo(idrecibo,nombredueño,nombremascota,nombretrabajador) VALUES ('5W3MW7A7HS67G3EBHJ','Hally','Ella','Sholom');
INSERT INTO recibo(idrecibo,nombredueño,nombremascota,nombretrabajador) VALUES ('06ZQVN3VYJ3HOZLWLX','Inna','Gus','Karalynn');
INSERT INTO recibo(idrecibo,nombredueño,nombremascota,nombretrabajador) VALUES ('NFR5IJBJPSQA7EEIA0','Michal','Cocoa','Hermia');
INSERT INTO recibo(idrecibo,nombredueño,nombremascota,nombretrabajador) VALUES ('NPYB0MH5P0YQ9K49A3','Lynne','Oliver','Monika');
INSERT INTO recibo(idrecibo,nombredueño,nombremascota,nombretrabajador) VALUES ('1U2L0RY68O93UXGH3Q','Michal','Callie','Joana');
INSERT INTO recibo(idrecibo,nombredueño,nombremascota,nombretrabajador) VALUES ('NN7LLMLC8BMPCBFAK3','Ninnette','Gigi','Ebony');
INSERT INTO recibo(idrecibo,nombredueño,nombremascota,nombretrabajador) VALUES ('J91DF333M6PTF1OY81','Josefina','Nikki','Kania');
INSERT INTO recibo(idrecibo,nombredueño,nombremascota,nombretrabajador) VALUES ('S3I39Y2X563EG9DIXQ','Sheppard','Lily','Frasier');
INSERT INTO recibo(idrecibo,nombredueño,nombremascota,nombretrabajador) VALUES ('SCGI2YQS2ICKLI2QJC','Garrik','Rufus','Thorsten');
INSERT INTO recibo(idrecibo,nombredueño,nombremascota,nombretrabajador) VALUES ('KTM0AF3C274ZQ8LMIS','Conchita','Ella','Almeta');
INSERT INTO recibo(idrecibo,nombredueño,nombremascota,nombretrabajador) VALUES ('W9L7LOSDUXLVZ7RWAW','Mariann','Nikki','Karen');
INSERT INTO recibo(idrecibo,nombredueño,nombremascota,nombretrabajador) VALUES ('EO69WXIDDLGNT18SUX','Michal','Lexie','Lenee');
INSERT INTO recibo(idrecibo,nombredueño,nombremascota,nombretrabajador) VALUES ('PP68QTQPOJHBGM2I9J','Jimmy','Izzy','Emmanuel');
INSERT INTO recibo(idrecibo,nombredueño,nombremascota,nombretrabajador) VALUES ('06MWIELAPIMJ7HMV2F','Hally','Sandy','Gayler');
INSERT INTO recibo(idrecibo,nombredueño,nombremascota,nombretrabajador) VALUES ('Q0WJDPPITHEZVKFYNH','Chrisse','Baxter','Karen');
INSERT INTO recibo(idrecibo,nombredueño,nombremascota,nombretrabajador) VALUES ('S4CYRG6S1ZACH3RSVR','Michal','Callie','Sally');
INSERT INTO recibo(idrecibo,nombredueño,nombremascota,nombretrabajador) VALUES ('YF8Y2Q0VWHGM2TTRMB','Mikol','Jake','Cathy');
INSERT INTO recibo(idrecibo,nombredueño,nombremascota,nombretrabajador) VALUES ('XOIOZN9RGILRJT366U','Wilmette','Mimi','Lynnet');
INSERT INTO recibo(idrecibo,nombredueño,nombremascota,nombretrabajador) VALUES ('NHHSCARWYHWPEKZ2WG','Orel','Lulu','Jesse');
INSERT INTO recibo(idrecibo,nombredueño,nombremascota,nombretrabajador) VALUES ('IM9IDFKS7UNEWBRKC9','Josefina','Stella','Stavros');
INSERT INTO recibo(idrecibo,nombredueño,nombremascota,nombretrabajador) VALUES ('5FCBE4V66IDX5DQQZY','Iain','Joey','Yuma');
INSERT INTO recibo(idrecibo,nombredueño,nombremascota,nombretrabajador) VALUES ('ZW5RI3HIJILIXJMX6C','Federica','Cooper','Tito');
INSERT INTO recibo(idrecibo,nombredueño,nombremascota,nombretrabajador) VALUES ('0A78WWJFSDIJAZRRDN','Sela','Stella','Retha');
INSERT INTO recibo(idrecibo,nombredueño,nombremascota,nombretrabajador) VALUES ('PTJEOVIEVXAGYQN9M0','Ninnette','Gigi','Nanice');
INSERT INTO recibo(idrecibo,nombredueño,nombremascota,nombretrabajador) VALUES ('8F3H3A5871HL9AUA4W','Twila','Sammy','Almeta');
INSERT INTO recibo(idrecibo,nombredueño,nombremascota,nombretrabajador) VALUES ('JVBGF60YJX874724B0','Kerwinn','Lexie','Eustacia');
INSERT INTO recibo(idrecibo,nombredueño,nombremascota,nombretrabajador) VALUES ('G3RJF24MWBHDZ7NFB7','Marissa','Gigi','Dasie');
INSERT INTO recibo(idrecibo,nombredueño,nombremascota,nombretrabajador) VALUES ('DTXFXJK376388TSCLY','Celinda','Athena','Marna');
INSERT INTO recibo(idrecibo,nombredueño,nombremascota,nombretrabajador) VALUES ('RKESDQQ3WWZ70PRFK5','Carline','Moose','Dyanne');
INSERT INTO recibo(idrecibo,nombredueño,nombremascota,nombretrabajador) VALUES ('2NQXBQ2TLZJ5582XLZ','Hesther','Oliver','Haydon');
INSERT INTO recibo(idrecibo,nombredueño,nombremascota,nombretrabajador) VALUES ('6Q3XC80BFA1I8KNGU2','Colan','Millie','Brett');
INSERT INTO recibo(idrecibo,nombredueño,nombremascota,nombretrabajador) VALUES ('PB9DCPK3QWCTXMN4GF','Drusie','Gizmo','Carney');
INSERT INTO recibo(idrecibo,nombredueño,nombremascota,nombretrabajador) VALUES ('6674JU2043USL8QPQQ','Conchita','Ella','Ainslee');
INSERT INTO recibo(idrecibo,nombredueño,nombremascota,nombretrabajador) VALUES ('373VITKY7GM3UP8341','Loella','Lulu','Biddy');
INSERT INTO recibo(idrecibo,nombredueño,nombremascota,nombretrabajador) VALUES ('8A2TF17P8LYUVKEKXA','Kerk','Shadow','Jakie');
INSERT INTO recibo(idrecibo,nombredueño,nombremascota,nombretrabajador) VALUES ('0J04GEH7JNNAX9GH03','Sheppard','Loki','Giraud');
INSERT INTO recibo(idrecibo,nombredueño,nombremascota,nombretrabajador) VALUES ('DN1B11INGO0RAA2EK2','Jarib','Dixie','Flossy');
INSERT INTO recibo(idrecibo,nombredueño,nombremascota,nombretrabajador) VALUES ('DLICV27BILJH4SI257','Henri','Gracie','Robinett');
INSERT INTO recibo(idrecibo,nombredueño,nombremascota,nombretrabajador) VALUES ('VEY2CAIKL05P9WVI1G','Hyacinthe','Walter','Florette');
INSERT INTO recibo(idrecibo,nombredueño,nombremascota,nombretrabajador) VALUES ('8SBKYZYHVUZUNTAV9W','Hyacinthe','Walter','Madonna');
INSERT INTO recibo(idrecibo,nombredueño,nombremascota,nombretrabajador) VALUES ('BSGAV9S1YEYH37UU9W','Ninnette','Cooper','Allegra');
INSERT INTO recibo(idrecibo,nombredueño,nombremascota,nombretrabajador) VALUES ('E8WOHNBT20BQW0WPAJ','Tonye','Oreo','Charissa');
INSERT INTO recibo(idrecibo,nombredueño,nombremascota,nombretrabajador) VALUES ('AQARX3GZ03VX9PYF3F','Cornela','Sammy','Jessamyn');
INSERT INTO recibo(idrecibo,nombredueño,nombremascota,nombretrabajador) VALUES ('GWAC16L11H8OGO78MZ','Alyce','Scooter','Chan');
INSERT INTO recibo(idrecibo,nombredueño,nombremascota,nombretrabajador) VALUES ('LFTQ2DWUC7340ZCUNN','Gillie','Gracie','Jolyn');
INSERT INTO recibo(idrecibo,nombredueño,nombremascota,nombretrabajador) VALUES ('AMHGEFPRANGHPVUY34','Niels','Callie','Frasier');
INSERT INTO recibo(idrecibo,nombredueño,nombremascota,nombretrabajador) VALUES ('TCTV0EQIS18ZQ50OTD','Celinda','Simba','Obadiah');
INSERT INTO recibo(idrecibo,nombredueño,nombremascota,nombretrabajador) VALUES ('2DHJXV88W3FTCBP79D','Donni','Lexie','Jenna');
INSERT INTO recibo(idrecibo,nombredueño,nombremascota,nombretrabajador) VALUES ('SYG5FHZOBGP2P7M3BW','Shurwood','Joey','Hermia');
INSERT INTO recibo(idrecibo,nombredueño,nombremascota,nombretrabajador) VALUES ('0T5O4V6ZHCBZTLAXQM','Debor','Izzy','Thorsten');
INSERT INTO recibo(idrecibo,nombredueño,nombremascota,nombretrabajador) VALUES ('ES1Y3Q1BFDMHO87899','Aubrie','Gigi','Tabina');
INSERT INTO recibo(idrecibo,nombredueño,nombremascota,nombretrabajador) VALUES ('05E9QHITY6BHXMCTMB','Barri','Sandy','Karalynn');
INSERT INTO recibo(idrecibo,nombredueño,nombremascota,nombretrabajador) VALUES ('NAM3ADP9C6IM7YUL0I','Mariann','Nikki','Kitti');
INSERT INTO recibo(idrecibo,nombredueño,nombremascota,nombretrabajador) VALUES ('7GKZFZJG3AA7ABXR7R','Mariann','Nikki','Ariadne');
INSERT INTO recibo(idrecibo,nombredueño,nombremascota,nombretrabajador) VALUES ('4UW3EQSVOPV2KTKHVB','Stepha','Max','Correna');
INSERT INTO recibo(idrecibo,nombredueño,nombremascota,nombretrabajador) VALUES ('ZC6JLHK6D3ULQOO1DA','Alyce','Maggie','Boothe');
INSERT INTO recibo(idrecibo,nombredueño,nombremascota,nombretrabajador) VALUES ('FU4GYD15CDAN2X1H78','Robbie','Cody','Jaquenetta');
INSERT INTO recibo(idrecibo,nombredueño,nombremascota,nombretrabajador) VALUES ('JMAJIUTX10QYV4972L','Stepha','Oreo','Marlow');
INSERT INTO recibo(idrecibo,nombredueño,nombremascota,nombretrabajador) VALUES ('2GK2L3DSCSTXULPCHI','Lyndsay','Sandy','Ericha');
INSERT INTO recibo(idrecibo,nombredueño,nombremascota,nombretrabajador) VALUES ('M0U059XFCJU6HENH14','Michal','Lexie','Cornie');
INSERT INTO recibo(idrecibo,nombredueño,nombremascota,nombretrabajador) VALUES ('F07T8F5T55AJQPGLW3','Lyndsay','Baxter','Taber');
INSERT INTO recibo(idrecibo,nombredueño,nombremascota,nombretrabajador) VALUES ('JRXXQJD3GNZ0B67CIZ','Conchita','Apollo','Flossy');
INSERT INTO recibo(idrecibo,nombredueño,nombremascota,nombretrabajador) VALUES ('RLBF6UGU17HHGX6OVQ','Kerwinn','Gizmo','Eustacia');
INSERT INTO recibo(idrecibo,nombredueño,nombremascota,nombretrabajador) VALUES ('W4UM7P6W0M8XH939B8','Ninnette','Cooper','Jareb');
INSERT INTO recibo(idrecibo,nombredueño,nombremascota,nombretrabajador) VALUES ('435LV8ES04R14Q76GW','Enid','Millie','Marlow');
INSERT INTO recibo(idrecibo,nombredueño,nombremascota,nombretrabajador) VALUES ('KF6T3RMX1HZ3SE33OE','Iain','Callie','Christie');
INSERT INTO recibo(idrecibo,nombredueño,nombremascota,nombretrabajador) VALUES ('EJ7N9LU2NXCHEXZRSP','Dian','Mimi','Celeste');
INSERT INTO recibo(idrecibo,nombredueño,nombremascota,nombretrabajador) VALUES ('G8372ELEISBNQCR15M','Hyacinthe','Rufus','Dasie');
INSERT INTO recibo(idrecibo,nombredueño,nombremascota,nombretrabajador) VALUES ('M7J0YYLBI58TEC2LFS','Alyce','Scooter','Shanda');
INSERT INTO recibo(idrecibo,nombredueño,nombremascota,nombretrabajador) VALUES ('UREWVUAMGB0MTA43M4','Cornela','Sammy','Marni');
INSERT INTO recibo(idrecibo,nombredueño,nombremascota,nombretrabajador) VALUES ('0Y1P07V4IJ4YK3YVJ6','Carline','Bentley','Boothe');
INSERT INTO recibo(idrecibo,nombredueño,nombremascota,nombretrabajador) VALUES ('H9XCWJPYSGL0Z0LVWV','Lynne','Oliver','Taber');
INSERT INTO recibo(idrecibo,nombredueño,nombremascota,nombretrabajador) VALUES ('NMQO7LE0OEQEWUI4HL','Loella','Lulu','Kania');
INSERT INTO recibo(idrecibo,nombredueño,nombremascota,nombretrabajador) VALUES ('BZR5IZAQ43QA9NRB0W','Niels','Callie','Dyanne');
INSERT INTO recibo(idrecibo,nombredueño,nombremascota,nombretrabajador) VALUES ('CM85HZ7P4B0RAM25UN','Hesther','Zoey','Jolyn');
INSERT INTO recibo(idrecibo,nombredueño,nombremascota,nombretrabajador) VALUES ('BIJ16P1NRD7MVHNPYK','Jarib','Dixie','Cornie');
INSERT INTO recibo(idrecibo,nombredueño,nombremascota,nombretrabajador) VALUES ('19BKFEH68Q7ST9QJ5C','Jimmy','Izzy','Melba');
INSERT INTO recibo(idrecibo,nombredueño,nombremascota,nombretrabajador) VALUES ('5AHJX7MT3UEQQD7OEE','Farr','Kobe','Chan');
INSERT INTO recibo(idrecibo,nombredueño,nombremascota,nombretrabajador) VALUES ('7XDB5QQ6IMH7SBM9IO','Enid','Millie','Leonie');
INSERT INTO recibo(idrecibo,nombredueño,nombremascota,nombretrabajador) VALUES ('6ZIPINONUH5RRWQ0NU','Christin','Scooter','Carney');
INSERT INTO recibo(idrecibo,nombredueño,nombremascota,nombretrabajador) VALUES ('JSG2WYQW5MEW427EL0','Hally','Ella','Tito');
INSERT INTO recibo(idrecibo,nombredueño,nombremascota,nombretrabajador) VALUES ('7SRQVGVWT72ZJQWL5X','Kerk','Ella','Biddy');
INSERT INTO recibo(idrecibo,nombredueño,nombremascota,nombretrabajador) VALUES ('3CF41TY2OK8RKX7QCJ','Donni','Lexie','Tabina');
INSERT INTO recibo(idrecibo,nombredueño,nombremascota,nombretrabajador) VALUES ('IGV26T8QW4POEC8L5Y','Twila','Sammy','Thorsten');
INSERT INTO recibo(idrecibo,nombredueño,nombremascota,nombretrabajador) VALUES ('Z8BYA96MLYU3FQNNUK','Gillie','Gracie','Joannes');
INSERT INTO recibo(idrecibo,nombredueño,nombremascota,nombretrabajador) VALUES ('QI8YXSZFGLETLRS7O1','Tonye','Oreo','Catlee');
INSERT INTO recibo(idrecibo,nombredueño,nombremascota,nombretrabajador) VALUES ('6HHT7PASZ7AV6XG0XD','Rory','Joey','Correna');
INSERT INTO recibo(idrecibo,nombredueño,nombremascota,nombretrabajador) VALUES ('7BMYKJ60QIRFF3D9BY','Riki','Cooper','Joana');
INSERT INTO recibo(idrecibo,nombredueño,nombremascota,nombretrabajador) VALUES ('NOTRTWAZSA2K8A492P','Celinda','Simba','Merle');
INSERT INTO recibo(idrecibo,nombredueño,nombremascota,nombretrabajador) VALUES ('0MKIKTQDTZ6GBY7C85','Bailie','Luke','Lynnet');
INSERT INTO recibo(idrecibo,nombredueño,nombremascota,nombretrabajador) VALUES ('DTXURILF8T93FX75NQ','Inna','Gus','Ericha');
INSERT INTO recibo(idrecibo,nombredueño,nombremascota,nombretrabajador) VALUES ('AIKN33VYM2X5LOYEDN','Wright','Baby','Jessamyn');
INSERT INTO recibo(idrecibo,nombredueño,nombremascota,nombretrabajador) VALUES ('QSWX7U9O80RP86L863','Federica','Cooper','Inessa');
INSERT INTO recibo(idrecibo,nombredueño,nombremascota,nombretrabajador) VALUES ('3R5VUCK48J4MADXLK6','Garrik','Rufus','Giraud');
INSERT INTO recibo(idrecibo,nombredueño,nombremascota,nombretrabajador) VALUES ('6WM2I4JSGG1783H9BC','Alyce','Ella','Carlynne');
INSERT INTO recibo(idrecibo,nombredueño,nombremascota,nombretrabajador) VALUES ('FDTSU9IH7RPIYL10ZU','Lynne','Emma','Verine');
INSERT INTO recibo(idrecibo,nombredueño,nombremascota,nombretrabajador) VALUES ('JW8G15MSJIB3NLBZ5C','Skye','Cooper','Elisabeth');
INSERT INTO recibo(idrecibo,nombredueño,nombremascota,nombretrabajador) VALUES ('SCDXLKMGOTU03U54R7','Henri','Cocoa','Ariadne');
INSERT INTO recibo(idrecibo,nombredueño,nombremascota,nombretrabajador) VALUES ('BPX7SMAB4VKPMZBD3N','Orel','Lulu','Queenie');
INSERT INTO recibo(idrecibo,nombredueño,nombremascota,nombretrabajador) VALUES ('097ZSVW8UDNCF1BJ9N','Mariann','Nikki','Bourke');
INSERT INTO recibo(idrecibo,nombredueño,nombremascota,nombretrabajador) VALUES ('0THWP8W2WZTCV7ZV7S','Lem','Lola','Brett');
INSERT INTO recibo(idrecibo,nombredueño,nombremascota,nombretrabajador) VALUES ('G7H90ES5HHSMP8GF92','Sheppard','Lily','Cathy');
INSERT INTO recibo(idrecibo,nombredueño,nombremascota,nombretrabajador) VALUES ('PPVHJBTJYGWO2NT50T','Nora','Maggie','Lenee');
INSERT INTO recibo(idrecibo,nombredueño,nombremascota,nombretrabajador) VALUES ('SYZKQOXUBNS6Z5ODRA','Shurwood','Callie','Frasier');
INSERT INTO recibo(idrecibo,nombredueño,nombremascota,nombretrabajador) VALUES ('SXIYVIFYH2UQEFCSL1','Iorgo','Loki','Gillian');
INSERT INTO recibo(idrecibo,nombredueño,nombremascota,nombretrabajador) VALUES ('MIE0B02J7365GXFRHY','Rory','Gigi','Nanice');
INSERT INTO recibo(idrecibo,nombredueño,nombremascota,nombretrabajador) VALUES ('EN6PG1MD19CGJOIEGS','Hally','Ella','Haydon');
INSERT INTO recibo(idrecibo,nombredueño,nombremascota,nombretrabajador) VALUES ('UB5N81DAV6UI6IGLX0','Rory','Gigi','Emmanuel');
INSERT INTO recibo(idrecibo,nombredueño,nombremascota,nombretrabajador) VALUES ('QEZUONYBQBUY1AEEY2','Celinda','Athena','Corrie');
INSERT INTO recibo(idrecibo,nombredueño,nombremascota,nombretrabajador) VALUES ('7XWJHB4BFEQZQVZHYR','Iain','Joey','Hurley');
INSERT INTO recibo(idrecibo,nombredueño,nombremascota,nombretrabajador) VALUES ('PBRPG7LQD854MAV728','Colan','Millie','Ulla');
-- 	}}}


--- Servicios 	{{{
INSERT INTO servicios(idrecibo,servicios) VALUES ('CSG8C5UURYEDUU6WWX','Consulta');
INSERT INTO servicios(idrecibo,servicios) VALUES ('6WFJ5M1BS3D30PMCRT','Consulta');
INSERT INTO servicios(idrecibo,servicios) VALUES ('QUSJEB95MVZDKSEHC6','Venta de productos');
INSERT INTO servicios(idrecibo,servicios) VALUES ('GTKO6ACKDS5TCZTNO9','Estetica');
INSERT INTO servicios(idrecibo,servicios) VALUES ('J3CSES07NGQB9KU6NY','Estetica');
INSERT INTO servicios(idrecibo,servicios) VALUES ('W24R36ALFYXDX2P1G5','Estetica');
INSERT INTO servicios(idrecibo,servicios) VALUES ('2ZH81MEVNV2E4O6Z08','Consulta de emergencia');
INSERT INTO servicios(idrecibo,servicios) VALUES ('EI475N1VQ96FFG5GWW','Estetica');
INSERT INTO servicios(idrecibo,servicios) VALUES ('BFW9BN08URZUTMNW5G','Consulta');
INSERT INTO servicios(idrecibo,servicios) VALUES ('7P95SC3N9ADGAK2Q89','Venta de productos');
INSERT INTO servicios(idrecibo,servicios) VALUES ('T40RCFRUTFFNXRBR71','Consulta');
INSERT INTO servicios(idrecibo,servicios) VALUES ('HW51AK9P3GDOAF2IPE','Venta de productos');
INSERT INTO servicios(idrecibo,servicios) VALUES ('GK0F3TPNRBJJEGA03H','Consulta de emergencia');
INSERT INTO servicios(idrecibo,servicios) VALUES ('4IVYA130CX97F1X45U','Venta de productos');
INSERT INTO servicios(idrecibo,servicios) VALUES ('MPKSKLFNW57TOOE2LY','Venta de productos');
INSERT INTO servicios(idrecibo,servicios) VALUES ('ZA0T2BPOKNHA7W1VFL','Venta de productos');
INSERT INTO servicios(idrecibo,servicios) VALUES ('QR9WDTOGVRKYQNVBJW','Estetica');
INSERT INTO servicios(idrecibo,servicios) VALUES ('J9NFH9ZWWGFS1W71V9','Venta de productos');
INSERT INTO servicios(idrecibo,servicios) VALUES ('CT0WXXET3SNNMQS5YQ','Venta de productos');
INSERT INTO servicios(idrecibo,servicios) VALUES ('WDETZ4SA2RRKOMLK8U','Consulta');
INSERT INTO servicios(idrecibo,servicios) VALUES ('550XE3XBI55DJK1J2Y','Estetica');
INSERT INTO servicios(idrecibo,servicios) VALUES ('DZV6SX48TG6SRRNXZG','Estetica');
INSERT INTO servicios(idrecibo,servicios) VALUES ('3CYVIPFFN7GXXZDQA6','Venta de productos');
INSERT INTO servicios(idrecibo,servicios) VALUES ('9MQDZH0VB1RNHSGALZ','Consulta');
INSERT INTO servicios(idrecibo,servicios) VALUES ('6N4F1VPGOKLQKTMPYQ','Estetica');
INSERT INTO servicios(idrecibo,servicios) VALUES ('UG3PEA4RIFRRXZZ060','Consulta de emergencia');
INSERT INTO servicios(idrecibo,servicios) VALUES ('J4U6KPGD85UEC5EWY0','Estetica');
INSERT INTO servicios(idrecibo,servicios) VALUES ('WB5BB6QW52CBJRMIFZ','Estetica');
INSERT INTO servicios(idrecibo,servicios) VALUES ('XWUH0NMJ8MCRSBVR7C','Estetica');
INSERT INTO servicios(idrecibo,servicios) VALUES ('XM0S4DEZBWC2S81G13','Venta de productos');
INSERT INTO servicios(idrecibo,servicios) VALUES ('YQ7Y40CE39ER45FIXI','Consulta de emergencia');
INSERT INTO servicios(idrecibo,servicios) VALUES ('5OD7QJ8GTUQKA67E3W','Venta de productos');
INSERT INTO servicios(idrecibo,servicios) VALUES ('7F4WTP8IVVVNVMD66R','Consulta de emergencia');
INSERT INTO servicios(idrecibo,servicios) VALUES ('Z2L1AA44NMKV96SRWJ','Estetica');
INSERT INTO servicios(idrecibo,servicios) VALUES ('K0AZQE5C1PZDL0ZUFC','Estetica');
INSERT INTO servicios(idrecibo,servicios) VALUES ('6YUXGX8Q8112A1MFV9','Consulta');
INSERT INTO servicios(idrecibo,servicios) VALUES ('7BIZH2I222LGLT1014','Venta de productos');
INSERT INTO servicios(idrecibo,servicios) VALUES ('BF2HDO1EN8CHYI7SO1','Estetica');
INSERT INTO servicios(idrecibo,servicios) VALUES ('8FVIZJH3UH63OQC2PY','Estetica');
INSERT INTO servicios(idrecibo,servicios) VALUES ('RH4XHPO2EENSG17BLQ','Consulta');
INSERT INTO servicios(idrecibo,servicios) VALUES ('DWUO6DMNHB3L2M7CZP','Consulta');
INSERT INTO servicios(idrecibo,servicios) VALUES ('QPM0M4CGVAX6X2U5YM','Consulta de emergencia');
INSERT INTO servicios(idrecibo,servicios) VALUES ('9KAUTIZIDO7IQ4XY9R','Consulta de emergencia');
INSERT INTO servicios(idrecibo,servicios) VALUES ('IM18J1979MVJJGEDO5','Consulta de emergencia');
INSERT INTO servicios(idrecibo,servicios) VALUES ('GDO43G4F2ZPHJZTS51','Venta de productos');
INSERT INTO servicios(idrecibo,servicios) VALUES ('SKRXP7HUOP3A1WRQE3','Estetica');
INSERT INTO servicios(idrecibo,servicios) VALUES ('FVRQW7IH97M1MXCR7C','Consulta');
INSERT INTO servicios(idrecibo,servicios) VALUES ('LVWGMF1B7D2I3I3O38','Consulta');
INSERT INTO servicios(idrecibo,servicios) VALUES ('71Z4OINJGPNB7DBHT8','Consulta');
INSERT INTO servicios(idrecibo,servicios) VALUES ('7092OW47LW1QZGB84O','Consulta de emergencia');
INSERT INTO servicios(idrecibo,servicios) VALUES ('K6ZSXVAJQFWD894IFA','Estetica');
INSERT INTO servicios(idrecibo,servicios) VALUES ('GJYSWU4IF67483M5V3','Venta de productos');
INSERT INTO servicios(idrecibo,servicios) VALUES ('MS9SJOQDSZ5W1EN8Z7','Venta de productos');
INSERT INTO servicios(idrecibo,servicios) VALUES ('4EQAVOVN6AO5SO54LR','Consulta');
INSERT INTO servicios(idrecibo,servicios) VALUES ('Z7LPFMXC0MBEE98EWS','Estetica');
INSERT INTO servicios(idrecibo,servicios) VALUES ('LA0ESRAWD8OG33Y4KT','Estetica');
INSERT INTO servicios(idrecibo,servicios) VALUES ('451JVUDUXVLUO6TIK5','Consulta de emergencia');
INSERT INTO servicios(idrecibo,servicios) VALUES ('IFHTUI3I3RIN4889PZ','Consulta');
INSERT INTO servicios(idrecibo,servicios) VALUES ('AJ29ZZHZLJLK1YJLD8','Consulta de emergencia');
INSERT INTO servicios(idrecibo,servicios) VALUES ('0IJTO96I0SL6VSZI0V','Venta de productos');
INSERT INTO servicios(idrecibo,servicios) VALUES ('823D4SKYQIF4OBEHMY','Venta de productos');
INSERT INTO servicios(idrecibo,servicios) VALUES ('Z7PRNQQ0QR8LO7ZNM4','Consulta de emergencia');
INSERT INTO servicios(idrecibo,servicios) VALUES ('ARGMTS00VY24HBE064','Consulta de emergencia');
INSERT INTO servicios(idrecibo,servicios) VALUES ('RW83VX4KYRI87GH69X','Consulta de emergencia');
INSERT INTO servicios(idrecibo,servicios) VALUES ('CHLB77IHU9HSG9DBL0','Estetica');
INSERT INTO servicios(idrecibo,servicios) VALUES ('WQXNIHRKGPOM8JU7OV','Estetica');
INSERT INTO servicios(idrecibo,servicios) VALUES ('EEROUIDD87LQD8V9LU','Consulta');
INSERT INTO servicios(idrecibo,servicios) VALUES ('FQIBMXPU7WT2TU8HL5','Consulta');
INSERT INTO servicios(idrecibo,servicios) VALUES ('05URY116LCQQHQ3ONM','Consulta de emergencia');
INSERT INTO servicios(idrecibo,servicios) VALUES ('CO1ZNV9D6JWU99DQWM','Consulta');
INSERT INTO servicios(idrecibo,servicios) VALUES ('FJQ35XGUNMKA8M27YN','Consulta de emergencia');
INSERT INTO servicios(idrecibo,servicios) VALUES ('4Q75VYNPU70WWPDH2N','Venta de productos');
INSERT INTO servicios(idrecibo,servicios) VALUES ('HS3UHG8ODC5KD3T6CA','Estetica');
INSERT INTO servicios(idrecibo,servicios) VALUES ('PD4YN19RLEKW4YP32G','Consulta');
INSERT INTO servicios(idrecibo,servicios) VALUES ('VMOBW7UU6A18HTWYOO','Venta de productos');
INSERT INTO servicios(idrecibo,servicios) VALUES ('NZNZFRI7UZWOJMFAH5','Estetica');
INSERT INTO servicios(idrecibo,servicios) VALUES ('F4Z59DSX9FVQ7SM7VC','Venta de productos');
INSERT INTO servicios(idrecibo,servicios) VALUES ('XZUJYKF9T5DS93RRRD','Consulta de emergencia');
INSERT INTO servicios(idrecibo,servicios) VALUES ('3W80JI8520U3XEIWHM','Venta de productos');
INSERT INTO servicios(idrecibo,servicios) VALUES ('TPIN72CSSZJY8AKVD6','Consulta de emergencia');
INSERT INTO servicios(idrecibo,servicios) VALUES ('BU2R34RRKXLSZI0H50','Venta de productos');
INSERT INTO servicios(idrecibo,servicios) VALUES ('MT3X08ZCZKH6CMMCQ3','Venta de productos');
INSERT INTO servicios(idrecibo,servicios) VALUES ('6XWBFGVNBVG0Q563W4','Estetica');
INSERT INTO servicios(idrecibo,servicios) VALUES ('8YOZRMG5C50DK6PYF8','Consulta');
INSERT INTO servicios(idrecibo,servicios) VALUES ('N2WQZTCENKDTMYRCA1','Consulta');
INSERT INTO servicios(idrecibo,servicios) VALUES ('NJ2SBI3ZSNIAMD3JHD','Venta de productos');
INSERT INTO servicios(idrecibo,servicios) VALUES ('NBGJB2EEJG8DZCOJFY','Consulta de emergencia');
INSERT INTO servicios(idrecibo,servicios) VALUES ('UDPEAA3UY232A3GVES','Estetica');
INSERT INTO servicios(idrecibo,servicios) VALUES ('2ZGEC79YKGWXG2HLFH','Estetica');
INSERT INTO servicios(idrecibo,servicios) VALUES ('M87MPW39NILUPAIBW9','Consulta de emergencia');
INSERT INTO servicios(idrecibo,servicios) VALUES ('L589UEGANF4KDBTM6Q','Estetica');
INSERT INTO servicios(idrecibo,servicios) VALUES ('MCJ3ZRARCZ87L6PBIF','Estetica');
INSERT INTO servicios(idrecibo,servicios) VALUES ('VHB0ULPXVNHFGVKRS7','Estetica');
INSERT INTO servicios(idrecibo,servicios) VALUES ('2SF5NS47SBDK0R4IF4','Consulta de emergencia');
INSERT INTO servicios(idrecibo,servicios) VALUES ('J28FA2M4S9EDANAHC5','Venta de productos');
INSERT INTO servicios(idrecibo,servicios) VALUES ('W9ISMZT80JCGGCDG4K','Venta de productos');
INSERT INTO servicios(idrecibo,servicios) VALUES ('02ER7GGOW3OBW0ZJYK','Consulta');
INSERT INTO servicios(idrecibo,servicios) VALUES ('BANS707FXCP0NIOJM7','Consulta de emergencia');
INSERT INTO servicios(idrecibo,servicios) VALUES ('1U9B3CFHVYH91FPASL','Venta de productos');
INSERT INTO servicios(idrecibo,servicios) VALUES ('AP7ZCMY2I79TRJKT5I','Estetica');
-- 	}}}


--- RequerirEmergencia 	{{{
INSERT INTO requerirEmergencia(idconsulta,idmascota) VALUES ('6YG6YP1DJTC7WRADJX','CLEM4H1ZN7VYNF7M0G');
INSERT INTO requerirEmergencia(idconsulta,idmascota) VALUES ('QZ5QAIW8ALZM1XCVOY','WM2M2EKSQA05Z3MRQ6');
INSERT INTO requerirEmergencia(idconsulta,idmascota) VALUES ('TKXGPMPV9EF63AIHB0','0Q3KXX7QMJ3FS43EW7');
INSERT INTO requerirEmergencia(idconsulta,idmascota) VALUES ('1MVMOTJM77JLPJ110U','TWJA8MPJUDG2XKQ9DW');
INSERT INTO requerirEmergencia(idconsulta,idmascota) VALUES ('OXBOCYKJ7GISQ3U14D','GHN8TAW0MT1QLVNQ6D');
INSERT INTO requerirEmergencia(idconsulta,idmascota) VALUES ('RNB5ME9L76LRRPQZMS','PBJMQ3Q42OB0XI9TQ9');
INSERT INTO requerirEmergencia(idconsulta,idmascota) VALUES ('OTIAGF07EI4DRT8VSY','1DHL4691Y3J74QHL55');
INSERT INTO requerirEmergencia(idconsulta,idmascota) VALUES ('XCI06HHQGECF2SF8MS','ORF0XRHJI9D7H4DV20');
INSERT INTO requerirEmergencia(idconsulta,idmascota) VALUES ('9C76MCM624DVOKSJ55','GHN8TAW0MT1QLVNQ6D');
INSERT INTO requerirEmergencia(idconsulta,idmascota) VALUES ('DTSFDLP4GD9VNDSOC0','TWJA8MPJUDG2XKQ9DW');
INSERT INTO requerirEmergencia(idconsulta,idmascota) VALUES ('2NOLYTUR0GGKGCEWGF','KI9DCAX8UBHKGSUWE7');
INSERT INTO requerirEmergencia(idconsulta,idmascota) VALUES ('USTKDEMRR3OI12A37M','A6ZP357GDQ6XYPQGR1');
INSERT INTO requerirEmergencia(idconsulta,idmascota) VALUES ('RA6H51GTQ2TUBO56ZA','M813FZIX3FVNLTYA0B');
INSERT INTO requerirEmergencia(idconsulta,idmascota) VALUES ('XUPNIWR5D6O40W1JBV','ACI1UZCQ7643NFPEDA');
INSERT INTO requerirEmergencia(idconsulta,idmascota) VALUES ('PIJON5SVGJ6KB5PHMF','Q6V6HOUYNYMHZNLB0H');
INSERT INTO requerirEmergencia(idconsulta,idmascota) VALUES ('FA6AXNQNCH9H6O6JN9','DZQAWLNXBDLHFRPI08');
INSERT INTO requerirEmergencia(idconsulta,idmascota) VALUES ('REWO5KS3QQA22LA3X5','SG98ESKS9AU4RPK6ZT');
INSERT INTO requerirEmergencia(idconsulta,idmascota) VALUES ('YBN4SDE3FBFOV298JZ','WM2M2EKSQA05Z3MRQ6');
INSERT INTO requerirEmergencia(idconsulta,idmascota) VALUES ('ISO39WOGMATGUE6S45','BKXEZTODHJQSOI7MOR');
INSERT INTO requerirEmergencia(idconsulta,idmascota) VALUES ('Q829E7DO6PBT1DWBVN','1DHL4691Y3J74QHL55');
INSERT INTO requerirEmergencia(idconsulta,idmascota) VALUES ('KZZ7OPQI0Q80J9U83R','Q9W1UWXCJ2V8NZIPWV');
INSERT INTO requerirEmergencia(idconsulta,idmascota) VALUES ('NNZ96UDU4L1UWZM08N','ZAIQUHOGPVE2OO23ZY');
INSERT INTO requerirEmergencia(idconsulta,idmascota) VALUES ('ZPYIAU93M01S9YCKZM','L4C11F48IHYEFQ4AWL');
INSERT INTO requerirEmergencia(idconsulta,idmascota) VALUES ('ZTCQQF4860UTPMB11M','4NV71O1MG5SOUP996E');
INSERT INTO requerirEmergencia(idconsulta,idmascota) VALUES ('1JT5OL2G5Q920Z11Z3','8DYG0SGRVWVWUFJ2ZH');
INSERT INTO requerirEmergencia(idconsulta,idmascota) VALUES ('X6FAVCZFT6IQQ7NFXC','GDYC5V0QCIM10N93NA');
INSERT INTO requerirEmergencia(idconsulta,idmascota) VALUES ('YVNTHB5ND9M1DIAEUL','HNPVR2BFZENXR4SZJH');
INSERT INTO requerirEmergencia(idconsulta,idmascota) VALUES ('7QBKFTJ86N1YGFNBGG','3MIGFNES8ZU3V4HD8A');
INSERT INTO requerirEmergencia(idconsulta,idmascota) VALUES ('6JQVURK4MF9VF6R2BY','6G88SU4REJFIZTFJLO');
INSERT INTO requerirEmergencia(idconsulta,idmascota) VALUES ('JLKMCANNVB88RFXTI6','T47WC33QVLI507NV7Y');
INSERT INTO requerirEmergencia(idconsulta,idmascota) VALUES ('UTY4FT1C7PEQMBDU49','FFFAAXMCU5LXM5E9JA');
INSERT INTO requerirEmergencia(idconsulta,idmascota) VALUES ('6VMU3X8KX7S93FWR2S','6TIS0GLP6HEVTPD0ZP');
INSERT INTO requerirEmergencia(idconsulta,idmascota) VALUES ('AZ7HC7NKDDDCN6A9H6','T7DMEAJQXN3MF2KZ1H');
INSERT INTO requerirEmergencia(idconsulta,idmascota) VALUES ('5KRVZKLTYFWCY3EKVA','Q4YZQD3ZB0RN96SOHL');
INSERT INTO requerirEmergencia(idconsulta,idmascota) VALUES ('T0FBN78ULY6QD3ZFJY','JQJ559C1GMFRR95CIR');
INSERT INTO requerirEmergencia(idconsulta,idmascota) VALUES ('T9YPY68LWSZE99XAP9','A442TU49PX2E8C560Q');
INSERT INTO requerirEmergencia(idconsulta,idmascota) VALUES ('1MXMQQQIB1JG5379QP','X17PBDYKFK8WRPQN5Q');
INSERT INTO requerirEmergencia(idconsulta,idmascota) VALUES ('3K738L3DV8G8DJ8P1X','WEPMGPUSPIVWIWJMEY');
INSERT INTO requerirEmergencia(idconsulta,idmascota) VALUES ('8WU7GWFBGKSENE95YB','ZAIQUHOGPVE2OO23ZY');
INSERT INTO requerirEmergencia(idconsulta,idmascota) VALUES ('5Z7KE473NNH7BIAVCM','XV8BFD4QFT6PNIHOKY');
INSERT INTO requerirEmergencia(idconsulta,idmascota) VALUES ('EVB8F2LC80SB421RUL','JZB1MA7CUK7087004Y');
INSERT INTO requerirEmergencia(idconsulta,idmascota) VALUES ('NHDPVO2W26QL21HUII','Z0UTF5NYQT5SZNED71');
INSERT INTO requerirEmergencia(idconsulta,idmascota) VALUES ('60K0LA4ZR41W56081Y','WM2M2EKSQA05Z3MRQ6');
INSERT INTO requerirEmergencia(idconsulta,idmascota) VALUES ('96ADL67MTUG81YB6F6','L5OFISGWFRPRP9SQDG');
INSERT INTO requerirEmergencia(idconsulta,idmascota) VALUES ('UNJ248ONCSSHYQ3FP1','NEQN7EH798WWLYRL6M');
INSERT INTO requerirEmergencia(idconsulta,idmascota) VALUES ('2J37AQDWK50CR0EKBE','UXDLCJYNVXR6EOH5QZ');
INSERT INTO requerirEmergencia(idconsulta,idmascota) VALUES ('INWE82R82K1EK837Q4','ITM6EDXX6XQO7LHIX7');
INSERT INTO requerirEmergencia(idconsulta,idmascota) VALUES ('46WIFY9MHCDE6H3KA9','S9IGKHQIC56EFTFSJ5');
INSERT INTO requerirEmergencia(idconsulta,idmascota) VALUES ('1XTE84V3Z018D3POLW','WM2M2EKSQA05Z3MRQ6');
INSERT INTO requerirEmergencia(idconsulta,idmascota) VALUES ('04HKA1C5DBXDC29PEC','PBJMQ3Q42OB0XI9TQ9');
INSERT INTO requerirEmergencia(idconsulta,idmascota) VALUES ('JMGASGDYMNGA7AQ4T8','9KRRMPZKC1QRPWTLVC');
INSERT INTO requerirEmergencia(idconsulta,idmascota) VALUES ('5AO32QV8TSRGSJKWE5','X17PBDYKFK8WRPQN5Q');
INSERT INTO requerirEmergencia(idconsulta,idmascota) VALUES ('6UHK7641776KUF76HL','YAPH0OBGTACQJRJ4B0');
INSERT INTO requerirEmergencia(idconsulta,idmascota) VALUES ('M8JU1F0WRIFN3ZUPCI','0B5DX8TR3P6M20W1HN');
INSERT INTO requerirEmergencia(idconsulta,idmascota) VALUES ('Q5BCYLM7H6LTSRTM3N','J0AFUE47B9NMVJ7UWE');
INSERT INTO requerirEmergencia(idconsulta,idmascota) VALUES ('R803UQ9DM9GSRSCUCU','GYS1S9BB7GK07II0SO');
INSERT INTO requerirEmergencia(idconsulta,idmascota) VALUES ('3M93YLEZW6WCTPS6LF','N6VYDD1OM7T881AA90');
INSERT INTO requerirEmergencia(idconsulta,idmascota) VALUES ('ZYBGJFPDXIB8SBO4ER','L5OFISGWFRPRP9SQDG');
INSERT INTO requerirEmergencia(idconsulta,idmascota) VALUES ('C8GBPXGCXQ2L9EPTM2','AZL6VURTRPAPXR3DLD');
INSERT INTO requerirEmergencia(idconsulta,idmascota) VALUES ('W6551M2YX03CXS1AF4','ACI1UZCQ7643NFPEDA');
INSERT INTO requerirEmergencia(idconsulta,idmascota) VALUES ('5MBS1XUH2VY9SS2XQM','L4C11F48IHYEFQ4AWL');
INSERT INTO requerirEmergencia(idconsulta,idmascota) VALUES ('VXKM1JKFYFMPMY3UU3','GDYC5V0QCIM10N93NA');
INSERT INTO requerirEmergencia(idconsulta,idmascota) VALUES ('I7BS76EQTYLHF855WO','HNPVR2BFZENXR4SZJH');
INSERT INTO requerirEmergencia(idconsulta,idmascota) VALUES ('4RTIZCNS64YW9M277R','FWGEQP78CB1ZQSDNEE');
INSERT INTO requerirEmergencia(idconsulta,idmascota) VALUES ('I0FUMEF1OV12MUIQJU','Q9W1UWXCJ2V8NZIPWV');
INSERT INTO requerirEmergencia(idconsulta,idmascota) VALUES ('6S0HANXU0FFXYZGRIS','GHN8TAW0MT1QLVNQ6D');
INSERT INTO requerirEmergencia(idconsulta,idmascota) VALUES ('WLA8JO9SNBD4XAJIFU','FJGI5FFK331GCZXTP7');
INSERT INTO requerirEmergencia(idconsulta,idmascota) VALUES ('YI1889KTR9UQ2GHTNR','A442TU49PX2E8C560Q');
INSERT INTO requerirEmergencia(idconsulta,idmascota) VALUES ('RRZ7051CQPSJSJKLPG','QBI9T68B7MN5K1DBTY');
INSERT INTO requerirEmergencia(idconsulta,idmascota) VALUES ('A3JATT2LBT976YJN4S','F1AEH7BJCX4PWP564J');
INSERT INTO requerirEmergencia(idconsulta,idmascota) VALUES ('EY8LHHHJ4ZYZDWY61Y','FJGI5FFK331GCZXTP7');
INSERT INTO requerirEmergencia(idconsulta,idmascota) VALUES ('PIQPQ3PCT67JIL9H21','GDYC5V0QCIM10N93NA');
INSERT INTO requerirEmergencia(idconsulta,idmascota) VALUES ('WQLWRCEJ4VG1YE2P5J','FFFAAXMCU5LXM5E9JA');
INSERT INTO requerirEmergencia(idconsulta,idmascota) VALUES ('AVQ7X9AOZSOGVEW028','L0LNS4A8T8UG2BUSWW');
INSERT INTO requerirEmergencia(idconsulta,idmascota) VALUES ('AFL0MEITSV9EKHK129','GNT2XB8RSVYOP76035');
INSERT INTO requerirEmergencia(idconsulta,idmascota) VALUES ('ZY5ZYZQ7ZAUHFWQPRC','NEQN7EH798WWLYRL6M');
INSERT INTO requerirEmergencia(idconsulta,idmascota) VALUES ('V66XOZ3F73H00CQ6L5','GNT2XB8RSVYOP76035');
INSERT INTO requerirEmergencia(idconsulta,idmascota) VALUES ('AA80TGN9H6QUNB4VLB','DZQAWLNXBDLHFRPI08');
INSERT INTO requerirEmergencia(idconsulta,idmascota) VALUES ('HB7S9AM19Y50WQV41P','S09NH3PRMP313QA7SN');
INSERT INTO requerirEmergencia(idconsulta,idmascota) VALUES ('GVCOPQBMBM22V08SQV','F1AEH7BJCX4PWP564J');
INSERT INTO requerirEmergencia(idconsulta,idmascota) VALUES ('DQXR0Z7BK0LBWR6TYT','QBI9T68B7MN5K1DBTY');
INSERT INTO requerirEmergencia(idconsulta,idmascota) VALUES ('6E94GVPAF6LRW13YJO','S9IGKHQIC56EFTFSJ5');
INSERT INTO requerirEmergencia(idconsulta,idmascota) VALUES ('FMQYCJATWW30JVWVE8','7EH8WK2PUGPSTNWLN9');
INSERT INTO requerirEmergencia(idconsulta,idmascota) VALUES ('YV7RL991CD7HK0IMV0','HNPVR2BFZENXR4SZJH');
INSERT INTO requerirEmergencia(idconsulta,idmascota) VALUES ('ZPUXD76EKIETH7CJ1N','3MIGFNES8ZU3V4HD8A');
INSERT INTO requerirEmergencia(idconsulta,idmascota) VALUES ('X7ZCMJSCV8493R0FFS','SE9ASBAD6OQVC30G6D');
INSERT INTO requerirEmergencia(idconsulta,idmascota) VALUES ('MNH6GONXMC0Z9MJ6PF','BWFMEGIH4Q3UHNOO61');
INSERT INTO requerirEmergencia(idconsulta,idmascota) VALUES ('LVTYW73CXDY5AAZ9GH','QBI9T68B7MN5K1DBTY');
INSERT INTO requerirEmergencia(idconsulta,idmascota) VALUES ('T9FQSSYNKKKUNEF2JE','UWPHCUPDS71RQ7JPCJ');
INSERT INTO requerirEmergencia(idconsulta,idmascota) VALUES ('MNGG1P42VPH7GJ5R2O','T57MNMKE3CUVABR5W0');
INSERT INTO requerirEmergencia(idconsulta,idmascota) VALUES ('N7BYV5P7V85Q6NNHQN','KGCR5WB5OCA9KMSOS0');
INSERT INTO requerirEmergencia(idconsulta,idmascota) VALUES ('87CMR1E198GUKS7G6P','PBJMQ3Q42OB0XI9TQ9');
INSERT INTO requerirEmergencia(idconsulta,idmascota) VALUES ('OAEYT5JXAXA4N1BUXD','S9IGKHQIC56EFTFSJ5');
INSERT INTO requerirEmergencia(idconsulta,idmascota) VALUES ('IYFPHWI0GDL32P6CCB','8DYG0SGRVWVWUFJ2ZH');
INSERT INTO requerirEmergencia(idconsulta,idmascota) VALUES ('SA7KN116LF206PXIWJ','1DHL4691Y3J74QHL55');
INSERT INTO requerirEmergencia(idconsulta,idmascota) VALUES ('HKXTRR5QA3L43TPSYT','NEQN7EH798WWLYRL6M');
INSERT INTO requerirEmergencia(idconsulta,idmascota) VALUES ('Z4MQPI4AGN83IMZ9L3','ITM6EDXX6XQO7LHIX7');
INSERT INTO requerirEmergencia(idconsulta,idmascota) VALUES ('JFLFM4HRANVU2WVLJA','F7VAHFJD9HNSEUN73T');
INSERT INTO requerirEmergencia(idconsulta,idmascota) VALUES ('G5L6TG1TDD7PCNBM5Z','JQJ559C1GMFRR95CIR');
INSERT INTO requerirEmergencia(idconsulta,idmascota) VALUES ('3ZQSEBR6UMOCYTQNKR','FJGI5FFK331GCZXTP7');
-- 	}}}


--- RequerirNormal 	{{{
INSERT INTO requerirNormal(idconsulta,idmascota) VALUES ('LVW1ILCYI9N9VOEJX0','BKXEZTODHJQSOI7MOR');
INSERT INTO requerirNormal(idconsulta,idmascota) VALUES ('V90B0N9JY7J1NKD38A','L4C11F48IHYEFQ4AWL');
INSERT INTO requerirNormal(idconsulta,idmascota) VALUES ('P08O3NUP8LU5B3AW51','Q2Y1A7ED3QNPGV1CVP');
INSERT INTO requerirNormal(idconsulta,idmascota) VALUES ('SIOZFWZEWAXEWUP5NS','F1AEH7BJCX4PWP564J');
INSERT INTO requerirNormal(idconsulta,idmascota) VALUES ('ZK5NE03L3365GMVIA6','M813FZIX3FVNLTYA0B');
INSERT INTO requerirNormal(idconsulta,idmascota) VALUES ('F3BOZLCGGY22DCGPFC','A6ZP357GDQ6XYPQGR1');
INSERT INTO requerirNormal(idconsulta,idmascota) VALUES ('CNEIYWZTHAXW6CHA71','FFFAAXMCU5LXM5E9JA');
INSERT INTO requerirNormal(idconsulta,idmascota) VALUES ('76O61U4VIFUYKX18M7','YBRVWQY7V3MD2MCZYW');
INSERT INTO requerirNormal(idconsulta,idmascota) VALUES ('K3UH0Q5GD6QCCJG4YC','X17PBDYKFK8WRPQN5Q');
INSERT INTO requerirNormal(idconsulta,idmascota) VALUES ('VKLD7YC1RS31H2271E','42L5M1BPPD508XD0VU');
INSERT INTO requerirNormal(idconsulta,idmascota) VALUES ('DJRJTGGRKLE5J4I0TZ','4NV71O1MG5SOUP996E');
INSERT INTO requerirNormal(idconsulta,idmascota) VALUES ('IS2RN0D3H6ZCMI9QDV','MK8U9ZVWTL91H00EKL');
INSERT INTO requerirNormal(idconsulta,idmascota) VALUES ('L6MMUBPMFCWSMLXLYX','HJD1X7QLKOM8S8U6GR');
INSERT INTO requerirNormal(idconsulta,idmascota) VALUES ('LI0VNA336UEXI7XNAC','PGFP469L2KX2AZ2WZ3');
INSERT INTO requerirNormal(idconsulta,idmascota) VALUES ('27P9XQF9K7OIIL4KRA','ORF0XRHJI9D7H4DV20');
INSERT INTO requerirNormal(idconsulta,idmascota) VALUES ('MMCACDVLGMN4UJK86F','ITM6EDXX6XQO7LHIX7');
INSERT INTO requerirNormal(idconsulta,idmascota) VALUES ('YE1ESLY7G793PD2GXU','FJGI5FFK331GCZXTP7');
INSERT INTO requerirNormal(idconsulta,idmascota) VALUES ('UW25FE5LBOI0ZMQ9X0','S09NH3PRMP313QA7SN');
INSERT INTO requerirNormal(idconsulta,idmascota) VALUES ('KOC0R67AHEKFD3LFBR','JZB1MA7CUK7087004Y');
INSERT INTO requerirNormal(idconsulta,idmascota) VALUES ('X7VGCMCOW8F0RH6PHV','QQPVQE4SV4DATGIQNE');
INSERT INTO requerirNormal(idconsulta,idmascota) VALUES ('PNBC8K645NH4JT8RM2','PCJS1Z7ZIW092Q55GY');
INSERT INTO requerirNormal(idconsulta,idmascota) VALUES ('ZHEGF60OSC5UUD5QJB','RU5UJWGFOPGYX73Y9U');
INSERT INTO requerirNormal(idconsulta,idmascota) VALUES ('WY04XTZTG39EKI4T14','L0LNS4A8T8UG2BUSWW');
INSERT INTO requerirNormal(idconsulta,idmascota) VALUES ('FAHHG2ENP6XLVJ2QY8','T7DMEAJQXN3MF2KZ1H');
INSERT INTO requerirNormal(idconsulta,idmascota) VALUES ('SU3NX6PGN58AKJ9ZDS','8DYG0SGRVWVWUFJ2ZH');
INSERT INTO requerirNormal(idconsulta,idmascota) VALUES ('07GRCGC3QHXIKNSR7T','RDP8IO3K0OFT0Q3ROQ');
INSERT INTO requerirNormal(idconsulta,idmascota) VALUES ('KXTWCJ6VBI0NVRSI7D','E1FUAHZMQ8K5KEHB7U');
INSERT INTO requerirNormal(idconsulta,idmascota) VALUES ('644MXBM9S7JR9G29II','7EH8WK2PUGPSTNWLN9');
INSERT INTO requerirNormal(idconsulta,idmascota) VALUES ('6LB9ZTATFOFZ1DGIQI','N6VYDD1OM7T881AA90');
INSERT INTO requerirNormal(idconsulta,idmascota) VALUES ('K0LW1FGC7MAPV44QTF','GZ0OIKB0FV9BNDRDKI');
INSERT INTO requerirNormal(idconsulta,idmascota) VALUES ('YQ4VMOB2Y719VWQ71Y','AZL6VURTRPAPXR3DLD');
INSERT INTO requerirNormal(idconsulta,idmascota) VALUES ('6S7A5BC6JN1Y1QJTN3','SG98ESKS9AU4RPK6ZT');
INSERT INTO requerirNormal(idconsulta,idmascota) VALUES ('7ETG2P3E2YSCXUT8AV','VJU724TAEEWXQ1THE7');
INSERT INTO requerirNormal(idconsulta,idmascota) VALUES ('4RYA92WTJEQZGX1W05','A442TU49PX2E8C560Q');
INSERT INTO requerirNormal(idconsulta,idmascota) VALUES ('MB0IB6UKLMK4D2HNJW','F7VAHFJD9HNSEUN73T');
INSERT INTO requerirNormal(idconsulta,idmascota) VALUES ('KYR6DWGRN5JKQ1KQ46','KGCR5WB5OCA9KMSOS0');
INSERT INTO requerirNormal(idconsulta,idmascota) VALUES ('8NRBQZRXD0WRA4960G','T57MNMKE3CUVABR5W0');
INSERT INTO requerirNormal(idconsulta,idmascota) VALUES ('A8LIM44W6G3OABKH7B','VJVY1MJZU6QQ5FHXLE');
INSERT INTO requerirNormal(idconsulta,idmascota) VALUES ('H3AR5QZDI40D56C9DZ','XNNFBYLUROTOZ4F25V');
INSERT INTO requerirNormal(idconsulta,idmascota) VALUES ('N78L6OQV5QN4NA2LXP','SE9ASBAD6OQVC30G6D');
INSERT INTO requerirNormal(idconsulta,idmascota) VALUES ('3W2G0EMO67JDNF19NW','IE6KR83MKD53WXW6R3');
INSERT INTO requerirNormal(idconsulta,idmascota) VALUES ('VE01NVT4BQZCNDYVWO','T47WC33QVLI507NV7Y');
INSERT INTO requerirNormal(idconsulta,idmascota) VALUES ('J61CWPNKXFT8Z05X8I','CLEM4H1ZN7VYNF7M0G');
INSERT INTO requerirNormal(idconsulta,idmascota) VALUES ('WWEA5QPWUC7ESYQ2JM','Z0UTF5NYQT5SZNED71');
INSERT INTO requerirNormal(idconsulta,idmascota) VALUES ('OPM0KDOFHUNK7JCEPH','E4U33SU5JMQ5ZWRJRM');
INSERT INTO requerirNormal(idconsulta,idmascota) VALUES ('KAPY39HSJLRPL4B27O','OKMKCSO0KUC3G54U3L');
INSERT INTO requerirNormal(idconsulta,idmascota) VALUES ('77V4EEVQ3TA23I73ZQ','UWPHCUPDS71RQ7JPCJ');
INSERT INTO requerirNormal(idconsulta,idmascota) VALUES ('L0TU1LVDP3F7G6BGFI','JQJ559C1GMFRR95CIR');
INSERT INTO requerirNormal(idconsulta,idmascota) VALUES ('J4XFKKX0VJMKT31GCQ','WEPMGPUSPIVWIWJMEY');
INSERT INTO requerirNormal(idconsulta,idmascota) VALUES ('IF4VEA1F6C1AIGOU8T','QBI9T68B7MN5K1DBTY');
INSERT INTO requerirNormal(idconsulta,idmascota) VALUES ('44IQJZSP21MHW822VF','GHN8TAW0MT1QLVNQ6D');
INSERT INTO requerirNormal(idconsulta,idmascota) VALUES ('QCN6HSL8P5B5M49E9G','XV8BFD4QFT6PNIHOKY');
INSERT INTO requerirNormal(idconsulta,idmascota) VALUES ('VXF1Z44VEFPSGXOYYD','5QNEBJK7Y1FZHKS7FW');
INSERT INTO requerirNormal(idconsulta,idmascota) VALUES ('R568IYWBVK3D492MTO','BYACGVK246XYOIBAR7');
INSERT INTO requerirNormal(idconsulta,idmascota) VALUES ('P4YWE41WO1Z1J4W4KB','Q4YZQD3ZB0RN96SOHL');
INSERT INTO requerirNormal(idconsulta,idmascota) VALUES ('RYKW6I18O2HOHPL0HN','1C722TDTL83ZJZQFJZ');
INSERT INTO requerirNormal(idconsulta,idmascota) VALUES ('VJJHLYT46AJZLOEC52','UXDLCJYNVXR6EOH5QZ');
INSERT INTO requerirNormal(idconsulta,idmascota) VALUES ('0YREGOI7FZQ2Q6WH62','L5OFISGWFRPRP9SQDG');
INSERT INTO requerirNormal(idconsulta,idmascota) VALUES ('JYMFUXY45ZT3YDUU1D','Q9W1UWXCJ2V8NZIPWV');
INSERT INTO requerirNormal(idconsulta,idmascota) VALUES ('LIN2Y92ZRDY5YWCQBL','1DHL4691Y3J74QHL55');
INSERT INTO requerirNormal(idconsulta,idmascota) VALUES ('ITVGRCHVL7XORPNQE2','HNPVR2BFZENXR4SZJH');
INSERT INTO requerirNormal(idconsulta,idmascota) VALUES ('27J1SH3DQV68XQHNJU','H1GB23G7GOU6JM0QPU');
INSERT INTO requerirNormal(idconsulta,idmascota) VALUES ('PNZDFXD40WBOOA8ACV','BWFMEGIH4Q3UHNOO61');
INSERT INTO requerirNormal(idconsulta,idmascota) VALUES ('U2G6UK60DATP9F57H6','0Q3KXX7QMJ3FS43EW7');
INSERT INTO requerirNormal(idconsulta,idmascota) VALUES ('QEXTA0HV2M0Z8U89RR','FWGEQP78CB1ZQSDNEE');
INSERT INTO requerirNormal(idconsulta,idmascota) VALUES ('K1LVFVRMR4CTG6C6SV','YAPH0OBGTACQJRJ4B0');
INSERT INTO requerirNormal(idconsulta,idmascota) VALUES ('9C1JLDP48VU63DM5PW','ACI1UZCQ7643NFPEDA');
INSERT INTO requerirNormal(idconsulta,idmascota) VALUES ('2OQSJEPZ3DBRIFFS7M','NEQN7EH798WWLYRL6M');
INSERT INTO requerirNormal(idconsulta,idmascota) VALUES ('WXXTSVQQSGLAI47TI0','PBJMQ3Q42OB0XI9TQ9');
INSERT INTO requerirNormal(idconsulta,idmascota) VALUES ('UQYJ7LNPJ42KZRTB6P','U9HJSAHYZU5D289ATX');
INSERT INTO requerirNormal(idconsulta,idmascota) VALUES ('L1TH1QA27EUWQFY6OM','0RV78TS0QQCTNRGK4A');
INSERT INTO requerirNormal(idconsulta,idmascota) VALUES ('9AFNNXEW7W6QNIPQJB','TWJA8MPJUDG2XKQ9DW');
INSERT INTO requerirNormal(idconsulta,idmascota) VALUES ('ANFP6KXBZ2L4YNTB6P','6G88SU4REJFIZTFJLO');
INSERT INTO requerirNormal(idconsulta,idmascota) VALUES ('3N9H3N2SNP7GJTWEIA','6LBKPBYUIAA289S7I5');
INSERT INTO requerirNormal(idconsulta,idmascota) VALUES ('GGTZIP12IZEMVO3U9V','0B5DX8TR3P6M20W1HN');
INSERT INTO requerirNormal(idconsulta,idmascota) VALUES ('LPFR2S8CNML52UF6OS','ZAIQUHOGPVE2OO23ZY');
INSERT INTO requerirNormal(idconsulta,idmascota) VALUES ('FM82MPK1NNHCN5FR49','9KRRMPZKC1QRPWTLVC');
INSERT INTO requerirNormal(idconsulta,idmascota) VALUES ('7RT8FO7EOIOTKI1ZRT','PWDIVW9SMRCKSEQ7OL');
INSERT INTO requerirNormal(idconsulta,idmascota) VALUES ('V5I9V8KQJM7C5HF825','LJF8Y67H3FMH8CLJ9Y');
INSERT INTO requerirNormal(idconsulta,idmascota) VALUES ('7H035EN86MODPBWMAW','U499XCS0CIAU9W4TRH');
INSERT INTO requerirNormal(idconsulta,idmascota) VALUES ('C0R8HSGKY5T497RFSY','3MIGFNES8ZU3V4HD8A');
INSERT INTO requerirNormal(idconsulta,idmascota) VALUES ('YQV551C3VSQCPZKTTQ','EB0PI4CGJWIL7UYK0B');
INSERT INTO requerirNormal(idconsulta,idmascota) VALUES ('FNUIJP868EV99JN4NC','WM2M2EKSQA05Z3MRQ6');
INSERT INTO requerirNormal(idconsulta,idmascota) VALUES ('TBWB21LXUN2X9EWYHH','EW2HC30586EVZK7HAM');
INSERT INTO requerirNormal(idconsulta,idmascota) VALUES ('OQZ1L3V9GO5KSCOBBH','F2BDUHQGJF7MDPGQQ8');
INSERT INTO requerirNormal(idconsulta,idmascota) VALUES ('V5KLFKI63CCZM0KRKA','Q6V6HOUYNYMHZNLB0H');
INSERT INTO requerirNormal(idconsulta,idmascota) VALUES ('8KXIO1OQRSFPK1GMKA','E7DKB94RJLSPPYIAF8');
INSERT INTO requerirNormal(idconsulta,idmascota) VALUES ('P35W16X4XA0058J6I0','S9IGKHQIC56EFTFSJ5');
INSERT INTO requerirNormal(idconsulta,idmascota) VALUES ('UOU43PNQPWRS941028','WMOOKW64PM2SWOHF7Y');
INSERT INTO requerirNormal(idconsulta,idmascota) VALUES ('PHVJ0P22941TQZ2Z2N','KC1I53S8D5QD424LRO');
INSERT INTO requerirNormal(idconsulta,idmascota) VALUES ('0WCWLOLHWEKEK9G3HA','J0AFUE47B9NMVJ7UWE');
INSERT INTO requerirNormal(idconsulta,idmascota) VALUES ('69IYED23FA0UX0G0ON','GYS1S9BB7GK07II0SO');
INSERT INTO requerirNormal(idconsulta,idmascota) VALUES ('BIFNZY9C2L57QGWEK9','XR2AUST1PZY6OWHMV0');
INSERT INTO requerirNormal(idconsulta,idmascota) VALUES ('PNO3RB2YHGXD10J82R','KI9DCAX8UBHKGSUWE7');
INSERT INTO requerirNormal(idconsulta,idmascota) VALUES ('3HYBXL8I3R2497CZN6','WEMAHQHBT6DWW10Q6R');
INSERT INTO requerirNormal(idconsulta,idmascota) VALUES ('0S3G72OARE7HRG0BZH','6TIS0GLP6HEVTPD0ZP');
INSERT INTO requerirNormal(idconsulta,idmascota) VALUES ('XW1YO1D765TY0MPO95','GDYC5V0QCIM10N93NA');
INSERT INTO requerirNormal(idconsulta,idmascota) VALUES ('ARMY2BH055A82PSQPM','GNT2XB8RSVYOP76035');
INSERT INTO requerirNormal(idconsulta,idmascota) VALUES ('F9WEVW5ZUE80TBYR19','74761RWK48ID7XRRKT');
INSERT INTO requerirNormal(idconsulta,idmascota) VALUES ('X5WNNJMHLAREMG1HU7','DZQAWLNXBDLHFRPI08');
-- 	}}}


--- GeneraReciboEmergencia 	{{{
INSERT INTO generaReciboEmergencia(idconsulta,idrecibo) VALUES ('6YG6YP1DJTC7WRADJX','7VTHOO9EZ3Q0WX9OUL');
INSERT INTO generaReciboEmergencia(idconsulta,idrecibo) VALUES ('QZ5QAIW8ALZM1XCVOY','PNDTD8XS6IFFTHMKRI');
INSERT INTO generaReciboEmergencia(idconsulta,idrecibo) VALUES ('TKXGPMPV9EF63AIHB0','L649IUUV70AAJ2QQ44');
INSERT INTO generaReciboEmergencia(idconsulta,idrecibo) VALUES ('1MVMOTJM77JLPJ110U','NN7LLMLC8BMPCBFAK3');
INSERT INTO generaReciboEmergencia(idconsulta,idrecibo) VALUES ('OXBOCYKJ7GISQ3U14D','S4WXXHCSIZ14DWCMXI');
INSERT INTO generaReciboEmergencia(idconsulta,idrecibo) VALUES ('RNB5ME9L76LRRPQZMS','74KFKTBJ0QAC04A0DH');
INSERT INTO generaReciboEmergencia(idconsulta,idrecibo) VALUES ('OTIAGF07EI4DRT8VSY','EJ7N9LU2NXCHEXZRSP');
INSERT INTO generaReciboEmergencia(idconsulta,idrecibo) VALUES ('XCI06HHQGECF2SF8MS','KGJ6FI534YHGQETI2Y');
INSERT INTO generaReciboEmergencia(idconsulta,idrecibo) VALUES ('9C76MCM624DVOKSJ55','6MFT42VTLN8542WQOF');
INSERT INTO generaReciboEmergencia(idconsulta,idrecibo) VALUES ('DTSFDLP4GD9VNDSOC0','0T0RMZU4QDWH00NEEN');
INSERT INTO generaReciboEmergencia(idconsulta,idrecibo) VALUES ('2NOLYTUR0GGKGCEWGF','A6F197B6Z5FEHIDGU4');
INSERT INTO generaReciboEmergencia(idconsulta,idrecibo) VALUES ('USTKDEMRR3OI12A37M','AX5CR59UBS4ZYYTWWE');
INSERT INTO generaReciboEmergencia(idconsulta,idrecibo) VALUES ('RA6H51GTQ2TUBO56ZA','RY81QSJCW4ESDKNM7K');
INSERT INTO generaReciboEmergencia(idconsulta,idrecibo) VALUES ('XUPNIWR5D6O40W1JBV','KNAH25T4E26V2BKV5U');
INSERT INTO generaReciboEmergencia(idconsulta,idrecibo) VALUES ('PIJON5SVGJ6KB5PHMF','ZULJHBIPZQKJ4C536P');
INSERT INTO generaReciboEmergencia(idconsulta,idrecibo) VALUES ('FA6AXNQNCH9H6O6JN9','BQTL1RDDCR1XXXVL37');
INSERT INTO generaReciboEmergencia(idconsulta,idrecibo) VALUES ('REWO5KS3QQA22LA3X5','6X3H2AOHX8L3LT0Y1G');
INSERT INTO generaReciboEmergencia(idconsulta,idrecibo) VALUES ('YBN4SDE3FBFOV298JZ','RY81QSJCW4ESDKNM7K');
INSERT INTO generaReciboEmergencia(idconsulta,idrecibo) VALUES ('ISO39WOGMATGUE6S45','NB4BMWLYOGLZNDYREH');
INSERT INTO generaReciboEmergencia(idconsulta,idrecibo) VALUES ('Q829E7DO6PBT1DWBVN','4TKHCYX3TR7XNUG0LC');
INSERT INTO generaReciboEmergencia(idconsulta,idrecibo) VALUES ('KZZ7OPQI0Q80J9U83R','PBUQ89FVO58Y6UTWAH');
INSERT INTO generaReciboEmergencia(idconsulta,idrecibo) VALUES ('NNZ96UDU4L1UWZM08N','ZRQW3M04C6FTP7YDGX');
INSERT INTO generaReciboEmergencia(idconsulta,idrecibo) VALUES ('ZPYIAU93M01S9YCKZM','NN7LLMLC8BMPCBFAK3');
INSERT INTO generaReciboEmergencia(idconsulta,idrecibo) VALUES ('ZTCQQF4860UTPMB11M','5DB9ZLN2TJ515HI9HA');
INSERT INTO generaReciboEmergencia(idconsulta,idrecibo) VALUES ('1JT5OL2G5Q920Z11Z3','0Y1P07V4IJ4YK3YVJ6');
INSERT INTO generaReciboEmergencia(idconsulta,idrecibo) VALUES ('X6FAVCZFT6IQQ7NFXC','03XERDI5SA7N3LVYHE');
INSERT INTO generaReciboEmergencia(idconsulta,idrecibo) VALUES ('YVNTHB5ND9M1DIAEUL','IGM14YS145KTAYKA24');
INSERT INTO generaReciboEmergencia(idconsulta,idrecibo) VALUES ('7QBKFTJ86N1YGFNBGG','URK5DDPJQ196LJSSCJ');
INSERT INTO generaReciboEmergencia(idconsulta,idrecibo) VALUES ('6JQVURK4MF9VF6R2BY','LMGZ229NYSIYCM3T2R');
INSERT INTO generaReciboEmergencia(idconsulta,idrecibo) VALUES ('JLKMCANNVB88RFXTI6','QPS9RPKUPF7VIOL6MY');
INSERT INTO generaReciboEmergencia(idconsulta,idrecibo) VALUES ('UTY4FT1C7PEQMBDU49','03XERDI5SA7N3LVYHE');
INSERT INTO generaReciboEmergencia(idconsulta,idrecibo) VALUES ('6VMU3X8KX7S93FWR2S','H9U0NDCHL5Q45HB50X');
INSERT INTO generaReciboEmergencia(idconsulta,idrecibo) VALUES ('AZ7HC7NKDDDCN6A9H6','ZA0T2BPOKNHA7W1VFL');
INSERT INTO generaReciboEmergencia(idconsulta,idrecibo) VALUES ('5KRVZKLTYFWCY3EKVA','ICYCEMUY1FX6VOGLUD');
INSERT INTO generaReciboEmergencia(idconsulta,idrecibo) VALUES ('T0FBN78ULY6QD3ZFJY','Z8BYA96MLYU3FQNNUK');
INSERT INTO generaReciboEmergencia(idconsulta,idrecibo) VALUES ('T9YPY68LWSZE99XAP9','95CL7SSNWEPRC8W9II');
INSERT INTO generaReciboEmergencia(idconsulta,idrecibo) VALUES ('1MXMQQQIB1JG5379QP','BFW9BN08URZUTMNW5G');
INSERT INTO generaReciboEmergencia(idconsulta,idrecibo) VALUES ('3K738L3DV8G8DJ8P1X','K74IE79RYVDZXXQNOH');
INSERT INTO generaReciboEmergencia(idconsulta,idrecibo) VALUES ('8WU7GWFBGKSENE95YB','4LFTE87NJ7A0JB08TT');
INSERT INTO generaReciboEmergencia(idconsulta,idrecibo) VALUES ('5Z7KE473NNH7BIAVCM','G3RJF24MWBHDZ7NFB7');
INSERT INTO generaReciboEmergencia(idconsulta,idrecibo) VALUES ('EVB8F2LC80SB421RUL','QB9NC7XJ65O5GTU031');
INSERT INTO generaReciboEmergencia(idconsulta,idrecibo) VALUES ('NHDPVO2W26QL21HUII','ZZJ9L7N0IYZ4272QF9');
INSERT INTO generaReciboEmergencia(idconsulta,idrecibo) VALUES ('60K0LA4ZR41W56081Y','CDVRWSFM75IJPNP9W5');
INSERT INTO generaReciboEmergencia(idconsulta,idrecibo) VALUES ('96ADL67MTUG81YB6F6','2D6RV254T4DLGWLN30');
INSERT INTO generaReciboEmergencia(idconsulta,idrecibo) VALUES ('UNJ248ONCSSHYQ3FP1','RLBF6UGU17HHGX6OVQ');
INSERT INTO generaReciboEmergencia(idconsulta,idrecibo) VALUES ('2J37AQDWK50CR0EKBE','NU4CRYAUKU4VGN648M');
INSERT INTO generaReciboEmergencia(idconsulta,idrecibo) VALUES ('INWE82R82K1EK837Q4','QDZX0DWT1GRYS95V3D');
INSERT INTO generaReciboEmergencia(idconsulta,idrecibo) VALUES ('46WIFY9MHCDE6H3KA9','6N8PJYDCFBGN6VT47O');
INSERT INTO generaReciboEmergencia(idconsulta,idrecibo) VALUES ('1XTE84V3Z018D3POLW','CZM14YSI0746V3CUQG');
INSERT INTO generaReciboEmergencia(idconsulta,idrecibo) VALUES ('04HKA1C5DBXDC29PEC','3IK1DY2TM3GOUY8NMV');
INSERT INTO generaReciboEmergencia(idconsulta,idrecibo) VALUES ('JMGASGDYMNGA7AQ4T8','5A6U8ROM97MJG3CA9R');
INSERT INTO generaReciboEmergencia(idconsulta,idrecibo) VALUES ('5AO32QV8TSRGSJKWE5','0Y1P07V4IJ4YK3YVJ6');
INSERT INTO generaReciboEmergencia(idconsulta,idrecibo) VALUES ('6UHK7641776KUF76HL','FRAJQYTPVG4BU0JHAJ');
INSERT INTO generaReciboEmergencia(idconsulta,idrecibo) VALUES ('M8JU1F0WRIFN3ZUPCI','2N2PTF7KJTD56P2GBZ');
INSERT INTO generaReciboEmergencia(idconsulta,idrecibo) VALUES ('Q5BCYLM7H6LTSRTM3N','CL2Z6LD7AIUZ23JLD3');
INSERT INTO generaReciboEmergencia(idconsulta,idrecibo) VALUES ('R803UQ9DM9GSRSCUCU','DTXURILF8T93FX75NQ');
INSERT INTO generaReciboEmergencia(idconsulta,idrecibo) VALUES ('3M93YLEZW6WCTPS6LF','QZCK4EVZTV6IYGKAMZ');
INSERT INTO generaReciboEmergencia(idconsulta,idrecibo) VALUES ('ZYBGJFPDXIB8SBO4ER','7XWJHB4BFEQZQVZHYR');
INSERT INTO generaReciboEmergencia(idconsulta,idrecibo) VALUES ('C8GBPXGCXQ2L9EPTM2','V6NR89VLS7HK5B4HUD');
INSERT INTO generaReciboEmergencia(idconsulta,idrecibo) VALUES ('W6551M2YX03CXS1AF4','O4UQFP6R35C19FW118');
INSERT INTO generaReciboEmergencia(idconsulta,idrecibo) VALUES ('5MBS1XUH2VY9SS2XQM','K74IE79RYVDZXXQNOH');
INSERT INTO generaReciboEmergencia(idconsulta,idrecibo) VALUES ('VXKM1JKFYFMPMY3UU3','DIKU2IY9465882WPWZ');
INSERT INTO generaReciboEmergencia(idconsulta,idrecibo) VALUES ('I7BS76EQTYLHF855WO','9B635S358BB41PYN40');
INSERT INTO generaReciboEmergencia(idconsulta,idrecibo) VALUES ('4RTIZCNS64YW9M277R','BIPJ2IN9RUTFLKBWHV');
INSERT INTO generaReciboEmergencia(idconsulta,idrecibo) VALUES ('I0FUMEF1OV12MUIQJU','KF6T3RMX1HZ3SE33OE');
INSERT INTO generaReciboEmergencia(idconsulta,idrecibo) VALUES ('6S0HANXU0FFXYZGRIS','7ZV5SKSLIWFPEQ7L1O');
INSERT INTO generaReciboEmergencia(idconsulta,idrecibo) VALUES ('WLA8JO9SNBD4XAJIFU','0DD8HTUB4XTZQ3R58X');
INSERT INTO generaReciboEmergencia(idconsulta,idrecibo) VALUES ('YI1889KTR9UQ2GHTNR','N3L6U6TMMGNBIM6NDB');
INSERT INTO generaReciboEmergencia(idconsulta,idrecibo) VALUES ('RRZ7051CQPSJSJKLPG','VF70CVG1TMV49N3XYJ');
INSERT INTO generaReciboEmergencia(idconsulta,idrecibo) VALUES ('A3JATT2LBT976YJN4S','RUEDM48NGYBYJ9WBNB');
INSERT INTO generaReciboEmergencia(idconsulta,idrecibo) VALUES ('EY8LHHHJ4ZYZDWY61Y','W4UM7P6W0M8XH939B8');
INSERT INTO generaReciboEmergencia(idconsulta,idrecibo) VALUES ('PIQPQ3PCT67JIL9H21','T0T4K4VYTXGVBB1JZX');
INSERT INTO generaReciboEmergencia(idconsulta,idrecibo) VALUES ('WQLWRCEJ4VG1YE2P5J','RUEDM48NGYBYJ9WBNB');
INSERT INTO generaReciboEmergencia(idconsulta,idrecibo) VALUES ('AVQ7X9AOZSOGVEW028','2CPCQFUG0HYUN3H7HN');
INSERT INTO generaReciboEmergencia(idconsulta,idrecibo) VALUES ('AFL0MEITSV9EKHK129','Q8B5K0PVCW6881M717');
INSERT INTO generaReciboEmergencia(idconsulta,idrecibo) VALUES ('ZY5ZYZQ7ZAUHFWQPRC','IG2GSYHRS395LKDPZY');
INSERT INTO generaReciboEmergencia(idconsulta,idrecibo) VALUES ('V66XOZ3F73H00CQ6L5','9NX14JAXIB67XPG4JK');
INSERT INTO generaReciboEmergencia(idconsulta,idrecibo) VALUES ('AA80TGN9H6QUNB4VLB','VEPT0TFV8UT0JXB0GS');
INSERT INTO generaReciboEmergencia(idconsulta,idrecibo) VALUES ('HB7S9AM19Y50WQV41P','TTVJ94AIUWOP5Z9JNI');
INSERT INTO generaReciboEmergencia(idconsulta,idrecibo) VALUES ('GVCOPQBMBM22V08SQV','OIGPOFP8OJM8G8BUIM');
INSERT INTO generaReciboEmergencia(idconsulta,idrecibo) VALUES ('DQXR0Z7BK0LBWR6TYT','RLI04FST0FMC2PIB0O');
INSERT INTO generaReciboEmergencia(idconsulta,idrecibo) VALUES ('6E94GVPAF6LRW13YJO','SXLRDB0G12R2ERHETR');
INSERT INTO generaReciboEmergencia(idconsulta,idrecibo) VALUES ('FMQYCJATWW30JVWVE8','PNDTD8XS6IFFTHMKRI');
INSERT INTO generaReciboEmergencia(idconsulta,idrecibo) VALUES ('YV7RL991CD7HK0IMV0','A26X6W1YBJIKZJDO5U');
INSERT INTO generaReciboEmergencia(idconsulta,idrecibo) VALUES ('ZPUXD76EKIETH7CJ1N','BQ1FB91X2DRZ5X0E1B');
INSERT INTO generaReciboEmergencia(idconsulta,idrecibo) VALUES ('X7ZCMJSCV8493R0FFS','LM0FXEWHQKWLKY6WAK');
INSERT INTO generaReciboEmergencia(idconsulta,idrecibo) VALUES ('MNH6GONXMC0Z9MJ6PF','SZGQZCNHY8DMX1CJY1');
INSERT INTO generaReciboEmergencia(idconsulta,idrecibo) VALUES ('LVTYW73CXDY5AAZ9GH','QDZX0DWT1GRYS95V3D');
INSERT INTO generaReciboEmergencia(idconsulta,idrecibo) VALUES ('T9FQSSYNKKKUNEF2JE','KTXAM7JOZ8ILTKFODM');
INSERT INTO generaReciboEmergencia(idconsulta,idrecibo) VALUES ('MNGG1P42VPH7GJ5R2O','DDRN5VAYODBNUUDR0I');
INSERT INTO generaReciboEmergencia(idconsulta,idrecibo) VALUES ('N7BYV5P7V85Q6NNHQN','M7J0YYLBI58TEC2LFS');
INSERT INTO generaReciboEmergencia(idconsulta,idrecibo) VALUES ('87CMR1E198GUKS7G6P','B98V9WCE2TD0QT6J4Y');
INSERT INTO generaReciboEmergencia(idconsulta,idrecibo) VALUES ('OAEYT5JXAXA4N1BUXD','CXKKTKQK7XX3QOFSEI');
INSERT INTO generaReciboEmergencia(idconsulta,idrecibo) VALUES ('IYFPHWI0GDL32P6CCB','YAELVED2L0TX2PWVAW');
INSERT INTO generaReciboEmergencia(idconsulta,idrecibo) VALUES ('SA7KN116LF206PXIWJ','7SM0908QSP32UT8AGN');
INSERT INTO generaReciboEmergencia(idconsulta,idrecibo) VALUES ('HKXTRR5QA3L43TPSYT','GAO5CY8ANROBZTHQ0O');
INSERT INTO generaReciboEmergencia(idconsulta,idrecibo) VALUES ('Z4MQPI4AGN83IMZ9L3','8K5GGLWHLWVOFWON9K');
INSERT INTO generaReciboEmergencia(idconsulta,idrecibo) VALUES ('JFLFM4HRANVU2WVLJA','RFDGJIHO2M4W8WUUD7');
INSERT INTO generaReciboEmergencia(idconsulta,idrecibo) VALUES ('G5L6TG1TDD7PCNBM5Z','FSTXIC2H8KJ4J0PN80');
INSERT INTO generaReciboEmergencia(idconsulta,idrecibo) VALUES ('3ZQSEBR6UMOCYTQNKR','GI1R84UVVO15WX9D0W');
-- 	}}}


--- GeneraReciboNormal 	{{{
INSERT INTO generaReciboNormal(idconsulta,idrecibo) VALUES ('LVW1ILCYI9N9VOEJX0','PZ4BCS3Z5SC4HCJHM3');
INSERT INTO generaReciboNormal(idconsulta,idrecibo) VALUES ('V90B0N9JY7J1NKD38A','Z8BYA96MLYU3FQNNUK');
INSERT INTO generaReciboNormal(idconsulta,idrecibo) VALUES ('P08O3NUP8LU5B3AW51','HERSYF5Q7JZJP82CW0');
INSERT INTO generaReciboNormal(idconsulta,idrecibo) VALUES ('SIOZFWZEWAXEWUP5NS','LZU9TUZMUD81I4EA6W');
INSERT INTO generaReciboNormal(idconsulta,idrecibo) VALUES ('ZK5NE03L3365GMVIA6','02ER7GGOW3OBW0ZJYK');
INSERT INTO generaReciboNormal(idconsulta,idrecibo) VALUES ('F3BOZLCGGY22DCGPFC','760TENKMASCGCAJOVN');
INSERT INTO generaReciboNormal(idconsulta,idrecibo) VALUES ('CNEIYWZTHAXW6CHA71','HDJCX8J9ZSVTA92AQE');
INSERT INTO generaReciboNormal(idconsulta,idrecibo) VALUES ('76O61U4VIFUYKX18M7','J3CSES07NGQB9KU6NY');
INSERT INTO generaReciboNormal(idconsulta,idrecibo) VALUES ('K3UH0Q5GD6QCCJG4YC','T4U91W8PJVWJDUQAEK');
INSERT INTO generaReciboNormal(idconsulta,idrecibo) VALUES ('VKLD7YC1RS31H2271E','OO1WBNNDTIAKZGE4V0');
INSERT INTO generaReciboNormal(idconsulta,idrecibo) VALUES ('DJRJTGGRKLE5J4I0TZ','BQ1FB91X2DRZ5X0E1B');
INSERT INTO generaReciboNormal(idconsulta,idrecibo) VALUES ('IS2RN0D3H6ZCMI9QDV','TIX7TLR658SDG7R98M');
INSERT INTO generaReciboNormal(idconsulta,idrecibo) VALUES ('L6MMUBPMFCWSMLXLYX','F412X2XQ2UX84QQDFZ');
INSERT INTO generaReciboNormal(idconsulta,idrecibo) VALUES ('LI0VNA336UEXI7XNAC','SW26PEFJMJ941JQG0Q');
INSERT INTO generaReciboNormal(idconsulta,idrecibo) VALUES ('27P9XQF9K7OIIL4KRA','LFTQ2DWUC7340ZCUNN');
INSERT INTO generaReciboNormal(idconsulta,idrecibo) VALUES ('MMCACDVLGMN4UJK86F','D85XWMAD8V60X6S56M');
INSERT INTO generaReciboNormal(idconsulta,idrecibo) VALUES ('YE1ESLY7G793PD2GXU','IA0QV3J01HZZLL1EDH');
INSERT INTO generaReciboNormal(idconsulta,idrecibo) VALUES ('UW25FE5LBOI0ZMQ9X0','06ZQVN3VYJ3HOZLWLX');
INSERT INTO generaReciboNormal(idconsulta,idrecibo) VALUES ('KOC0R67AHEKFD3LFBR','LNU70DP774AXAG7JKD');
INSERT INTO generaReciboNormal(idconsulta,idrecibo) VALUES ('X7VGCMCOW8F0RH6PHV','GAO5CY8ANROBZTHQ0O');
INSERT INTO generaReciboNormal(idconsulta,idrecibo) VALUES ('PNBC8K645NH4JT8RM2','JVBGF60YJX874724B0');
INSERT INTO generaReciboNormal(idconsulta,idrecibo) VALUES ('ZHEGF60OSC5UUD5QJB','373VITKY7GM3UP8341');
INSERT INTO generaReciboNormal(idconsulta,idrecibo) VALUES ('WY04XTZTG39EKI4T14','2NJ97DX9FTGAK4JK9A');
INSERT INTO generaReciboNormal(idconsulta,idrecibo) VALUES ('FAHHG2ENP6XLVJ2QY8','0A78WWJFSDIJAZRRDN');
INSERT INTO generaReciboNormal(idconsulta,idrecibo) VALUES ('SU3NX6PGN58AKJ9ZDS','Q9BPSVSSV73B46YTPX');
INSERT INTO generaReciboNormal(idconsulta,idrecibo) VALUES ('07GRCGC3QHXIKNSR7T','HFHFJ5HX3LB0FM9N8K');
INSERT INTO generaReciboNormal(idconsulta,idrecibo) VALUES ('KXTWCJ6VBI0NVRSI7D','6N8PJYDCFBGN6VT47O');
INSERT INTO generaReciboNormal(idconsulta,idrecibo) VALUES ('644MXBM9S7JR9G29II','KGJ6FI534YHGQETI2Y');
INSERT INTO generaReciboNormal(idconsulta,idrecibo) VALUES ('6LB9ZTATFOFZ1DGIQI','D85XWMAD8V60X6S56M');
INSERT INTO generaReciboNormal(idconsulta,idrecibo) VALUES ('K0LW1FGC7MAPV44QTF','TDLA3H3NI9IS00372L');
INSERT INTO generaReciboNormal(idconsulta,idrecibo) VALUES ('YQ4VMOB2Y719VWQ71Y','V6NR89VLS7HK5B4HUD');
INSERT INTO generaReciboNormal(idconsulta,idrecibo) VALUES ('6S7A5BC6JN1Y1QJTN3','ECP7PU7LBCTA9ZZFOT');
INSERT INTO generaReciboNormal(idconsulta,idrecibo) VALUES ('7ETG2P3E2YSCXUT8AV','MN0HPDYEBWYHFCOAGP');
INSERT INTO generaReciboNormal(idconsulta,idrecibo) VALUES ('4RYA92WTJEQZGX1W05','G4G32X75BLEL15OWTV');
INSERT INTO generaReciboNormal(idconsulta,idrecibo) VALUES ('MB0IB6UKLMK4D2HNJW','EJ7N9LU2NXCHEXZRSP');
INSERT INTO generaReciboNormal(idconsulta,idrecibo) VALUES ('KYR6DWGRN5JKQ1KQ46','LTGL7KY6240DIU2YVZ');
INSERT INTO generaReciboNormal(idconsulta,idrecibo) VALUES ('8NRBQZRXD0WRA4960G','G88MYXC5ZO83D2LJMN');
INSERT INTO generaReciboNormal(idconsulta,idrecibo) VALUES ('A8LIM44W6G3OABKH7B','41KB1B39VDOQY2GO8B');
INSERT INTO generaReciboNormal(idconsulta,idrecibo) VALUES ('H3AR5QZDI40D56C9DZ','IM9IDFKS7UNEWBRKC9');
INSERT INTO generaReciboNormal(idconsulta,idrecibo) VALUES ('N78L6OQV5QN4NA2LXP','IM9IDFKS7UNEWBRKC9');
INSERT INTO generaReciboNormal(idconsulta,idrecibo) VALUES ('3W2G0EMO67JDNF19NW','2STU0TE826SDBS01XG');
INSERT INTO generaReciboNormal(idconsulta,idrecibo) VALUES ('VE01NVT4BQZCNDYVWO','IGM14YS145KTAYKA24');
INSERT INTO generaReciboNormal(idconsulta,idrecibo) VALUES ('J61CWPNKXFT8Z05X8I','A26X6W1YBJIKZJDO5U');
INSERT INTO generaReciboNormal(idconsulta,idrecibo) VALUES ('WWEA5QPWUC7ESYQ2JM','R38U632IHJDX856UBD');
INSERT INTO generaReciboNormal(idconsulta,idrecibo) VALUES ('OPM0KDOFHUNK7JCEPH','KCC7DVUJ2F94FX7MVR');
INSERT INTO generaReciboNormal(idconsulta,idrecibo) VALUES ('KAPY39HSJLRPL4B27O','PBRPG7LQD854MAV728');
INSERT INTO generaReciboNormal(idconsulta,idrecibo) VALUES ('77V4EEVQ3TA23I73ZQ','M3OQJBWPR7VNR6WX6P');
INSERT INTO generaReciboNormal(idconsulta,idrecibo) VALUES ('L0TU1LVDP3F7G6BGFI','TYV2WEHCVRGMJGJXPF');
INSERT INTO generaReciboNormal(idconsulta,idrecibo) VALUES ('J4XFKKX0VJMKT31GCQ','BHG9DR6T25DSEZ6VIB');
INSERT INTO generaReciboNormal(idconsulta,idrecibo) VALUES ('IF4VEA1F6C1AIGOU8T','T6WHWJE5RM0Q1MV317');
INSERT INTO generaReciboNormal(idconsulta,idrecibo) VALUES ('44IQJZSP21MHW822VF','VE8SKVZNJBQX8ANLM3');
INSERT INTO generaReciboNormal(idconsulta,idrecibo) VALUES ('QCN6HSL8P5B5M49E9G','T8IK7EV9PIZETM7HM5');
INSERT INTO generaReciboNormal(idconsulta,idrecibo) VALUES ('VXF1Z44VEFPSGXOYYD','SCDXLKMGOTU03U54R7');
INSERT INTO generaReciboNormal(idconsulta,idrecibo) VALUES ('R568IYWBVK3D492MTO','81VA22VQKMQOY535J6');
INSERT INTO generaReciboNormal(idconsulta,idrecibo) VALUES ('P4YWE41WO1Z1J4W4KB','823D4SKYQIF4OBEHMY');
INSERT INTO generaReciboNormal(idconsulta,idrecibo) VALUES ('RYKW6I18O2HOHPL0HN','W1DRYPYZP7JW6T9PXV');
INSERT INTO generaReciboNormal(idconsulta,idrecibo) VALUES ('VJJHLYT46AJZLOEC52','TR7P2BHAJPVV0KDZED');
INSERT INTO generaReciboNormal(idconsulta,idrecibo) VALUES ('0YREGOI7FZQ2Q6WH62','Q0WJDPPITHEZVKFYNH');
INSERT INTO generaReciboNormal(idconsulta,idrecibo) VALUES ('JYMFUXY45ZT3YDUU1D','SCDXLKMGOTU03U54R7');
INSERT INTO generaReciboNormal(idconsulta,idrecibo) VALUES ('LIN2Y92ZRDY5YWCQBL','9RU32H1AG2NFJ6ZQBU');
INSERT INTO generaReciboNormal(idconsulta,idrecibo) VALUES ('ITVGRCHVL7XORPNQE2','CJ3LON3MQQHXZ8EE2W');
INSERT INTO generaReciboNormal(idconsulta,idrecibo) VALUES ('27J1SH3DQV68XQHNJU','RFDGJIHO2M4W8WUUD7');
INSERT INTO generaReciboNormal(idconsulta,idrecibo) VALUES ('PNZDFXD40WBOOA8ACV','LA0ESRAWD8OG33Y4KT');
INSERT INTO generaReciboNormal(idconsulta,idrecibo) VALUES ('U2G6UK60DATP9F57H6','HGBWYQRFZUGF7AQ1HW');
INSERT INTO generaReciboNormal(idconsulta,idrecibo) VALUES ('QEXTA0HV2M0Z8U89RR','I18VK14AFICG2L01A1');
INSERT INTO generaReciboNormal(idconsulta,idrecibo) VALUES ('K1LVFVRMR4CTG6C6SV','VEY2CAIKL05P9WVI1G');
INSERT INTO generaReciboNormal(idconsulta,idrecibo) VALUES ('9C1JLDP48VU63DM5PW','95CL7SSNWEPRC8W9II');
INSERT INTO generaReciboNormal(idconsulta,idrecibo) VALUES ('2OQSJEPZ3DBRIFFS7M','COXQ25Y2F6WRV24LEF');
INSERT INTO generaReciboNormal(idconsulta,idrecibo) VALUES ('WXXTSVQQSGLAI47TI0','FJCP3Y4520YYN5FB51');
INSERT INTO generaReciboNormal(idconsulta,idrecibo) VALUES ('UQYJ7LNPJ42KZRTB6P','NA42P8GXHW6EUFC851');
INSERT INTO generaReciboNormal(idconsulta,idrecibo) VALUES ('L1TH1QA27EUWQFY6OM','NPYB0MH5P0YQ9K49A3');
INSERT INTO generaReciboNormal(idconsulta,idrecibo) VALUES ('9AFNNXEW7W6QNIPQJB','V60HA2VD7DWH2OPMFO');
INSERT INTO generaReciboNormal(idconsulta,idrecibo) VALUES ('ANFP6KXBZ2L4YNTB6P','Y3C13DFNW18060Y1XT');
INSERT INTO generaReciboNormal(idconsulta,idrecibo) VALUES ('3N9H3N2SNP7GJTWEIA','ARGMTS00VY24HBE064');
INSERT INTO generaReciboNormal(idconsulta,idrecibo) VALUES ('GGTZIP12IZEMVO3U9V','MA5GINOO3WFDAR9SIF');
INSERT INTO generaReciboNormal(idconsulta,idrecibo) VALUES ('LPFR2S8CNML52UF6OS','5T4ZY9N9ONXSIIOFZ6');
INSERT INTO generaReciboNormal(idconsulta,idrecibo) VALUES ('FM82MPK1NNHCN5FR49','EY6G5WNKIWWR9UC6XJ');
INSERT INTO generaReciboNormal(idconsulta,idrecibo) VALUES ('7RT8FO7EOIOTKI1ZRT','5SGTK6WNXYDN868UXC');
INSERT INTO generaReciboNormal(idconsulta,idrecibo) VALUES ('V5I9V8KQJM7C5HF825','2KPDRR4CW1Y827U19R');
INSERT INTO generaReciboNormal(idconsulta,idrecibo) VALUES ('7H035EN86MODPBWMAW','06ZQVN3VYJ3HOZLWLX');
INSERT INTO generaReciboNormal(idconsulta,idrecibo) VALUES ('C0R8HSGKY5T497RFSY','4T7Y0ISVR2LYI9T08Z');
INSERT INTO generaReciboNormal(idconsulta,idrecibo) VALUES ('YQV551C3VSQCPZKTTQ','FJCP3Y4520YYN5FB51');
INSERT INTO generaReciboNormal(idconsulta,idrecibo) VALUES ('FNUIJP868EV99JN4NC','EKVXI4NYUNYYDV486L');
INSERT INTO generaReciboNormal(idconsulta,idrecibo) VALUES ('TBWB21LXUN2X9EWYHH','254KYX7VYS3WKFSB3I');
INSERT INTO generaReciboNormal(idconsulta,idrecibo) VALUES ('OQZ1L3V9GO5KSCOBBH','QKCLXWP4XEUNHOLPUT');
INSERT INTO generaReciboNormal(idconsulta,idrecibo) VALUES ('V5KLFKI63CCZM0KRKA','05E9QHITY6BHXMCTMB');
INSERT INTO generaReciboNormal(idconsulta,idrecibo) VALUES ('8KXIO1OQRSFPK1GMKA','99F35Z7YP5Q0M1RP0Q');
INSERT INTO generaReciboNormal(idconsulta,idrecibo) VALUES ('P35W16X4XA0058J6I0','T8IK7EV9PIZETM7HM5');
INSERT INTO generaReciboNormal(idconsulta,idrecibo) VALUES ('UOU43PNQPWRS941028','XL7ZR6J31T9HMAGL2N');
INSERT INTO generaReciboNormal(idconsulta,idrecibo) VALUES ('PHVJ0P22941TQZ2Z2N','VE8SKVZNJBQX8ANLM3');
INSERT INTO generaReciboNormal(idconsulta,idrecibo) VALUES ('0WCWLOLHWEKEK9G3HA','240M7DU8M0NI49ZOHV');
INSERT INTO generaReciboNormal(idconsulta,idrecibo) VALUES ('69IYED23FA0UX0G0ON','YFG8J9OFDPOGXQVIPJ');
INSERT INTO generaReciboNormal(idconsulta,idrecibo) VALUES ('BIFNZY9C2L57QGWEK9','UUIYBSTCFOHG473XWN');
INSERT INTO generaReciboNormal(idconsulta,idrecibo) VALUES ('PNO3RB2YHGXD10J82R','8EE6RGT1UK7SL7DQTZ');
INSERT INTO generaReciboNormal(idconsulta,idrecibo) VALUES ('3HYBXL8I3R2497CZN6','9MQDZH0VB1RNHSGALZ');
INSERT INTO generaReciboNormal(idconsulta,idrecibo) VALUES ('0S3G72OARE7HRG0BZH','REGVE40K2JFLYTO60N');
INSERT INTO generaReciboNormal(idconsulta,idrecibo) VALUES ('XW1YO1D765TY0MPO95','GU7M5R8VMVLN134124');
INSERT INTO generaReciboNormal(idconsulta,idrecibo) VALUES ('ARMY2BH055A82PSQPM','0NRE9Y0UZPD9XXYMZZ');
INSERT INTO generaReciboNormal(idconsulta,idrecibo) VALUES ('F9WEVW5ZUE80TBYR19','G4G32X75BLEL15OWTV');
INSERT INTO generaReciboNormal(idconsulta,idrecibo) VALUES ('X5WNNJMHLAREMG1HU7','GTKO6ACKDS5TCZTNO9');
-- 	}}}


--- GeneraReciboProducto 	{{{
INSERT INTO generaReciboProducto(idproducto,idrecibo) VALUES ('T2AKG959WQB8ZHW5AZ','Z8BYA96MLYU3FQNNUK');
INSERT INTO generaReciboProducto(idproducto,idrecibo) VALUES ('12ILNX7BHYBN0694HG','7OBI5D3CDZ7B1YPGIW');
INSERT INTO generaReciboProducto(idproducto,idrecibo) VALUES ('ZI3KHWO3HBBTNQKH5P','OHYBEV1KW0ET5HSI7Z');
INSERT INTO generaReciboProducto(idproducto,idrecibo) VALUES ('GLFTTXBN5R95A1OM1G','JSG2WYQW5MEW427EL0');
INSERT INTO generaReciboProducto(idproducto,idrecibo) VALUES ('IZ7O1S2A1C1XSUJLON','0N3QFRMX17QCBM1FCF');
INSERT INTO generaReciboProducto(idproducto,idrecibo) VALUES ('E9O9B0BNC1PC96K27E','6Z8N5HP80DIAI2LAHT');
INSERT INTO generaReciboProducto(idproducto,idrecibo) VALUES ('WUU6Z80VGZ1FJITJT8','05E9QHITY6BHXMCTMB');
INSERT INTO generaReciboProducto(idproducto,idrecibo) VALUES ('V2MK9NG8I4ULKQPMIR','ICYCEMUY1FX6VOGLUD');
INSERT INTO generaReciboProducto(idproducto,idrecibo) VALUES ('77RK1GRQVODSQTC7Z7','RP2RJW53GNJG6J21CY');
INSERT INTO generaReciboProducto(idproducto,idrecibo) VALUES ('VQ5J8RYH1TKA1BNKC6','ANQPPVM0BTJRE7Z0G7');
INSERT INTO generaReciboProducto(idproducto,idrecibo) VALUES ('VOL4Z4OBBPFBTD9LPS','JKFLMA3LA098NSE1D1');
INSERT INTO generaReciboProducto(idproducto,idrecibo) VALUES ('PR2N5YE5T8F0L2039E','Z7LPFMXC0MBEE98EWS');
INSERT INTO generaReciboProducto(idproducto,idrecibo) VALUES ('I7MUHN4TYOB8BOG2M0','5DB9ZLN2TJ515HI9HA');
INSERT INTO generaReciboProducto(idproducto,idrecibo) VALUES ('BH54ZC4N9WI05Q81LA','2N2PTF7KJTD56P2GBZ');
INSERT INTO generaReciboProducto(idproducto,idrecibo) VALUES ('JYHZHCQ5HMJ7OWT9CB','SXLRDB0G12R2ERHETR');
INSERT INTO generaReciboProducto(idproducto,idrecibo) VALUES ('XVRSZVXCN63PPZ6WH3','H51UQW4DYWV2X83PH7');
INSERT INTO generaReciboProducto(idproducto,idrecibo) VALUES ('ULESMTWHCFSXZSENDZ','ZX5TRJNVN7BQHZEID5');
INSERT INTO generaReciboProducto(idproducto,idrecibo) VALUES ('X0SRA76PRDTDLWEYCW','KUXO9H2CCI5AUBWFLG');
INSERT INTO generaReciboProducto(idproducto,idrecibo) VALUES ('9R0K39NINJ2RUXBNWC','SXIYVIFYH2UQEFCSL1');
INSERT INTO generaReciboProducto(idproducto,idrecibo) VALUES ('TL8IAR0LH1VTD3B1PA','AIKN33VYM2X5LOYEDN');
INSERT INTO generaReciboProducto(idproducto,idrecibo) VALUES ('4OVQGMBO33ZWIW9YD6','CY7C4C3S4XKRH1T0TM');
INSERT INTO generaReciboProducto(idproducto,idrecibo) VALUES ('B8HO5RC890I0CJ5VGL','9RU32H1AG2NFJ6ZQBU');
INSERT INTO generaReciboProducto(idproducto,idrecibo) VALUES ('P7VM0QURM6DWZEJEVH','RLBF6UGU17HHGX6OVQ');
INSERT INTO generaReciboProducto(idproducto,idrecibo) VALUES ('PHF39OSN0LAIJC6AE4','TR9SNVNFEIS0RIJ5I4');
INSERT INTO generaReciboProducto(idproducto,idrecibo) VALUES ('C7YZOOKH43ZCTRZTC2','Z8BYA96MLYU3FQNNUK');
INSERT INTO generaReciboProducto(idproducto,idrecibo) VALUES ('1HKJ6PNTWNDE1ZGIWN','KNPKQLTM8TCKKKA83T');
INSERT INTO generaReciboProducto(idproducto,idrecibo) VALUES ('RTBG4DMC8QLWP73YB6','TQ1V1MUUY9TTZN5P07');
INSERT INTO generaReciboProducto(idproducto,idrecibo) VALUES ('E45VS2R4MJTPP9QKCX','4MXFFXQ5558I1RKTYL');
INSERT INTO generaReciboProducto(idproducto,idrecibo) VALUES ('LTK4644FBS7XTZNY0Z','B9PEZ8IL2XHAOXQ43B');
INSERT INTO generaReciboProducto(idproducto,idrecibo) VALUES ('AX9OCV7JDTWXCSRIQY','ZI9NFAHNHGAPP9L5WX');
INSERT INTO generaReciboProducto(idproducto,idrecibo) VALUES ('X0SRA76PRDTDLWEYCW','W9L7LOSDUXLVZ7RWAW');
INSERT INTO generaReciboProducto(idproducto,idrecibo) VALUES ('1HKJ6PNTWNDE1ZGIWN','7F4WTP8IVVVNVMD66R');
INSERT INTO generaReciboProducto(idproducto,idrecibo) VALUES ('DCZTB8W89FKJ4UJUVO','AAZ6TORR4FUHSUC5IO');
INSERT INTO generaReciboProducto(idproducto,idrecibo) VALUES ('LTK4644FBS7XTZNY0Z','4JS9ULO73BE72L1WNZ');
INSERT INTO generaReciboProducto(idproducto,idrecibo) VALUES ('PHF39OSN0LAIJC6AE4','5SGTK6WNXYDN868UXC');
INSERT INTO generaReciboProducto(idproducto,idrecibo) VALUES ('IZ7O1S2A1C1XSUJLON','VMH7XVVL2R64EHBZKM');
INSERT INTO generaReciboProducto(idproducto,idrecibo) VALUES ('D7CA1BZ5U9YDQMDIZS','WDYLADDW3IY12CPWHS');
INSERT INTO generaReciboProducto(idproducto,idrecibo) VALUES ('P7VM0QURM6DWZEJEVH','Z9FPZKMF2WN804PIT0');
INSERT INTO generaReciboProducto(idproducto,idrecibo) VALUES ('PHF39OSN0LAIJC6AE4','JSCSWELQY61A3KB0EG');
INSERT INTO generaReciboProducto(idproducto,idrecibo) VALUES ('BK4AYE826UEJBRQS47','DLHTX7RDJ0AJBVL4B8');
INSERT INTO generaReciboProducto(idproducto,idrecibo) VALUES ('IZ7O1S2A1C1XSUJLON','BZTUDW30C4EQY2LPAS');
INSERT INTO generaReciboProducto(idproducto,idrecibo) VALUES ('VOYCH7A0VNDA6O6UD9','G4G32X75BLEL15OWTV');
INSERT INTO generaReciboProducto(idproducto,idrecibo) VALUES ('PVIYONLXXXM5Q5A1K3','39135DE1REV2P0PIXP');
INSERT INTO generaReciboProducto(idproducto,idrecibo) VALUES ('2K8A6AFD5QS5H8TDS3','KNPKQLTM8TCKKKA83T');
INSERT INTO generaReciboProducto(idproducto,idrecibo) VALUES ('D8O5QD9IK7A5CB383W','NBOHKEEX0IS0Z5FJWX');
INSERT INTO generaReciboProducto(idproducto,idrecibo) VALUES ('BH54ZC4N9WI05Q81LA','I1UU28TSI3ILZJSS38');
INSERT INTO generaReciboProducto(idproducto,idrecibo) VALUES ('VOYCH7A0VNDA6O6UD9','ZOC3NO6WXS9TGHA6GE');
INSERT INTO generaReciboProducto(idproducto,idrecibo) VALUES ('VXHLK0X582IU7BEE65','9KAUTIZIDO7IQ4XY9R');
INSERT INTO generaReciboProducto(idproducto,idrecibo) VALUES ('1HKJ6PNTWNDE1ZGIWN','2Z682VXNQDJIBGW862');
INSERT INTO generaReciboProducto(idproducto,idrecibo) VALUES ('5IOGU401LCPBGEFQML','2SF5NS47SBDK0R4IF4');
INSERT INTO generaReciboProducto(idproducto,idrecibo) VALUES ('8S8LRLJDP641SSH4DU','74AWE0AB7ODGUFYW33');
INSERT INTO generaReciboProducto(idproducto,idrecibo) VALUES ('M9WAWSY1XAN26D7M0B','760TENKMASCGCAJOVN');
INSERT INTO generaReciboProducto(idproducto,idrecibo) VALUES ('VXHLK0X582IU7BEE65','7XDB5QQ6IMH7SBM9IO');
INSERT INTO generaReciboProducto(idproducto,idrecibo) VALUES ('9R0K39NINJ2RUXBNWC','QPS9RPKUPF7VIOL6MY');
INSERT INTO generaReciboProducto(idproducto,idrecibo) VALUES ('RN2GIXBPAYXBZ2V7GM','T4YI5819WMBIN5DNET');
INSERT INTO generaReciboProducto(idproducto,idrecibo) VALUES ('7M4Z94LG246FAIXSXR','SSZBDT74594F5FXO1P');
INSERT INTO generaReciboProducto(idproducto,idrecibo) VALUES ('V2Y1TQZ7OSCIACLTYS','1AQ7CK8D142RIDN75Z');
INSERT INTO generaReciboProducto(idproducto,idrecibo) VALUES ('ZI3KHWO3HBBTNQKH5P','62I2CFX72P5A0T3WDM');
INSERT INTO generaReciboProducto(idproducto,idrecibo) VALUES ('VOYCH7A0VNDA6O6UD9','R35MXM3EKO0TJLS7VH');
INSERT INTO generaReciboProducto(idproducto,idrecibo) VALUES ('IW4MAM4XROXO4QOFZ3','MZ67SK5RKZVJSSUJF0');
INSERT INTO generaReciboProducto(idproducto,idrecibo) VALUES ('6HNUY66E1BDD9C8LRV','XZUJYKF9T5DS93RRRD');
INSERT INTO generaReciboProducto(idproducto,idrecibo) VALUES ('VSUZ4FCANXB9U1XZHE','N717VSJQJUCI09YQ21');
INSERT INTO generaReciboProducto(idproducto,idrecibo) VALUES ('PR2N5YE5T8F0L2039E','BJNMTYDAVA94O257YX');
INSERT INTO generaReciboProducto(idproducto,idrecibo) VALUES ('Z8UAXJTA7HNOLG9FMF','4MXFFXQ5558I1RKTYL');
INSERT INTO generaReciboProducto(idproducto,idrecibo) VALUES ('1HKJ6PNTWNDE1ZGIWN','VLT6G6LMIY5D4MNH3Y');
INSERT INTO generaReciboProducto(idproducto,idrecibo) VALUES ('QE7CPXTB07ZQX6F1I1','IEKXG4OVLLSECAF1GL');
INSERT INTO generaReciboProducto(idproducto,idrecibo) VALUES ('E45VS2R4MJTPP9QKCX','JBCL7BR7G8EJH2O6QN');
INSERT INTO generaReciboProducto(idproducto,idrecibo) VALUES ('B7L622WF84C4GDEAX2','QCKICSY4WJDFIFQYNK');
INSERT INTO generaReciboProducto(idproducto,idrecibo) VALUES ('IW4MAM4XROXO4QOFZ3','PPVHJBTJYGWO2NT50T');
INSERT INTO generaReciboProducto(idproducto,idrecibo) VALUES ('JYHZHCQ5HMJ7OWT9CB','0VLYJ0P2SRQXMBSMZ3');
INSERT INTO generaReciboProducto(idproducto,idrecibo) VALUES ('62DR50W48FFNKBGB85','7XWJHB4BFEQZQVZHYR');
INSERT INTO generaReciboProducto(idproducto,idrecibo) VALUES ('DCZTB8W89FKJ4UJUVO','UGD8CILVR5PDVBVMB9');
INSERT INTO generaReciboProducto(idproducto,idrecibo) VALUES ('C2QRCA155YOXCFYSR4','L3KXRALUDAQ296LGZL');
INSERT INTO generaReciboProducto(idproducto,idrecibo) VALUES ('WXPC9YSFU43883ID8N','ZW5RI3HIJILIXJMX6C');
INSERT INTO generaReciboProducto(idproducto,idrecibo) VALUES ('8S8LRLJDP641SSH4DU','PUCVL355ETX5ADX6GR');
INSERT INTO generaReciboProducto(idproducto,idrecibo) VALUES ('JYHZHCQ5HMJ7OWT9CB','679L24WKEA0W2WZ8G0');
INSERT INTO generaReciboProducto(idproducto,idrecibo) VALUES ('12MY44QTIH7LD9D13S','HAS07XBZ46J9QERRDC');
INSERT INTO generaReciboProducto(idproducto,idrecibo) VALUES ('9A7BGE0LMHX439DSO4','RP2RJW53GNJG6J21CY');
INSERT INTO generaReciboProducto(idproducto,idrecibo) VALUES ('RN2GIXBPAYXBZ2V7GM','SGPPSH1MUEEC21ZRFH');
INSERT INTO generaReciboProducto(idproducto,idrecibo) VALUES ('4LCGVQRY03E6QFYVLO','HY2NED67PEGLTYRH09');
INSERT INTO generaReciboProducto(idproducto,idrecibo) VALUES ('SJKWM4SV2P0P42SDH3','W9L7LOSDUXLVZ7RWAW');
INSERT INTO generaReciboProducto(idproducto,idrecibo) VALUES ('VSUZ4FCANXB9U1XZHE','CY7C4C3S4XKRH1T0TM');
INSERT INTO generaReciboProducto(idproducto,idrecibo) VALUES ('E9O9B0BNC1PC96K27E','NU4CRYAUKU4VGN648M');
INSERT INTO generaReciboProducto(idproducto,idrecibo) VALUES ('5IOGU401LCPBGEFQML','XUJNHHQAZWHCMLA2RG');
INSERT INTO generaReciboProducto(idproducto,idrecibo) VALUES ('WUU6Z80VGZ1FJITJT8','KTM0AF3C274ZQ8LMIS');
INSERT INTO generaReciboProducto(idproducto,idrecibo) VALUES ('WXPC9YSFU43883ID8N','0J04GEH7JNNAX9GH03');
INSERT INTO generaReciboProducto(idproducto,idrecibo) VALUES ('9M411FQ92ARNXBI2Q3','7XDB5QQ6IMH7SBM9IO');
INSERT INTO generaReciboProducto(idproducto,idrecibo) VALUES ('VSUZ4FCANXB9U1XZHE','KTY1U8YR90HN9V1XJL');
INSERT INTO generaReciboProducto(idproducto,idrecibo) VALUES ('9A7BGE0LMHX439DSO4','4TKHCYX3TR7XNUG0LC');
INSERT INTO generaReciboProducto(idproducto,idrecibo) VALUES ('12MY44QTIH7LD9D13S','ZZS05R01ZLD2D4Y04S');
INSERT INTO generaReciboProducto(idproducto,idrecibo) VALUES ('E45VS2R4MJTPP9QKCX','2DHJXV88W3FTCBP79D');
INSERT INTO generaReciboProducto(idproducto,idrecibo) VALUES ('5IOGU401LCPBGEFQML','VMH7XVVL2R64EHBZKM');
INSERT INTO generaReciboProducto(idproducto,idrecibo) VALUES ('543H05J9M4QPXXPOCP','817VSIBH15W41YCMFT');
INSERT INTO generaReciboProducto(idproducto,idrecibo) VALUES ('7XINQB51DRKCHKPMTI','VQZQB83DRA8QGCLKU9');
INSERT INTO generaReciboProducto(idproducto,idrecibo) VALUES ('B8HO5RC890I0CJ5VGL','KTM0AF3C274ZQ8LMIS');
INSERT INTO generaReciboProducto(idproducto,idrecibo) VALUES ('12MY44QTIH7LD9D13S','FQPDJWN1UZJI0ZDWQ3');
INSERT INTO generaReciboProducto(idproducto,idrecibo) VALUES ('X0SRA76PRDTDLWEYCW','EN6PG1MD19CGJOIEGS');
INSERT INTO generaReciboProducto(idproducto,idrecibo) VALUES ('E9O9B0BNC1PC96K27E','T7VSQR32MDWU147WHU');
INSERT INTO generaReciboProducto(idproducto,idrecibo) VALUES ('VA1YT3DV5IW1IKQ24M','SRPETJG1XN8VNOEYFY');
INSERT INTO generaReciboProducto(idproducto,idrecibo) VALUES ('B8HO5RC890I0CJ5VGL','M7J0YYLBI58TEC2LFS');
-- 	}}}


--- Vender 	{{{
INSERT INTO vender(nombreestetica,idproducto) VALUES ('Raynor-Krajcik','P7VM0QURM6DWZEJEVH');
INSERT INTO vender(nombreestetica,idproducto) VALUES ('Schowalter and Sons','DCZTB8W89FKJ4UJUVO');
INSERT INTO vender(nombreestetica,idproducto) VALUES ('Zemlak-Morar','9M411FQ92ARNXBI2Q3');
INSERT INTO vender(nombreestetica,idproducto) VALUES ('Wilderman, Flatley and Lebsack','FTHSTXWZ22HB1FE38Z');
INSERT INTO vender(nombreestetica,idproducto) VALUES ('Feil-Schulist','C2QRCA155YOXCFYSR4');
INSERT INTO vender(nombreestetica,idproducto) VALUES ('Willms Inc','VSUZ4FCANXB9U1XZHE');
INSERT INTO vender(nombreestetica,idproducto) VALUES ('Renner Inc','4OVQGMBO33ZWIW9YD6');
INSERT INTO vender(nombreestetica,idproducto) VALUES ('Dietrich-Wintheiser','FTHSTXWZ22HB1FE38Z');
INSERT INTO vender(nombreestetica,idproducto) VALUES ('Kutch LLC','SJKWM4SV2P0P42SDH3');
INSERT INTO vender(nombreestetica,idproducto) VALUES ('Reynolds, Hagenes and VonRueden','WUU6Z80VGZ1FJITJT8');
INSERT INTO vender(nombreestetica,idproducto) VALUES ('Fisher and Sons','B8HO5RC890I0CJ5VGL');
INSERT INTO vender(nombreestetica,idproducto) VALUES ('Considine and Sons','V2Y1TQZ7OSCIACLTYS');
INSERT INTO vender(nombreestetica,idproducto) VALUES ('Dietrich-Wintheiser','Y0SPXNPOXOFJMKTIJR');
INSERT INTO vender(nombreestetica,idproducto) VALUES ('Goyette-Quitzon','DDMANH0AP7ITO04OF3');
INSERT INTO vender(nombreestetica,idproducto) VALUES ('Rath Inc','XVRSZVXCN63PPZ6WH3');
INSERT INTO vender(nombreestetica,idproducto) VALUES ('Beer, Abernathy and Wyman','12ILNX7BHYBN0694HG');
INSERT INTO vender(nombreestetica,idproducto) VALUES ('Herman, Borer and Leffler','12MY44QTIH7LD9D13S');
INSERT INTO vender(nombreestetica,idproducto) VALUES ('Dietrich-Wintheiser','E9O9B0BNC1PC96K27E');
INSERT INTO vender(nombreestetica,idproducto) VALUES ('Hagenes Inc','ZI3KHWO3HBBTNQKH5P');
INSERT INTO vender(nombreestetica,idproducto) VALUES ('Treutel, Conn and O''Kon','RN2GIXBPAYXBZ2V7GM');
INSERT INTO vender(nombreestetica,idproducto) VALUES ('Howell, Ritchie and Terry','C7YZOOKH43ZCTRZTC2');
INSERT INTO vender(nombreestetica,idproducto) VALUES ('Kutch LLC','DDMANH0AP7ITO04OF3');
INSERT INTO vender(nombreestetica,idproducto) VALUES ('Schowalter and Sons','1HKJ6PNTWNDE1ZGIWN');
INSERT INTO vender(nombreestetica,idproducto) VALUES ('Abshire, Kuhic and Franecki','V2Y1TQZ7OSCIACLTYS');
INSERT INTO vender(nombreestetica,idproducto) VALUES ('Herman, Borer and Leffler','2K8A6AFD5QS5H8TDS3');
INSERT INTO vender(nombreestetica,idproducto) VALUES ('Koss-Denesik','XTT45U371V3DE8I0FY');
INSERT INTO vender(nombreestetica,idproducto) VALUES ('Hansen, Larson and Quitzon','8S8LRLJDP641SSH4DU');
INSERT INTO vender(nombreestetica,idproducto) VALUES ('Hagenes Inc','Y0SPXNPOXOFJMKTIJR');
INSERT INTO vender(nombreestetica,idproducto) VALUES ('Beatty Group','D7CA1BZ5U9YDQMDIZS');
INSERT INTO vender(nombreestetica,idproducto) VALUES ('Brekke and Sons','RN2GIXBPAYXBZ2V7GM');
INSERT INTO vender(nombreestetica,idproducto) VALUES ('Wolf and Sons','9R0K39NINJ2RUXBNWC');
INSERT INTO vender(nombreestetica,idproducto) VALUES ('Fay Group','XVRSZVXCN63PPZ6WH3');
INSERT INTO vender(nombreestetica,idproducto) VALUES ('Bartell Group','WLYB6RK799W4Y51DCQ');
INSERT INTO vender(nombreestetica,idproducto) VALUES ('Gerhold-Moore','HKHT9AK99NXHN29YGL');
INSERT INTO vender(nombreestetica,idproducto) VALUES ('Mertz-Lueilwitz','9A7BGE0LMHX439DSO4');
INSERT INTO vender(nombreestetica,idproducto) VALUES ('Nitzsche-Hodkiewicz','BH54ZC4N9WI05Q81LA');
INSERT INTO vender(nombreestetica,idproducto) VALUES ('Monahan LLC','543H05J9M4QPXXPOCP');
INSERT INTO vender(nombreestetica,idproducto) VALUES ('Tremblay-Thiel','D8O5QD9IK7A5CB383W');
INSERT INTO vender(nombreestetica,idproducto) VALUES ('Hartmann, Bernhard and Yost','2K8A6AFD5QS5H8TDS3');
INSERT INTO vender(nombreestetica,idproducto) VALUES ('Gerhold-Moore','Z8UAXJTA7HNOLG9FMF');
INSERT INTO vender(nombreestetica,idproducto) VALUES ('Koss-Denesik','6ITYF2HMG11359IO81');
INSERT INTO vender(nombreestetica,idproducto) VALUES ('Bartoletti-Crist','8S8LRLJDP641SSH4DU');
INSERT INTO vender(nombreestetica,idproducto) VALUES ('Kuphal-Jakubowski','M9WAWSY1XAN26D7M0B');
INSERT INTO vender(nombreestetica,idproducto) VALUES ('Parisian-VonRueden','HX7N37MHPY6HNQ9W5X');
INSERT INTO vender(nombreestetica,idproducto) VALUES ('Jaskolski Inc','543H05J9M4QPXXPOCP');
INSERT INTO vender(nombreestetica,idproducto) VALUES ('Koch, Wehner and Zieme','BK4AYE826UEJBRQS47');
INSERT INTO vender(nombreestetica,idproducto) VALUES ('Renner Inc','IL3I8FJ26MRHGW084Y');
INSERT INTO vender(nombreestetica,idproducto) VALUES ('Sporer-D''Amore','JYHZHCQ5HMJ7OWT9CB');
INSERT INTO vender(nombreestetica,idproducto) VALUES ('D''Amore-Mosciski','BH54ZC4N9WI05Q81LA');
INSERT INTO vender(nombreestetica,idproducto) VALUES ('Schowalter and Sons','WUU6Z80VGZ1FJITJT8');
INSERT INTO vender(nombreestetica,idproducto) VALUES ('Beer, Abernathy and Wyman','6HNUY66E1BDD9C8LRV');
INSERT INTO vender(nombreestetica,idproducto) VALUES ('Donnelly-Ortiz','ZI3KHWO3HBBTNQKH5P');
INSERT INTO vender(nombreestetica,idproducto) VALUES ('Beatty, Kilback and Keeling','DAL2OV83MRPX14B0NR');
INSERT INTO vender(nombreestetica,idproducto) VALUES ('Dietrich-Wintheiser','JYHZHCQ5HMJ7OWT9CB');
INSERT INTO vender(nombreestetica,idproducto) VALUES ('Homenick-Kling','BH54ZC4N9WI05Q81LA');
INSERT INTO vender(nombreestetica,idproducto) VALUES ('Beer-Anderson','I7MUHN4TYOB8BOG2M0');
INSERT INTO vender(nombreestetica,idproducto) VALUES ('Maggio, Sanford and Predovic','WUU6Z80VGZ1FJITJT8');
INSERT INTO vender(nombreestetica,idproducto) VALUES ('Hagenes Inc','C2QRCA155YOXCFYSR4');
INSERT INTO vender(nombreestetica,idproducto) VALUES ('Beahan, Langworth and Johnson','BK4AYE826UEJBRQS47');
INSERT INTO vender(nombreestetica,idproducto) VALUES ('Krajcik LLC','PHUNY1X8FN8CKDLHSB');
INSERT INTO vender(nombreestetica,idproducto) VALUES ('Frami-Goyette','GHS9TCPWIM0Z9SKXBE');
INSERT INTO vender(nombreestetica,idproducto) VALUES ('Treutel, Conn and O''Kon','4LCGVQRY03E6QFYVLO');
INSERT INTO vender(nombreestetica,idproducto) VALUES ('Kunze, Wehner and Stanton','IL3I8FJ26MRHGW084Y');
INSERT INTO vender(nombreestetica,idproducto) VALUES ('Beatty, Kilback and Keeling','C2QRCA155YOXCFYSR4');
INSERT INTO vender(nombreestetica,idproducto) VALUES ('Murphy, Raynor and Kilback','D7CA1BZ5U9YDQMDIZS');
INSERT INTO vender(nombreestetica,idproducto) VALUES ('Donnelly-Ortiz','QE7CPXTB07ZQX6F1I1');
INSERT INTO vender(nombreestetica,idproducto) VALUES ('Kunze, Wehner and Stanton','D7CA1BZ5U9YDQMDIZS');
INSERT INTO vender(nombreestetica,idproducto) VALUES ('Koch, Wehner and Zieme','HKHT9AK99NXHN29YGL');
INSERT INTO vender(nombreestetica,idproducto) VALUES ('Jaskolski Inc','1HKJ6PNTWNDE1ZGIWN');
INSERT INTO vender(nombreestetica,idproducto) VALUES ('Beatty, Kilback and Keeling','GLFTTXBN5R95A1OM1G');
INSERT INTO vender(nombreestetica,idproducto) VALUES ('D''Amore-Mosciski','53L2D55ZVQGC0E5RT6');
INSERT INTO vender(nombreestetica,idproducto) VALUES ('Beatty, Kilback and Keeling','R5OIZHWPNREJQYFRU0');
INSERT INTO vender(nombreestetica,idproducto) VALUES ('Howell, Ritchie and Terry','WLYB6RK799W4Y51DCQ');
INSERT INTO vender(nombreestetica,idproducto) VALUES ('Wiegand, Klein and Kshlerin','WUU6Z80VGZ1FJITJT8');
INSERT INTO vender(nombreestetica,idproducto) VALUES ('Sporer-D''Amore','I7MUHN4TYOB8BOG2M0');
INSERT INTO vender(nombreestetica,idproducto) VALUES ('Kassulke Inc','HKHT9AK99NXHN29YGL');
INSERT INTO vender(nombreestetica,idproducto) VALUES ('Beer-Anderson','IW4MAM4XROXO4QOFZ3');
INSERT INTO vender(nombreestetica,idproducto) VALUES ('Weimann-Stiedemann','BH54ZC4N9WI05Q81LA');
INSERT INTO vender(nombreestetica,idproducto) VALUES ('Murphy, Raynor and Kilback','GLFTTXBN5R95A1OM1G');
INSERT INTO vender(nombreestetica,idproducto) VALUES ('Feest, Muller and Rodriguez','51OOOKJCOZ9TF0A281');
INSERT INTO vender(nombreestetica,idproducto) VALUES ('Bartoletti-Crist','C2QRCA155YOXCFYSR4');
INSERT INTO vender(nombreestetica,idproducto) VALUES ('Maggio, Sanford and Predovic','T2AKG959WQB8ZHW5AZ');
INSERT INTO vender(nombreestetica,idproducto) VALUES ('Bruen LLC','7UW7AJBRZ07WMF4Q31');
INSERT INTO vender(nombreestetica,idproducto) VALUES ('Sporer-D''Amore','4OVQGMBO33ZWIW9YD6');
INSERT INTO vender(nombreestetica,idproducto) VALUES ('Koch, Wehner and Zieme','VOL4Z4OBBPFBTD9LPS');
INSERT INTO vender(nombreestetica,idproducto) VALUES ('Beatty Group','62DR50W48FFNKBGB85');
INSERT INTO vender(nombreestetica,idproducto) VALUES ('Cormier LLC','I7MUHN4TYOB8BOG2M0');
INSERT INTO vender(nombreestetica,idproducto) VALUES ('Mante Group','HX7N37MHPY6HNQ9W5X');
INSERT INTO vender(nombreestetica,idproducto) VALUES ('Casper, Tillman and Ernser','QPVBMN3DRHLH1DNXU7');
INSERT INTO vender(nombreestetica,idproducto) VALUES ('Leannon-Durgan','9A7BGE0LMHX439DSO4');
INSERT INTO vender(nombreestetica,idproducto) VALUES ('Hagenes Inc','LPNO229FMGU76IF5TX');
INSERT INTO vender(nombreestetica,idproducto) VALUES ('Waelchi, Buckridge and Daugherty','RTBG4DMC8QLWP73YB6');
INSERT INTO vender(nombreestetica,idproducto) VALUES ('Farrell Group','IZ7O1S2A1C1XSUJLON');
INSERT INTO vender(nombreestetica,idproducto) VALUES ('Murphy, Raynor and Kilback','AX9OCV7JDTWXCSRIQY');
INSERT INTO vender(nombreestetica,idproducto) VALUES ('Bartoletti-Crist','XTT45U371V3DE8I0FY');
INSERT INTO vender(nombreestetica,idproducto) VALUES ('Hackett-Quitzon','JYHZHCQ5HMJ7OWT9CB');
INSERT INTO vender(nombreestetica,idproducto) VALUES ('Herman, Borer and Leffler','NU68QCSAWPJ9LTAHK3');
INSERT INTO vender(nombreestetica,idproducto) VALUES ('Sporer-D''Amore','DI0S7PRDFHBFXURIN4');
INSERT INTO vender(nombreestetica,idproducto) VALUES ('Reichel Inc','LPNO229FMGU76IF5TX');
INSERT INTO vender(nombreestetica,idproducto) VALUES ('Homenick-Kling','62DR50W48FFNKBGB85');
-- 	}}}


--- Pagar 	{{{
INSERT INTO pagar(idpago,idrecibo) VALUES ('5SZE5GPX4W4II83M9W','CSG8C5UURYEDUU6WWX');
INSERT INTO pagar(idpago,idrecibo) VALUES ('T28AJTUYGU42SOD23A','6WFJ5M1BS3D30PMCRT');
INSERT INTO pagar(idpago,idrecibo) VALUES ('MG3RI7VC6KK6K7MZ0S','QUSJEB95MVZDKSEHC6');
INSERT INTO pagar(idpago,idrecibo) VALUES ('CZITNY9CI37IUE5VE8','GTKO6ACKDS5TCZTNO9');
INSERT INTO pagar(idpago,idrecibo) VALUES ('56WVYFHFKLVA4X9FGF','J3CSES07NGQB9KU6NY');
INSERT INTO pagar(idpago,idrecibo) VALUES ('048SODLWXU3YEQ9BES','W24R36ALFYXDX2P1G5');
INSERT INTO pagar(idpago,idrecibo) VALUES ('8BMTXSB2EC51GE1PFI','2ZH81MEVNV2E4O6Z08');
INSERT INTO pagar(idpago,idrecibo) VALUES ('H3298NH1T5GLUIZXWA','EI475N1VQ96FFG5GWW');
INSERT INTO pagar(idpago,idrecibo) VALUES ('X2IE0MFJCHZ9AC9PDD','BFW9BN08URZUTMNW5G');
INSERT INTO pagar(idpago,idrecibo) VALUES ('ILABTMJBF7X3PBB5D3','7P95SC3N9ADGAK2Q89');
INSERT INTO pagar(idpago,idrecibo) VALUES ('DUKJX3Q50YUDG8OIE6','T40RCFRUTFFNXRBR71');
INSERT INTO pagar(idpago,idrecibo) VALUES ('EVXZ84EF04XGO51144','HW51AK9P3GDOAF2IPE');
INSERT INTO pagar(idpago,idrecibo) VALUES ('QDSBEZ3986219HION8','GK0F3TPNRBJJEGA03H');
INSERT INTO pagar(idpago,idrecibo) VALUES ('A20D9C2TGYR941LV3K','4IVYA130CX97F1X45U');
INSERT INTO pagar(idpago,idrecibo) VALUES ('NCSGLQQXIHAX8Z0T1C','MPKSKLFNW57TOOE2LY');
INSERT INTO pagar(idpago,idrecibo) VALUES ('XCOKVDEJ7YV2T5CKO3','ZA0T2BPOKNHA7W1VFL');
INSERT INTO pagar(idpago,idrecibo) VALUES ('VFLRKNVSUERA2L6PUN','QR9WDTOGVRKYQNVBJW');
INSERT INTO pagar(idpago,idrecibo) VALUES ('NTBNF8K97BB8DDTW3A','J9NFH9ZWWGFS1W71V9');
INSERT INTO pagar(idpago,idrecibo) VALUES ('9FUISAGP99W8LYLG3X','CT0WXXET3SNNMQS5YQ');
INSERT INTO pagar(idpago,idrecibo) VALUES ('ZFZNF4ON41S5974MMS','WDETZ4SA2RRKOMLK8U');
INSERT INTO pagar(idpago,idrecibo) VALUES ('BLVN520ILVQ62IM0HQ','550XE3XBI55DJK1J2Y');
INSERT INTO pagar(idpago,idrecibo) VALUES ('T4Y2D8D3YSXVETHT6S','DZV6SX48TG6SRRNXZG');
INSERT INTO pagar(idpago,idrecibo) VALUES ('EP9OMZBU28GBXFNAKE','3CYVIPFFN7GXXZDQA6');
INSERT INTO pagar(idpago,idrecibo) VALUES ('26K47EG1MJLD6BOO3B','9MQDZH0VB1RNHSGALZ');
INSERT INTO pagar(idpago,idrecibo) VALUES ('IEP2E8O0969RBFOEP4','6N4F1VPGOKLQKTMPYQ');
INSERT INTO pagar(idpago,idrecibo) VALUES ('USNGJS9DKXUG8JRNNO','UG3PEA4RIFRRXZZ060');
INSERT INTO pagar(idpago,idrecibo) VALUES ('QWF7GKPJO5Z126GZ9R','J4U6KPGD85UEC5EWY0');
INSERT INTO pagar(idpago,idrecibo) VALUES ('6GOQ8I3U1Y44UMNQDR','WB5BB6QW52CBJRMIFZ');
INSERT INTO pagar(idpago,idrecibo) VALUES ('K1A8GOAR9B7WYUJ1KX','XWUH0NMJ8MCRSBVR7C');
INSERT INTO pagar(idpago,idrecibo) VALUES ('8S7Y7XVLEG9LMHEQHO','XM0S4DEZBWC2S81G13');
INSERT INTO pagar(idpago,idrecibo) VALUES ('3E4WQR4CO6GFX7NIA9','YQ7Y40CE39ER45FIXI');
INSERT INTO pagar(idpago,idrecibo) VALUES ('19S54IDN7H15308IHD','5OD7QJ8GTUQKA67E3W');
INSERT INTO pagar(idpago,idrecibo) VALUES ('18KUK1SNTADW1YO7UY','7F4WTP8IVVVNVMD66R');
INSERT INTO pagar(idpago,idrecibo) VALUES ('ID5HQJCWTY694PATMS','Z2L1AA44NMKV96SRWJ');
INSERT INTO pagar(idpago,idrecibo) VALUES ('PRWX373DYG2B3XE229','K0AZQE5C1PZDL0ZUFC');
INSERT INTO pagar(idpago,idrecibo) VALUES ('ZNGV3KOFQ5CIZXFFLG','6YUXGX8Q8112A1MFV9');
INSERT INTO pagar(idpago,idrecibo) VALUES ('RU4WDZCMWXMUCBJDZN','7BIZH2I222LGLT1014');
INSERT INTO pagar(idpago,idrecibo) VALUES ('6OE888CRCBHAIKDLNO','BF2HDO1EN8CHYI7SO1');
INSERT INTO pagar(idpago,idrecibo) VALUES ('U8S3AOY1WMMHUVLL69','8FVIZJH3UH63OQC2PY');
INSERT INTO pagar(idpago,idrecibo) VALUES ('2CPD4I8X1GA3MTOWC5','RH4XHPO2EENSG17BLQ');
INSERT INTO pagar(idpago,idrecibo) VALUES ('MO0FQYJF4LJW60WJMC','DWUO6DMNHB3L2M7CZP');
INSERT INTO pagar(idpago,idrecibo) VALUES ('H6BZSY99S0XAIB1FIP','QPM0M4CGVAX6X2U5YM');
INSERT INTO pagar(idpago,idrecibo) VALUES ('58TKE9776CPH06T0UV','9KAUTIZIDO7IQ4XY9R');
INSERT INTO pagar(idpago,idrecibo) VALUES ('YZ1HK5OA4ZRM22M2MP','IM18J1979MVJJGEDO5');
INSERT INTO pagar(idpago,idrecibo) VALUES ('IVVIJYU6KKZK7IMG1O','GDO43G4F2ZPHJZTS51');
INSERT INTO pagar(idpago,idrecibo) VALUES ('TM17WB94YX8ZT8SMAY','SKRXP7HUOP3A1WRQE3');
INSERT INTO pagar(idpago,idrecibo) VALUES ('0HGMMYMGC4IENG45SH','FVRQW7IH97M1MXCR7C');
INSERT INTO pagar(idpago,idrecibo) VALUES ('R98OEI1OKS6CL56O0P','LVWGMF1B7D2I3I3O38');
INSERT INTO pagar(idpago,idrecibo) VALUES ('B9V8CKR548V7NC93EK','71Z4OINJGPNB7DBHT8');
INSERT INTO pagar(idpago,idrecibo) VALUES ('7PGVA8DARHJQX6X272','7092OW47LW1QZGB84O');
INSERT INTO pagar(idpago,idrecibo) VALUES ('TYG7LQ14SYQUDXOMU3','K6ZSXVAJQFWD894IFA');
INSERT INTO pagar(idpago,idrecibo) VALUES ('999EI4H7O2BH6E5TYT','GJYSWU4IF67483M5V3');
INSERT INTO pagar(idpago,idrecibo) VALUES ('CFHA2ECCL3HDUMKOKZ','MS9SJOQDSZ5W1EN8Z7');
INSERT INTO pagar(idpago,idrecibo) VALUES ('4F8LDGOZD01E0QOAW5','4EQAVOVN6AO5SO54LR');
INSERT INTO pagar(idpago,idrecibo) VALUES ('PZMJ2PO9YGBRD3JMJ2','Z7LPFMXC0MBEE98EWS');
INSERT INTO pagar(idpago,idrecibo) VALUES ('LFZC0VK1ZEBR9SK67Z','LA0ESRAWD8OG33Y4KT');
INSERT INTO pagar(idpago,idrecibo) VALUES ('VG65X6KD2RKZ6A5O4T','451JVUDUXVLUO6TIK5');
INSERT INTO pagar(idpago,idrecibo) VALUES ('U2FA4TYMGBFUFRKCJV','IFHTUI3I3RIN4889PZ');
INSERT INTO pagar(idpago,idrecibo) VALUES ('ZA37BM3UAMZTQQ45J2','AJ29ZZHZLJLK1YJLD8');
INSERT INTO pagar(idpago,idrecibo) VALUES ('L0L1FOU2J8MDBXVE33','0IJTO96I0SL6VSZI0V');
INSERT INTO pagar(idpago,idrecibo) VALUES ('BBB3HVOXOTKV6B7LG2','823D4SKYQIF4OBEHMY');
INSERT INTO pagar(idpago,idrecibo) VALUES ('663ASWYTWRGAZYLC0U','Z7PRNQQ0QR8LO7ZNM4');
INSERT INTO pagar(idpago,idrecibo) VALUES ('K1NCV8DL4NAKBR00ZJ','ARGMTS00VY24HBE064');
INSERT INTO pagar(idpago,idrecibo) VALUES ('6Z2AXWHWYXDRN0A6TW','RW83VX4KYRI87GH69X');
INSERT INTO pagar(idpago,idrecibo) VALUES ('Y9D5NU49UJQ1RQJUJV','CHLB77IHU9HSG9DBL0');
INSERT INTO pagar(idpago,idrecibo) VALUES ('0E8L7O5N2ZQ9YJJBMY','WQXNIHRKGPOM8JU7OV');
INSERT INTO pagar(idpago,idrecibo) VALUES ('6V7VGKVNYEAW32RBVQ','EEROUIDD87LQD8V9LU');
INSERT INTO pagar(idpago,idrecibo) VALUES ('NYWE4013N91YGTV0O3','FQIBMXPU7WT2TU8HL5');
INSERT INTO pagar(idpago,idrecibo) VALUES ('PQI01FRW5DG316OXE4','05URY116LCQQHQ3ONM');
INSERT INTO pagar(idpago,idrecibo) VALUES ('RVN0G7C9H3WCF4S7P1','CO1ZNV9D6JWU99DQWM');
INSERT INTO pagar(idpago,idrecibo) VALUES ('X5LI9YS2KBEDO44L35','FJQ35XGUNMKA8M27YN');
INSERT INTO pagar(idpago,idrecibo) VALUES ('VV9N7TP37EK26KMSX5','4Q75VYNPU70WWPDH2N');
INSERT INTO pagar(idpago,idrecibo) VALUES ('7SHBF1CJGI85XHLDDY','HS3UHG8ODC5KD3T6CA');
INSERT INTO pagar(idpago,idrecibo) VALUES ('AEGT9CTVTQ3RFWXSHT','PD4YN19RLEKW4YP32G');
INSERT INTO pagar(idpago,idrecibo) VALUES ('BW77C36QGHF96RW7Q0','VMOBW7UU6A18HTWYOO');
INSERT INTO pagar(idpago,idrecibo) VALUES ('SO812PEKQOCCYABL75','NZNZFRI7UZWOJMFAH5');
INSERT INTO pagar(idpago,idrecibo) VALUES ('46QZQSHAAH1KGI13LD','F4Z59DSX9FVQ7SM7VC');
INSERT INTO pagar(idpago,idrecibo) VALUES ('CY41B7LATUJ56Q8BD4','XZUJYKF9T5DS93RRRD');
INSERT INTO pagar(idpago,idrecibo) VALUES ('E1VOIEJHWJLEL5H0OM','3W80JI8520U3XEIWHM');
INSERT INTO pagar(idpago,idrecibo) VALUES ('7GAXE5SBXFJULQQWRL','TPIN72CSSZJY8AKVD6');
INSERT INTO pagar(idpago,idrecibo) VALUES ('BCOWILZLGPZMCPYPV0','BU2R34RRKXLSZI0H50');
INSERT INTO pagar(idpago,idrecibo) VALUES ('F35Q8TDL8EFE6ALK2S','MT3X08ZCZKH6CMMCQ3');
INSERT INTO pagar(idpago,idrecibo) VALUES ('D2DU4YV9C8AXOBG651','6XWBFGVNBVG0Q563W4');
INSERT INTO pagar(idpago,idrecibo) VALUES ('R1X9G696L6PEE707NZ','8YOZRMG5C50DK6PYF8');
INSERT INTO pagar(idpago,idrecibo) VALUES ('YO42BKJYECQ0DG2J3E','N2WQZTCENKDTMYRCA1');
INSERT INTO pagar(idpago,idrecibo) VALUES ('9CTJAM6UI3G1U3TMGC','NJ2SBI3ZSNIAMD3JHD');
INSERT INTO pagar(idpago,idrecibo) VALUES ('QWDZ6HI8ZYSWT1SZOJ','NBGJB2EEJG8DZCOJFY');
INSERT INTO pagar(idpago,idrecibo) VALUES ('5GOYYKGPLOJXGJDHAI','UDPEAA3UY232A3GVES');
INSERT INTO pagar(idpago,idrecibo) VALUES ('DJXT3HU19JO7AXOYD6','2ZGEC79YKGWXG2HLFH');
INSERT INTO pagar(idpago,idrecibo) VALUES ('GEDGNOYNXK9P3WLSRW','M87MPW39NILUPAIBW9');
INSERT INTO pagar(idpago,idrecibo) VALUES ('ON4PE1T20ABILPM9JT','L589UEGANF4KDBTM6Q');
INSERT INTO pagar(idpago,idrecibo) VALUES ('F80B77DZBJBNYCYBCE','MCJ3ZRARCZ87L6PBIF');
INSERT INTO pagar(idpago,idrecibo) VALUES ('WF4GH2FSOYL03JL8YE','VHB0ULPXVNHFGVKRS7');
INSERT INTO pagar(idpago,idrecibo) VALUES ('0AKT6BHXVWO5ZZ55RJ','2SF5NS47SBDK0R4IF4');
INSERT INTO pagar(idpago,idrecibo) VALUES ('QJSZB460DAQBBJ1WEE','J28FA2M4S9EDANAHC5');
INSERT INTO pagar(idpago,idrecibo) VALUES ('49N2D3H45TWALUAP03','W9ISMZT80JCGGCDG4K');
INSERT INTO pagar(idpago,idrecibo) VALUES ('9KPE5LLE46RT2ZERER','02ER7GGOW3OBW0ZJYK');
INSERT INTO pagar(idpago,idrecibo) VALUES ('O8DO8EI5SBLUXEPNX9','BANS707FXCP0NIOJM7');
INSERT INTO pagar(idpago,idrecibo) VALUES ('3O3DTWZ94LAE0AVWYK','1U9B3CFHVYH91FPASL');
INSERT INTO pagar(idpago,idrecibo) VALUES ('L13FVBVLO1UUP2DU2U','AP7ZCMY2I79TRJKT5I');
-- 	}}}
