insert into taqueria (id, RFC, Nombre, Calle, Numero, Estado, C_Postal, Telefono, Email) values (1, 'BLQJ663280O6W', 'Sheelah', 'Red Cloud', '99812', 'estados', '28315', '6508895800', 'sfippe0@java.com');
insert into taqueria (id, RFC, Nombre, Calle, Numero, Estado, C_Postal, Telefono, Email) values (2, 'BMXV744146Z8N', 'Willard', 'Grim', '2418', 'Campeche', '89381', '3376315275', 'wfrodsham1@newsvine.com');
insert into taqueria (id, RFC, Nombre, Calle, Numero, Estado, C_Postal, Telefono, Email) values (3, 'IHOK574840K9M', 'Christiana', 'Russell', '934', 'Distrito Federal', '50677', '1901805486', 'cgrace2@example.com');
insert into taqueria (id, RFC, Nombre, Calle, Numero, Estado, C_Postal, Telefono, Email) values (4, 'KOFX408366ME9', 'Melloney', 'Ronald Regan', '8', 'Morelos', '17260', '6874349168', 'mdudson3@typepad.com');
insert into taqueria (id, RFC, Nombre, Calle, Numero, Estado, C_Postal, Telefono, Email) values (5, 'VICI157389EOI', 'Shandy', 'Di Loreto', '4424', 'Tlaxcala', '71528', '3716121451', 'sglazyer4@quantcast.com');
insert into taqueria (id, RFC, Nombre, Calle, Numero, Estado, C_Postal, Telefono, Email) values (6, 'SXXD895203VUW', 'Hilliard', 'Washington', '4', 'Aguascalientes', '84085', '5333342112', 'hswatten5@addthis.com');
insert into taqueria (id, RFC, Nombre, Calle, Numero, Estado, C_Postal, Telefono, Email) values (7, 'KZQZ761430JIG', 'Tori', 'Monument', '478', 'estados', '80291', '3526023192', 'tpiff6@com.com');
insert into taqueria (id, RFC, Nombre, Calle, Numero, Estado, C_Postal, Telefono, Email) values (8, 'OTOX949008KFV', 'Cherri', 'Talmadge', '70139', 'Baja California Sur', '49459', '6382962665', 'ckenford7@house.gov');
insert into taqueria (id, RFC, Nombre, Calle, Numero, Estado, C_Postal, Telefono, Email) values (9, 'YMVE803098TPN', 'Zebulen', 'Fisk', '02', 'Sonora', '89933', '7134366912', 'zstandish8@accuweather.com');
insert into taqueria (id, RFC, Nombre, Calle, Numero, Estado, C_Postal, Telefono, Email) values (10, 'KEPQ544518QNA', 'Dee', 'Warbler', '88', 'Guanajuato', '05721', '3222181500', 'dasbrey9@businessinsider.com');
insert into taqueria (id, RFC, Nombre, Calle, Numero, Estado, C_Postal, Telefono, Email) values (11, 'GPMY317137APT', 'Jan', 'Melrose', '5310', 'Sinaloa', '40446', '3296863914', 'jrhodusa@usatoday.com');
insert into taqueria (id, RFC, Nombre, Calle, Numero, Estado, C_Postal, Telefono, Email) values (12, 'EYHW955430VXE', 'Carlen', 'Katie', '56223', 'México', '33614', '6587489911', 'clochrieb@acquirethisname.com');
insert into taqueria (id, RFC, Nombre, Calle, Numero, Estado, C_Postal, Telefono, Email) values (13, 'GWXC568366ORK', 'Vick', 'Riverside', '3736', 'Baja California', '30546', '1579942119', 'vlarozec@cpanel.net');
insert into taqueria (id, RFC, Nombre, Calle, Numero, Estado, C_Postal, Telefono, Email) values (14, 'JEBJ907582BDP', 'Kacy', 'Scoville', '99', 'Campeche', '81263', '3105075991', 'kcowoped@businessweek.com');
insert into taqueria (id, RFC, Nombre, Calle, Numero, Estado, C_Postal, Telefono, Email) values (15, 'KOGD387314GWF', 'Latashia', 'Brentwood', '07', 'Zacatecas', '36670', '3427214747', 'lsheere@spotify.com');
insert into taqueria (id, RFC, Nombre, Calle, Numero, Estado, C_Postal, Telefono, Email) values (16, 'OTSZ115163JH8', 'Enrico', 'Warrior', '9', 'Tlaxcala', '98479', '5984178928', 'efarndellf@blogtalkradio.com');
insert into taqueria (id, RFC, Nombre, Calle, Numero, Estado, C_Postal, Telefono, Email) values (17, 'MBVG826948MU0', 'Gaby', 'Blue Bill Park', '87275', 'México', '86984', '7772434475', 'gpratong@boston.com');
insert into taqueria (id, RFC, Nombre, Calle, Numero, Estado, C_Postal, Telefono, Email) values (18, 'ZJSK9170792CF', 'Burty', 'Swallow', '88', 'Nuevo León', '34342', '1845800331', 'bcliftonh@ox.ac.uk');
insert into taqueria (id, RFC, Nombre, Calle, Numero, Estado, C_Postal, Telefono, Email) values (19, 'WGXT36515825G', 'Sibyl', 'Tomscot', '47', 'Durango', '62784', '6006491509', 'smicklewiczi@woothemes.com');
insert into taqueria (id, RFC, Nombre, Calle, Numero, Estado, C_Postal, Telefono, Email) values (20, 'VCFI305748TGU', 'Lorilyn', 'Granby', '50', 'Zacatecas', '11596', '6369573506', 'lrowselj@ask.com');
insert into taqueria (id, RFC, Nombre, Calle, Numero, Estado, C_Postal, Telefono, Email) values (21, 'FDAE780113BZQ', 'Duff', 'Oak Valley', '781', 'Michoacán', '50988', '9296213638', 'dgepheartk@newyorker.com');
insert into taqueria (id, RFC, Nombre, Calle, Numero, Estado, C_Postal, Telefono, Email) values (22, 'YLWM126949ZDC', 'Alverta', 'Darwin', '84', 'Veracruz', '62091', '4008244875', 'acadamyl@oaic.gov.au');
insert into taqueria (id, RFC, Nombre, Calle, Numero, Estado, C_Postal, Telefono, Email) values (23, 'SSYP491199C9X', 'Lonnie', 'Jenna', '7610', 'estados', '20293', '3446322036', 'lrestonm@elegantthemes.com');
insert into taqueria (id, RFC, Nombre, Calle, Numero, Estado, C_Postal, Telefono, Email) values (24, 'LDYC481535DIQ', 'Wilbur', 'Merry', '5209', 'Veracruz', '59671', '1019548536', 'wtreversn@boston.com');
insert into taqueria (id, RFC, Nombre, Calle, Numero, Estado, C_Postal, Telefono, Email) values (25, 'OVXM484534V37', 'Granny', '6th', '958', 'Michoacán', '60977', '2064499103', 'gduddeno@t-online.de');
insert into taqueria (id, RFC, Nombre, Calle, Numero, Estado, C_Postal, Telefono, Email) values (26, 'RTST711515OHO', 'Lauren', 'Shoshone', '37', 'Chiapas', '05988', '2535340875', 'labernethyp@va.gov');
insert into taqueria (id, RFC, Nombre, Calle, Numero, Estado, C_Postal, Telefono, Email) values (27, 'TXGC225357BGD', 'Cherida', 'Oak', '39', 'Zacatecas', '75954', '7895965106', 'challedayq@slideshare.net');
insert into taqueria (id, RFC, Nombre, Calle, Numero, Estado, C_Postal, Telefono, Email) values (28, 'WMDM84625586P', 'Ulla', 'La Follette', '00', 'Baja California Sur', '06495', '5443543591', 'uhallawellr@comcast.net');
insert into taqueria (id, RFC, Nombre, Calle, Numero, Estado, C_Postal, Telefono, Email) values (29, 'JPPG0165448TG', 'Irving', 'Prentice', '1', 'estados', '42308', '5946274214', 'iesselins@google.it');
insert into taqueria (id, RFC, Nombre, Calle, Numero, Estado, C_Postal, Telefono, Email) values (30, 'ZJWA073702JT7', 'Dmitri', 'Wayridge', '0470', 'Ciudad de México', '13709', '1899010838', 'dhaucht@ezinearticles.com');
insert into taqueria (id, RFC, Nombre, Calle, Numero, Estado, C_Postal, Telefono, Email) values (31, 'UDUA818762NX9', 'Lisetta', 'Forest', '013', 'Chihuahua', '32666', '7893877392', 'lmebiusu@npr.org');
insert into taqueria (id, RFC, Nombre, Calle, Numero, Estado, C_Postal, Telefono, Email) values (32, 'HRKO7248466NQ', 'Rayna', 'Morning', '42671', 'Michoacán', '20160', '4683567727', 'rmccoyv@flickr.com');
insert into taqueria (id, RFC, Nombre, Calle, Numero, Estado, C_Postal, Telefono, Email) values (33, 'BJJC034821KUQ', 'Caro', 'Meadow Valley', '10370', 'Michoacán', '89241', '2508991177', 'clutherw@trellian.com');
insert into taqueria (id, RFC, Nombre, Calle, Numero, Estado, C_Postal, Telefono, Email) values (34, 'NWNO420499ZZT', 'Brander', 'Sutteridge', '5224', 'Hidalgo', '35250', '8345178710', 'bwestwellx@google.co.uk');
insert into taqueria (id, RFC, Nombre, Calle, Numero, Estado, C_Postal, Telefono, Email) values (35, 'MEEY1565987WO', 'Tracy', 'Meadow Vale', '07', 'Coahuila', '85268', '4476001435', 'tjikyllsy@about.com');
insert into taqueria (id, RFC, Nombre, Calle, Numero, Estado, C_Postal, Telefono, Email) values (36, 'GICQ273413M6Y', 'Waiter', 'Mallard', '00', 'Quintana Roo', '03285', '8849655172', 'wtrevenaz@sphinn.com');
insert into taqueria (id, RFC, Nombre, Calle, Numero, Estado, C_Postal, Telefono, Email) values (37, 'KZPW672969N1B', 'Cristal', 'Ryan', '2', 'Campeche', '11546', '3026883450', 'csturgeon10@jigsy.com');
insert into taqueria (id, RFC, Nombre, Calle, Numero, Estado, C_Postal, Telefono, Email) values (38, 'ANVZ2042269YU', 'Teri', 'Jana', '92999', 'Jalisco', '10608', '8449481280', 'tegentan11@auda.org.au');
insert into taqueria (id, RFC, Nombre, Calle, Numero, Estado, C_Postal, Telefono, Email) values (39, 'UASL385550GUD', 'Constancia', '8th', '1', 'Durango', '26633', '7558219638', 'cferneley12@mediafire.com');
insert into taqueria (id, RFC, Nombre, Calle, Numero, Estado, C_Postal, Telefono, Email) values (40, 'JGJC9035034XI', 'Dusty', 'Caliangt', '65326', 'Michoacán', '95118', '5565592857', 'dcurtis13@nymag.com');
insert into taqueria (id, RFC, Nombre, Calle, Numero, Estado, C_Postal, Telefono, Email) values (41, 'SYGX979796RUF', 'Wolfy', 'High Crossing', '41009', 'Tamaulipas', '05696', '8286890495', 'wdomleo14@vistaprint.com');
insert into taqueria (id, RFC, Nombre, Calle, Numero, Estado, C_Postal, Telefono, Email) values (42, 'GYFE971031JZ1', 'Ralph', 'Vermont', '64923', 'estados', '34017', '8851732956', 'rbeekman15@hugedomains.com');
insert into taqueria (id, RFC, Nombre, Calle, Numero, Estado, C_Postal, Telefono, Email) values (43, 'KIXD843574T6C', 'Giselbert', 'Debra', '159', 'Aguascalientes', '17507', '9568063840', 'gkibble16@reuters.com');
insert into taqueria (id, RFC, Nombre, Calle, Numero, Estado, C_Postal, Telefono, Email) values (44, 'QYVS559778CEZ', 'Yul', 'Lawn', '3215', 'Oaxaca', '36897', '6933720942', 'ymartyn17@blogspot.com');
insert into taqueria (id, RFC, Nombre, Calle, Numero, Estado, C_Postal, Telefono, Email) values (45, 'OXHU934822LV8', 'Weylin', 'Melby', '6', 'Ciudad de México', '92317', '8696480126', 'wstonelake18@ed.gov');
insert into taqueria (id, RFC, Nombre, Calle, Numero, Estado, C_Postal, Telefono, Email) values (46, 'REAT4899465UQ', 'Tammi', 'Russell', '89', 'Sonora', '94448', '1017555622', 'tfellman19@pinterest.com');
insert into taqueria (id, RFC, Nombre, Calle, Numero, Estado, C_Postal, Telefono, Email) values (47, 'SXVN438939NRX', 'Trixy', 'Forest', '9311', 'Coahuila', '62775', '7109509605', 'tharrower1a@businessweek.com');
insert into taqueria (id, RFC, Nombre, Calle, Numero, Estado, C_Postal, Telefono, Email) values (48, 'BZTQ835230UDH', 'Gennifer', 'Bultman', '62062', 'Ciudad de México', '21639', '4766922512', 'gsmead1b@examiner.com');
insert into taqueria (id, RFC, Nombre, Calle, Numero, Estado, C_Postal, Telefono, Email) values (49, 'QHWQ123658Q0R', 'Morgen', 'Derek', '090', 'Colima', '59532', '2169401434', 'mwrintmore1c@rakuten.co.jp');
insert into taqueria (id, RFC, Nombre, Calle, Numero, Estado, C_Postal, Telefono, Email) values (50, 'IUWW5595415HJ', 'Elia', 'Rutledge', '99', 'Tamaulipas', '16975', '4107889383', 'esiddons1d@cpanel.net');
insert into taqueria (id, RFC, Nombre, Calle, Numero, Estado, C_Postal, Telefono, Email) values (51, 'KEEH1215813WQ', 'Melinde', 'Killdeer', '917', 'Guerrero', '44720', '7108770123', 'mpowles1e@i2i.jp');
insert into taqueria (id, RFC, Nombre, Calle, Numero, Estado, C_Postal, Telefono, Email) values (52, 'OYJK421322RS9', 'Erskine', 'Logan', '2865', 'Michoacán', '20895', '4325323161', 'ewhittock1f@wikia.com');
insert into taqueria (id, RFC, Nombre, Calle, Numero, Estado, C_Postal, Telefono, Email) values (53, 'ZWUR4640429MS', 'Darryl', 'Pepper Wood', '5832', 'Durango', '20497', '9724889889', 'dshackell1g@artisteer.com');
insert into taqueria (id, RFC, Nombre, Calle, Numero, Estado, C_Postal, Telefono, Email) values (54, 'UDUH104835ONO', 'Jordanna', 'Del Mar', '3033', 'Morelos', '41829', '7053005926', 'jforcade1h@usnews.com');
insert into taqueria (id, RFC, Nombre, Calle, Numero, Estado, C_Postal, Telefono, Email) values (55, 'RBEZ39541994C', 'Chester', 'Menomonie', '80', 'Morelos', '84729', '3265245092', 'ccastiblanco1i@huffingtonpost.com');
insert into taqueria (id, RFC, Nombre, Calle, Numero, Estado, C_Postal, Telefono, Email) values (56, 'ZNCM633544AK8', 'Ring', 'Butterfield', '71', 'Morelos', '33435', '9332497481', 'rhulke1j@wired.com');
insert into taqueria (id, RFC, Nombre, Calle, Numero, Estado, C_Postal, Telefono, Email) values (57, 'RAOX911283GKW', 'Elene', 'Judy', '085', 'Veracruz', '15628', '5095521365', 'esyphus1k@over-blog.com');
insert into taqueria (id, RFC, Nombre, Calle, Numero, Estado, C_Postal, Telefono, Email) values (58, 'GBER273861SV8', 'Merline', 'Chive', '58417', 'Michoacán', '06813', '7637053922', 'mglendzer1l@google.com');
insert into taqueria (id, RFC, Nombre, Calle, Numero, Estado, C_Postal, Telefono, Email) values (59, 'VYFV648869MPO', 'Fidole', 'Menomonie', '0', 'Durango', '27605', '4502081132', 'fbenbough1m@rambler.ru');
insert into taqueria (id, RFC, Nombre, Calle, Numero, Estado, C_Postal, Telefono, Email) values (60, 'AAFN243477EFV', 'Arvy', 'Mcbride', '01765', 'estados', '47990', '7269930979', 'alobbe1n@howstuffworks.com');
insert into taqueria (id, RFC, Nombre, Calle, Numero, Estado, C_Postal, Telefono, Email) values (61, 'IOUO32397454F', 'Dena', 'Carberry', '8', 'Durango', '62008', '8414761444', 'dbarnby1o@pbs.org');
insert into taqueria (id, RFC, Nombre, Calle, Numero, Estado, C_Postal, Telefono, Email) values (62, 'KEDV108370P97', 'Tani', 'Anzinger', '645', 'Hidalgo', '18184', '3767700587', 'tsouthwell1p@shop-pro.jp');
insert into taqueria (id, RFC, Nombre, Calle, Numero, Estado, C_Postal, Telefono, Email) values (63, 'EJNU0004398J7', 'Manny', 'Mcguire', '09387', 'Michoacán', '49964', '5134793241', 'msymcoxe1q@naver.com');
insert into taqueria (id, RFC, Nombre, Calle, Numero, Estado, C_Postal, Telefono, Email) values (64, 'ZTSA837242X2Q', 'Granger', 'Corry', '8159', 'Oaxaca', '01107', '5949552607', 'gsante1r@bloglovin.com');
insert into taqueria (id, RFC, Nombre, Calle, Numero, Estado, C_Postal, Telefono, Email) values (65, 'UCFF436596JV1', 'Ardella', 'Arizona', '42', 'estados', '47594', '8156958937', 'aeefting1s@php.net');
insert into taqueria (id, RFC, Nombre, Calle, Numero, Estado, C_Postal, Telefono, Email) values (66, 'SRSC845264BBM', 'Gwennie', 'Packers', '01', 'Tlaxcala', '97364', '1067429194', 'gmarple1t@archive.org');
insert into taqueria (id, RFC, Nombre, Calle, Numero, Estado, C_Postal, Telefono, Email) values (67, 'UVMG793723AHL', 'Felizio', '7th', '5519', 'estados', '53444', '6831986646', 'fbrager1u@wix.com');
insert into taqueria (id, RFC, Nombre, Calle, Numero, Estado, C_Postal, Telefono, Email) values (68, 'VFLE403792QPB', 'Petr', 'Fuller', '492', 'Morelos', '05708', '8323001529', 'pmackereth1v@latimes.com');
insert into taqueria (id, RFC, Nombre, Calle, Numero, Estado, C_Postal, Telefono, Email) values (69, 'BMEY004693I7V', 'Candide', 'Grover', '72750', 'Nayarit', '34284', '1787844054', 'cceschi1w@jimdo.com');
insert into taqueria (id, RFC, Nombre, Calle, Numero, Estado, C_Postal, Telefono, Email) values (70, 'OBAW797511TIT', 'Magdalen', 'Westerfield', '468', 'Ciudad de México', '84933', '3372327597', 'mjalland1x@multiply.com');
insert into taqueria (id, RFC, Nombre, Calle, Numero, Estado, C_Postal, Telefono, Email) values (71, 'QSKT998150R19', 'Barbara-anne', 'Beilfuss', '6551', 'Guerrero', '00275', '5229543319', 'blevane1y@time.com');
insert into taqueria (id, RFC, Nombre, Calle, Numero, Estado, C_Postal, Telefono, Email) values (72, 'XICQ5416456KG', 'Amata', 'Brown', '84', 'Hidalgo', '58372', '9988887703', 'aleagas1z@163.com');
insert into taqueria (id, RFC, Nombre, Calle, Numero, Estado, C_Postal, Telefono, Email) values (73, 'JSBS4532369DW', 'Leonidas', 'Victoria', '717', 'Distrito Federal', '83396', '4422273587', 'llobley20@hud.gov');
insert into taqueria (id, RFC, Nombre, Calle, Numero, Estado, C_Postal, Telefono, Email) values (74, 'VRCT6098047RM', 'Lukas', 'Pennsylvania', '55', 'San Luis Potosí', '18321', '4166146451', 'lkarlqvist21@mit.edu');
insert into taqueria (id, RFC, Nombre, Calle, Numero, Estado, C_Postal, Telefono, Email) values (75, 'OMYJ104872SFY', 'Brendan', 'Talisman', '7', 'Ciudad de México', '75971', '8142267840', 'bluis22@goo.ne.jp');
insert into taqueria (id, RFC, Nombre, Calle, Numero, Estado, C_Postal, Telefono, Email) values (76, 'NMME665644E2Q', 'Augustin', 'Red Cloud', '540', 'Hidalgo', '71409', '7648100584', 'alittledyke23@cisco.com');
insert into taqueria (id, RFC, Nombre, Calle, Numero, Estado, C_Postal, Telefono, Email) values (77, 'WMBT379821H5T', 'Julee', 'Leroy', '4684', 'Morelos', '39720', '2069967579', 'jstrover24@wikia.com');
insert into taqueria (id, RFC, Nombre, Calle, Numero, Estado, C_Postal, Telefono, Email) values (78, 'QWDV718289EB1', 'Brockie', 'Sunfield', '9108', 'Tlaxcala', '70449', '2255839172', 'bcouttes25@rakuten.co.jp');
insert into taqueria (id, RFC, Nombre, Calle, Numero, Estado, C_Postal, Telefono, Email) values (79, 'GXVY9514456N3', 'Tait', 'Sage', '92', 'Yucatán', '77048', '8658431443', 'tvarey26@cyberchimps.com');
insert into taqueria (id, RFC, Nombre, Calle, Numero, Estado, C_Postal, Telefono, Email) values (80, 'NGSS2467565TD', 'Bee', 'School', '150', 'Sinaloa', '50734', '9213902440', 'bcona27@jigsy.com');
insert into taqueria (id, RFC, Nombre, Calle, Numero, Estado, C_Postal, Telefono, Email) values (81, 'IESQ837973ZBW', 'Zechariah', 'Gateway', '220', 'Campeche', '91445', '2989090466', 'zalenikov28@sphinn.com');
insert into taqueria (id, RFC, Nombre, Calle, Numero, Estado, C_Postal, Telefono, Email) values (82, 'GEAK019451M7C', 'Shirley', 'Cardinal', '333', 'Puebla', '49580', '9661084701', 'sestabrook29@acquirethisname.com');
insert into taqueria (id, RFC, Nombre, Calle, Numero, Estado, C_Postal, Telefono, Email) values (83, 'JKBH126599O9Q', 'Janet', 'Orin', '62', 'Campeche', '08592', '7708367051', 'jwackett2a@reddit.com');
insert into taqueria (id, RFC, Nombre, Calle, Numero, Estado, C_Postal, Telefono, Email) values (84, 'ORES093556UE2', 'Porter', 'Wayridge', '1', 'Chihuahua', '13587', '1134277205', 'pmetcalf2b@aol.com');
insert into taqueria (id, RFC, Nombre, Calle, Numero, Estado, C_Postal, Telefono, Email) values (85, 'JEJE138559WO6', 'Roger', 'Briar Crest', '274', 'Baja California', '12353', '6574691057', 'rbotfield2c@webeden.co.uk');
insert into taqueria (id, RFC, Nombre, Calle, Numero, Estado, C_Postal, Telefono, Email) values (86, 'YXKM840293DKA', 'Fanchette', 'Mosinee', '37', 'Guerrero', '45515', '7497634772', 'fgarvey2d@yellowbook.com');
insert into taqueria (id, RFC, Nombre, Calle, Numero, Estado, C_Postal, Telefono, Email) values (87, 'GYFJ473253KXZ', 'Elvina', 'Pepper Wood', '761', 'Querétaro', '53354', '7543055447', 'espadazzi2e@shareasale.com');
insert into taqueria (id, RFC, Nombre, Calle, Numero, Estado, C_Postal, Telefono, Email) values (88, 'CVBP313278W6D', 'Ammamaria', 'Trailsway', '1', 'Baja California', '66819', '9218840239', 'arosengren2f@wunderground.com');
insert into taqueria (id, RFC, Nombre, Calle, Numero, Estado, C_Postal, Telefono, Email) values (89, 'PCYQ1951788SL', 'Zedekiah', 'Bunker Hill', '047', 'Nayarit', '69909', '8058923899', 'zgoseling2g@msu.edu');
insert into taqueria (id, RFC, Nombre, Calle, Numero, Estado, C_Postal, Telefono, Email) values (90, 'CQFH444446GXK', 'Hirsch', 'Shopko', '16', 'Chihuahua', '57799', '6621341009', 'hdepaoli2h@yahoo.co.jp');
insert into taqueria (id, RFC, Nombre, Calle, Numero, Estado, C_Postal, Telefono, Email) values (91, 'ROMB904979P0U', 'Paulie', 'Lillian', '0', 'Puebla', '50577', '5773325517', 'pbabalola2i@naver.com');
insert into taqueria (id, RFC, Nombre, Calle, Numero, Estado, C_Postal, Telefono, Email) values (92, 'RIQI322794D6U', 'Jamie', 'Graedel', '24627', 'Michoacán', '64430', '2252096799', 'jstoke2j@wix.com');
insert into taqueria (id, RFC, Nombre, Calle, Numero, Estado, C_Postal, Telefono, Email) values (93, 'DAKB929738M8F', 'Edyth', 'Lake View', '279', 'México', '40810', '4127769828', 'estudeart2k@lycos.com');
insert into taqueria (id, RFC, Nombre, Calle, Numero, Estado, C_Postal, Telefono, Email) values (94, 'XZRP721018WQ4', 'Marti', '1st', '8269', 'Querétaro', '29017', '9743902698', 'mearngy2l@hhs.gov');
insert into taqueria (id, RFC, Nombre, Calle, Numero, Estado, C_Postal, Telefono, Email) values (95, 'OHLK355734W71', 'Arleta', 'Dawn', '4759', 'Colima', '39586', '6175897127', 'astores2m@jimdo.com');
insert into taqueria (id, RFC, Nombre, Calle, Numero, Estado, C_Postal, Telefono, Email) values (96, 'YZMK003451PZB', 'Prue', 'Hoard', '00813', 'Campeche', '49961', '9234817534', 'pcadogan2n@slideshare.net');
insert into taqueria (id, RFC, Nombre, Calle, Numero, Estado, C_Postal, Telefono, Email) values (97, 'UQQO499005A8R', 'Andeee', 'Mayer', '87', 'Tamaulipas', '65603', '1375535621', 'alasselle2o@plala.or.jp');
insert into taqueria (id, RFC, Nombre, Calle, Numero, Estado, C_Postal, Telefono, Email) values (98, 'COMX050108ZRL', 'Phillip', 'Harper', '23978', 'Hidalgo', '09544', '1559606627', 'pjacob2p@flickr.com');
insert into taqueria (id, RFC, Nombre, Calle, Numero, Estado, C_Postal, Telefono, Email) values (99, 'WBPZ925363GLD', 'Demetris', 'Buhler', '186', 'Yucatán', '65570', '2573163580', 'dcream2q@meetup.com');
insert into taqueria (id, RFC, Nombre, Calle, Numero, Estado, C_Postal, Telefono, Email) values (100, 'YRYH148698AX0', 'Ogdon', 'Dawn', '37', 'Tlaxcala', '28246', '5169824284', 'olamport2r@purevolume.com');


-- PARRILLERO

insert into parrillero (CURP, RFC, id_Taqueria, Nombre, A_Paterno, A_Materno, Calle, Numero, Estado, C_Postal, Edad, NSS, Antiguedad, Telefono, Email) values ('KSBL333379USSOZKW6', 'SBJP534293BT0', 41, 'Esteban', 'Herrero', 'Ramos', 'Farragut', '7277', 'Yucatán', '27693', 68, '64345728240', '2021-12-13', '5038105049', 'hhug0@bravesites.com');
insert into parrillero (CURP, RFC, id_Taqueria, Nombre, A_Paterno, A_Materno, Calle, Numero, Estado, C_Postal, Edad, NSS, Antiguedad, Telefono, Email) values ('KCLU386763APQRQI16', 'XXXH216539S85', 86, 'Martina', 'Hidalgo', 'Prieto', 'Weeping Birch', '780', 'Coahuila', '47224', 53, '67794813333', '2022-01-18', '2344596598', 'cgaish1@google.com');
insert into parrillero (CURP, RFC, id_Taqueria, Nombre, A_Paterno, A_Materno, Calle, Numero, Estado, C_Postal, Edad, NSS, Antiguedad, Telefono, Email) values ('AVCI795557YMFTSLV1', 'XXTY524720RVV', 45, 'Luisa', 'Aguilar', 'Alvarez', 'Carberry', '951', 'Sinaloa', '75080', 64, '16901055876', '2019-12-25', '6533794245', 'ahaly2@bbb.org');
insert into parrillero (CURP, RFC, id_Taqueria, Nombre, A_Paterno, A_Materno, Calle, Numero, Estado, C_Postal, Edad, NSS, Antiguedad, Telefono, Email) values ('MYIV665011QUREIQ89', 'CEYY007224H2H', 87, 'Carolina', 'Hidalgo', 'Montero', 'Sycamore', '9140', 'Sinaloa', '62643', 41, '14633521182', '2018-07-26', '9896370211', 'bbortol3@netlog.com');
insert into parrillero (CURP, RFC, id_Taqueria, Nombre, A_Paterno, A_Materno, Calle, Numero, Estado, C_Postal, Edad, NSS, Antiguedad, Telefono, Email) values ('ITBZ956992YBARUKD3', 'GPRG275978PNB', 39, 'Eduardo', 'Liera', 'Carrasco', 'Grasskamp', '20274', 'Quintana Roo', '88044', 20, '41338309947', '2020-01-08', '9891831368', 'dfilippov4@zimbio.com');
insert into parrillero (CURP, RFC, id_Taqueria, Nombre, A_Paterno, A_Materno, Calle, Numero, Estado, C_Postal, Edad, NSS, Antiguedad, Telefono, Email) values ('UGPG268246YFCLSBG2', 'CBVC0731019U3', 50, 'Martina', 'Calvo', 'Gimenez', 'Carey', '00847', 'Coahuila', '86941', 67, '25370247365', '2021-06-22', '3804186434', 'tjedrzejewicz5@opera.com');
insert into parrillero (CURP, RFC, id_Taqueria, Nombre, A_Paterno, A_Materno, Calle, Numero, Estado, C_Postal, Edad, NSS, Antiguedad, Telefono, Email) values ('ZQRI011471GPRWVA73', 'KHEW364101WF6', 38, 'Encarnacion', 'Ramirez', 'Gomez', 'Nancy', '73372', 'Baja California', '29652', 67, '24524534839', '2021-04-23', '4866368715', 'lstaples6@ox.ac.uk');
insert into parrillero (CURP, RFC, id_Taqueria, Nombre, A_Paterno, A_Materno, Calle, Numero, Estado, C_Postal, Edad, NSS, Antiguedad, Telefono, Email) values ('ILKN902533YEHNBS49', 'POKT886470UDG', 93, 'Ainhoa', 'Sanchez', 'Santana', 'Oxford', '62', 'Michoacán', '16589', 31, '46956779506', '2018-07-15', '9305917257', 'hheard7@issuu.com');
insert into parrillero (CURP, RFC, id_Taqueria, Nombre, A_Paterno, A_Materno, Calle, Numero, Estado, C_Postal, Edad, NSS, Antiguedad, Telefono, Email) values ('GNNE902747XXMJUYD3', 'QDIH936982L5T', 99, 'Irene', 'Pascual', 'Lopez', 'Valley Edge', '62', 'Nuevo León', '03260', 34, '45636523908', '2021-09-10', '4805257020', 'wgelly8@g.co');
insert into parrillero (CURP, RFC, id_Taqueria, Nombre, A_Paterno, A_Materno, Calle, Numero, Estado, C_Postal, Edad, NSS, Antiguedad, Telefono, Email) values ('SKHP474367YMAVGOL2', 'XTAW173229IH5', 62, 'Francisca', 'Olivera', 'Caballero', 'Tennyson', '56', 'Campeche', '00309', 51, '56942755781', '2019-07-07', '2675643783', 'anovello9@simplemachines.org');
insert into parrillero (CURP, RFC, id_Taqueria, Nombre, A_Paterno, A_Materno, Calle, Numero, Estado, C_Postal, Edad, NSS, Antiguedad, Telefono, Email) values ('TJSQ734894OPRGYX65', 'WAKC086080KKH', 23, 'Ana', 'Castillo', 'Moya', 'Luster', '1660', 'Aguascalientes', '28187', 21, '25816220237', '2019-03-08', '6128611869', 'rapfela@miibeian.gov.cn');
insert into parrillero (CURP, RFC, id_Taqueria, Nombre, A_Paterno, A_Materno, Calle, Numero, Estado, C_Postal, Edad, NSS, Antiguedad, Telefono, Email) values ('PRDR500685UNILVZ19', 'DWVY889501N6M', 20, 'Manuel', 'Marquez', 'Calvo', 'Continental', '20', 'Sinaloa', '01633', 69, '21861130397', '2018-12-01', '6855468584', 'tendleb@sitemeter.com');
insert into parrillero (CURP, RFC, id_Taqueria, Nombre, A_Paterno, A_Materno, Calle, Numero, Estado, C_Postal, Edad, NSS, Antiguedad, Telefono, Email) values ('NNKD494248YHRWDA47', 'KFNO6823714T1', 4, 'Sergio', 'Rodriguez', 'Fernandez', 'International', '51', 'México', '36666', 63, '99874451418', '2019-05-22', '4953089106', 'cseifc@1und1.de');
insert into parrillero (CURP, RFC, id_Taqueria, Nombre, A_Paterno, A_Materno, Calle, Numero, Estado, C_Postal, Edad, NSS, Antiguedad, Telefono, Email) values ('KNHB719670ZAORDZG1', 'ILFX933667GYD', 44, 'Silvia', 'Gil', 'Cruz', 'Blaine', '314', 'Hidalgo', '47211', 21, '78787729935', '2019-05-19', '2453838477', 'efeldharkerd@addtoany.com');
insert into parrillero (CURP, RFC, id_Taqueria, Nombre, A_Paterno, A_Materno, Calle, Numero, Estado, C_Postal, Edad, NSS, Antiguedad, Telefono, Email) values ('ZQIT730729GACWIH02', 'XLSJ316375YDK', 83, 'Catalina', 'Jimenez', 'Carrasco', 'Saint Paul', '7317', 'Distrito Federal', '00218', 52, '03870354541', '2019-03-14', '7446115991', 'ccawtherae@joomla.org');
insert into parrillero (CURP, RFC, id_Taqueria, Nombre, A_Paterno, A_Materno, Calle, Numero, Estado, C_Postal, Edad, NSS, Antiguedad, Telefono, Email) values ('VYHV827896UBLSYCF9', 'QPBJ046930319', 9, 'Fernando', 'Nieto', 'Castro', 'Warbler', '195', 'Nayarit', '63648', 26, '86232292422', '2020-12-03', '7886135475', 'grigebyf@berkeley.edu');
insert into parrillero (CURP, RFC, id_Taqueria, Nombre, A_Paterno, A_Materno, Calle, Numero, Estado, C_Postal, Edad, NSS, Antiguedad, Telefono, Email) values ('GBJT270216MKYEGPV3', 'FFZC8629728PX', 23, 'Adolfo', 'Rubio', 'Caballero', 'Algoma', '25644', 'estados', '29898', 37, '75245174550', '2020-03-23', '2001230320', 'hdolleyg@ftc.gov');
insert into parrillero (CURP, RFC, id_Taqueria, Nombre, A_Paterno, A_Materno, Calle, Numero, Estado, C_Postal, Edad, NSS, Antiguedad, Telefono, Email) values ('OYEV372048GWXXDZ60', 'LGAK988029KNQ', 34, 'Gema', 'Liera', 'Sanz', 'School', '930', 'Jalisco', '18557', 27, '75840879609', '2020-03-02', '4986425093', 'mariesh@bloglines.com');
insert into parrillero (CURP, RFC, id_Taqueria, Nombre, A_Paterno, A_Materno, Calle, Numero, Estado, C_Postal, Edad, NSS, Antiguedad, Telefono, Email) values ('CXXH493396OFVPDDI3', 'PLNX901652CQY', 39, 'Andrea', 'Martin', 'Sanz', 'Buhler', '71476', 'Guanajuato', '49373', 28, '97528714245', '2022-04-05', '7957535398', 'lpawfooti@flickr.com');
insert into parrillero (CURP, RFC, id_Taqueria, Nombre, A_Paterno, A_Materno, Calle, Numero, Estado, C_Postal, Edad, NSS, Antiguedad, Telefono, Email) values ('LREO223381EFCXTWD2', 'ZQKR281910QQJ', 67, 'Eva', 'Ortiz', 'Castillo', 'Melby', '26', 'Coahuila', '43021', 66, '58368674350', '2021-08-14', '7074100829', 'wgodierj@scribd.com');
insert into parrillero (CURP, RFC, id_Taqueria, Nombre, A_Paterno, A_Materno, Calle, Numero, Estado, C_Postal, Edad, NSS, Antiguedad, Telefono, Email) values ('ULAK092680UAZRFQM6', 'RFWS4172559HA', 66, 'Aurora', 'Diez', 'Montero', 'Barnett', '4338', 'Baja California Sur', '81653', 35, '81707292632', '2020-10-13', '4902795759', 'adeathk@wordpress.org');
insert into parrillero (CURP, RFC, id_Taqueria, Nombre, A_Paterno, A_Materno, Calle, Numero, Estado, C_Postal, Edad, NSS, Antiguedad, Telefono, Email) values ('QVZB216022WLUXQK91', 'IDYU3125405VC', 11, 'Juan', 'Gallardo', 'Diaz', 'Dwight', '5058', 'Durango', '24813', 33, '68456741773', '2019-07-29', '4767559297', 'udevilel@sfgate.com');
insert into parrillero (CURP, RFC, id_Taqueria, Nombre, A_Paterno, A_Materno, Calle, Numero, Estado, C_Postal, Edad, NSS, Antiguedad, Telefono, Email) values ('OUHG771206MLVTTNO8', 'HHGC038623DXH', 63, 'Isabel', 'Santos', 'Montero', 'Dottie', '4', 'Morelos', '81894', 29, '75931247100', '2021-10-05', '4692777177', 'cgowardm@google.nl');
insert into parrillero (CURP, RFC, id_Taqueria, Nombre, A_Paterno, A_Materno, Calle, Numero, Estado, C_Postal, Edad, NSS, Antiguedad, Telefono, Email) values ('CAUB763007XVHTVCJ1', 'JQXB584792SLC', 80, 'Luz', 'Montez', 'Ramos', 'Superior', '4', 'San Luis Potosí', '84136', 23, '83723338224', '2020-09-29', '6633389595', 'rtillsn@businessweek.com');
insert into parrillero (CURP, RFC, id_Taqueria, Nombre, A_Paterno, A_Materno, Calle, Numero, Estado, C_Postal, Edad, NSS, Antiguedad, Telefono, Email) values ('JENE998190MIGZVIO9', 'CVGQ7140134LI', 27, 'Adolfo', 'Gutierrez', 'Ramos', 'Macpherson', '31', 'Veracruz', '19165', 59, '37870462989', '2020-05-17', '7209484970', 'vdeniscoo@wufoo.com');
insert into parrillero (CURP, RFC, id_Taqueria, Nombre, A_Paterno, A_Materno, Calle, Numero, Estado, C_Postal, Edad, NSS, Antiguedad, Telefono, Email) values ('PHJV486946QVKJZBA9', 'SIBO76196837Y', 78, 'Clara', 'Serrano', 'Ramirez', 'Sutteridge', '72', 'Tlaxcala', '37437', 65, '23059064833', '2019-08-23', '6902781017', 'cothickp@cafepress.com');
insert into parrillero (CURP, RFC, id_Taqueria, Nombre, A_Paterno, A_Materno, Calle, Numero, Estado, C_Postal, Edad, NSS, Antiguedad, Telefono, Email) values ('GGSO036235UUASJVY5', 'JUPW036155WCF', 52, 'Encarnacion', 'Crespo', 'Rodriguez', 'Blue Bill Park', '5', 'Sinaloa', '96693', 20, '54415197091', '2018-10-18', '3394438601', 'eseatonq@shop-pro.jp');
insert into parrillero (CURP, RFC, id_Taqueria, Nombre, A_Paterno, A_Materno, Calle, Numero, Estado, C_Postal, Edad, NSS, Antiguedad, Telefono, Email) values ('SIQV729156ASWJYN28', 'WZBS079322HWW', 68, 'Esperanza', 'Alvarez', 'Vargas', 'Tennyson', '4762', 'Tlaxcala', '50681', 30, '25879445120', '2020-02-04', '6188698744', 'jtanter@epa.gov');
insert into parrillero (CURP, RFC, id_Taqueria, Nombre, A_Paterno, A_Materno, Calle, Numero, Estado, C_Postal, Edad, NSS, Antiguedad, Telefono, Email) values ('HRFI898877POHEACD5', 'SGDH587411QW3', 90, 'Luis', 'Garrido', 'Iglesias', 'Rockefeller', '9974', 'Hidalgo', '01955', 31, '67771755810', '2019-09-21', '9377288202', 'avlasovs@xinhuanet.com');
insert into parrillero (CURP, RFC, id_Taqueria, Nombre, A_Paterno, A_Materno, Calle, Numero, Estado, C_Postal, Edad, NSS, Antiguedad, Telefono, Email) values ('FTQE706857GUKPDZR5', 'XAEA8317349PU', 28, 'Nicolas', 'Montero', 'Velasco', 'Mcbride', '98', 'Distrito Federal', '92373', 24, '00264351753', '2019-06-04', '9534089155', 'gkerricht@discovery.com');
insert into parrillero (CURP, RFC, id_Taqueria, Nombre, A_Paterno, A_Materno, Calle, Numero, Estado, C_Postal, Edad, NSS, Antiguedad, Telefono, Email) values ('VVOX966213ZLFSOIJ8', 'FVBB094399GNA', 13, 'Silvia', 'Olivera', 'Ortiz', 'Killdeer', '9', 'Jalisco', '80037', 47, '47745550977', '2022-03-30', '6035981899', 'cpedrocchiu@google.ca');
insert into parrillero (CURP, RFC, id_Taqueria, Nombre, A_Paterno, A_Materno, Calle, Numero, Estado, C_Postal, Edad, NSS, Antiguedad, Telefono, Email) values ('PUCS480933EVNFOTW4', 'UQGV189428D5Z', 90, 'Belen', 'Torres', 'Uriostegui', 'Eagan', '7', 'Nayarit', '57279', 62, '04639303169', '2022-03-08', '3745091145', 'bgregsonv@drupal.org');
insert into parrillero (CURP, RFC, id_Taqueria, Nombre, A_Paterno, A_Materno, Calle, Numero, Estado, C_Postal, Edad, NSS, Antiguedad, Telefono, Email) values ('YHNP484080LLHGFKG4', 'GHAT342689AIJ', 75, 'Silvia', 'Pascual', 'Rivera', 'Schiller', '11979', 'Tabasco', '57649', 66, '13240453206', '2021-03-07', '2567175337', 'ktreacew@ox.ac.uk');
insert into parrillero (CURP, RFC, id_Taqueria, Nombre, A_Paterno, A_Materno, Calle, Numero, Estado, C_Postal, Edad, NSS, Antiguedad, Telefono, Email) values ('CBNB682163THSLPQL2', 'PQMJ769976O5H', 59, 'Marco', 'Santos', 'Bravo', 'Green', '17818', 'Distrito Federal', '01092', 31, '84624797900', '2019-10-12', '2286884373', 'ralessandruccix@feedburner.com');
insert into parrillero (CURP, RFC, id_Taqueria, Nombre, A_Paterno, A_Materno, Calle, Numero, Estado, C_Postal, Edad, NSS, Antiguedad, Telefono, Email) values ('UUSQ750181KOGTZI15', 'BWNI033111V8L', 57, 'Arturo', 'Moya', 'Vega', 'Southridge', '258', 'México', '10649', 27, '53679335070', '2020-10-21', '7121713772', 'aallawyy@cbc.ca');
insert into parrillero (CURP, RFC, id_Taqueria, Nombre, A_Paterno, A_Materno, Calle, Numero, Estado, C_Postal, Edad, NSS, Antiguedad, Telefono, Email) values ('WPFS227244CNPRQFV7', 'UWZK505359Z62', 62, 'Joan', 'Alvarez', 'Rodriguez', 'Linden', '04457', 'Puebla', '77983', 44, '63247115568', '2022-03-24', '9167787148', 'hloughtonz@zimbio.com');
insert into parrillero (CURP, RFC, id_Taqueria, Nombre, A_Paterno, A_Materno, Calle, Numero, Estado, C_Postal, Edad, NSS, Antiguedad, Telefono, Email) values ('OAEW189405PJFNOQI9', 'QUHQ072268OYB', 39, 'Gloria', 'Castro', 'Carrasco', 'Coolidge', '72', 'estados', '48232', 49, '23923870459', '2019-08-18', '7278880613', 'fpashbee10@sohu.com');
insert into parrillero (CURP, RFC, id_Taqueria, Nombre, A_Paterno, A_Materno, Calle, Numero, Estado, C_Postal, Edad, NSS, Antiguedad, Telefono, Email) values ('ZKQT659505PRIRPQ19', 'HPEK936348P0V', 9, 'Esther', 'Rivera', 'Rodriguez', 'Pierstorff', '627', 'Yucatán', '94329', 56, '11462106446', '2021-06-09', '8531750844', 'oaronowitz11@cisco.com');
insert into parrillero (CURP, RFC, id_Taqueria, Nombre, A_Paterno, A_Materno, Calle, Numero, Estado, C_Postal, Edad, NSS, Antiguedad, Telefono, Email) values ('LSFZ708780WIDEZTJ8', 'RYEX240421CII', 15, 'Tomas', 'Vargas', 'Lozano', 'Fordem', '08219', 'Puebla', '25244', 58, '62597774212', '2020-11-14', '8854863119', 'spavelka12@edublogs.org');
insert into parrillero (CURP, RFC, id_Taqueria, Nombre, A_Paterno, A_Materno, Calle, Numero, Estado, C_Postal, Edad, NSS, Antiguedad, Telefono, Email) values ('UPFD274915JYJJHEY4', 'HQEX933615SQW', 3, 'Ignacio', 'Gil', 'Lorenzo', 'Hintze', '11', 'Coahuila', '67904', 66, '28778796710', '2019-10-26', '8473344081', 'rvasyutin13@ask.com');
insert into parrillero (CURP, RFC, id_Taqueria, Nombre, A_Paterno, A_Materno, Calle, Numero, Estado, C_Postal, Edad, NSS, Antiguedad, Telefono, Email) values ('UKUH540430IRSACBE2', 'MDWL9283936JE', 85, 'Dario', 'Montero', 'Vazquez', 'Anthes', '54', 'Hidalgo', '73818', 26, '38481979617', '2021-10-20', '3614313009', 'esantori14@intel.com');
insert into parrillero (CURP, RFC, id_Taqueria, Nombre, A_Paterno, A_Materno, Calle, Numero, Estado, C_Postal, Edad, NSS, Antiguedad, Telefono, Email) values ('TQHV103596TTLWFYX7', 'RSKP461051H2H', 93, 'Ismael', 'Castillo', 'Liera', 'Maywood', '50575', 'Michoacán', '70538', 53, '50507232856', '2020-05-10', '5492372018', 'ecaurah15@fc2.com');
insert into parrillero (CURP, RFC, id_Taqueria, Nombre, A_Paterno, A_Materno, Calle, Numero, Estado, C_Postal, Edad, NSS, Antiguedad, Telefono, Email) values ('KTEU724213VEOBTIK7', 'XIPU9695317HD', 15, 'German', 'Cruz', 'Navarro', 'Summerview', '78', 'México', '18172', 27, '37317712644', '2022-05-06', '1033085550', 'ciglesia16@ucoz.com');
insert into parrillero (CURP, RFC, id_Taqueria, Nombre, A_Paterno, A_Materno, Calle, Numero, Estado, C_Postal, Edad, NSS, Antiguedad, Telefono, Email) values ('OIDU640237LVTRMKD8', 'RDGV656278R3G', 83, 'Marta', 'Bravo', 'Diez', 'Havey', '11', 'Sonora', '22499', 31, '27834194600', '2021-05-05', '5238222139', 'hantonelli17@sina.com.cn');
insert into parrillero (CURP, RFC, id_Taqueria, Nombre, A_Paterno, A_Materno, Calle, Numero, Estado, C_Postal, Edad, NSS, Antiguedad, Telefono, Email) values ('HJCL476864APFNFS70', 'XEUN940952ZF9', 14, 'Marta', 'Ortega', 'Morales', 'Morrow', '82638', 'Zacatecas', '76261', 18, '03915526391', '2018-12-20', '8696820893', 'rryves18@de.vu');
insert into parrillero (CURP, RFC, id_Taqueria, Nombre, A_Paterno, A_Materno, Calle, Numero, Estado, C_Postal, Edad, NSS, Antiguedad, Telefono, Email) values ('GNCG168014JBQZJKJ3', 'HHWZ3475400UL', 51, 'Francisco', 'Delgado', 'Rivera', 'Carberry', '2', 'Durango', '92148', 22, '71223042711', '2021-04-21', '8345433901', 'dlasty19@qq.com');
insert into parrillero (CURP, RFC, id_Taqueria, Nombre, A_Paterno, A_Materno, Calle, Numero, Estado, C_Postal, Edad, NSS, Antiguedad, Telefono, Email) values ('VVVO223107HGHDDS07', 'JLCB296204AII', 19, 'Jaime', 'Gutierrez', 'Navarro', 'Welch', '51277', 'Michoacán', '80596', 33, '17988746718', '2020-08-29', '1589976643', 'vboken1a@dedecms.com');
insert into parrillero (CURP, RFC, id_Taqueria, Nombre, A_Paterno, A_Materno, Calle, Numero, Estado, C_Postal, Edad, NSS, Antiguedad, Telefono, Email) values ('DFUB641728MMEXXVA0', 'NMXB6277820US', 11, 'Fatima', 'Gil', 'Marquez', 'Daystar', '164', 'Sinaloa', '00197', 70, '86913588193', '2019-02-09', '6065391312', 'csuart1b@cbsnews.com');
insert into parrillero (CURP, RFC, id_Taqueria, Nombre, A_Paterno, A_Materno, Calle, Numero, Estado, C_Postal, Edad, NSS, Antiguedad, Telefono, Email) values ('MHMG334192HYKBJH42', 'AKRE929138R0P', 14, 'Emilio', 'Vargas', 'Cruz', 'Orin', '3', 'Puebla', '42045', 55, '88094053654', '2022-03-04', '5267704867', 'iblaisdale1c@globo.com');
insert into parrillero (CURP, RFC, id_Taqueria, Nombre, A_Paterno, A_Materno, Calle, Numero, Estado, C_Postal, Edad, NSS, Antiguedad, Telefono, Email) values ('EQGX883255NZNBIBF7', 'IPSL456139RT1', 18, 'Concepcion', 'Diez', 'Carmona', 'Beilfuss', '536', 'Coahuila', '79717', 65, '59024548871', '2018-08-22', '2714435460', 'rloyd1d@mashable.com');
insert into parrillero (CURP, RFC, id_Taqueria, Nombre, A_Paterno, A_Materno, Calle, Numero, Estado, C_Postal, Edad, NSS, Antiguedad, Telefono, Email) values ('UHHM950961GFPMDCD0', 'MMDT5662339I3', 17, 'Luisa', 'Leon', 'Vidal', 'Reinke', '497', 'Oaxaca', '88426', 41, '96895868265', '2018-07-05', '6066592974', 'adeatta1e@rambler.ru');
insert into parrillero (CURP, RFC, id_Taqueria, Nombre, A_Paterno, A_Materno, Calle, Numero, Estado, C_Postal, Edad, NSS, Antiguedad, Telefono, Email) values ('BJNL189202SOLLEJ00', 'UDYP78933859I', 16, 'Alejandro', 'Vega', 'Perez', 'Fordem', '3734', 'Campeche', '78644', 21, '97184290294', '2018-08-18', '6165316269', 'ehaszard1f@addthis.com');
insert into parrillero (CURP, RFC, id_Taqueria, Nombre, A_Paterno, A_Materno, Calle, Numero, Estado, C_Postal, Edad, NSS, Antiguedad, Telefono, Email) values ('NZNV805597ZCDELOT4', 'HFWP311632S3E', 58, 'Enrique', 'Iglesias', 'Hidalgo', 'Emmet', '7', 'Nuevo León', '23186', 67, '64081271027', '2019-10-27', '9816486981', 'wcoase1g@homestead.com');
insert into parrillero (CURP, RFC, id_Taqueria, Nombre, A_Paterno, A_Materno, Calle, Numero, Estado, C_Postal, Edad, NSS, Antiguedad, Telefono, Email) values ('XZAN613785VIVPLYP3', 'JYRK6150254RD', 72, 'David', 'Cano', 'Olivera', 'Ilene', '7', 'Durango', '78668', 63, '09664747483', '2021-07-12', '3596957157', 'tgilfillan1h@networkadvertising.org');
insert into parrillero (CURP, RFC, id_Taqueria, Nombre, A_Paterno, A_Materno, Calle, Numero, Estado, C_Postal, Edad, NSS, Antiguedad, Telefono, Email) values ('KWKD171859SEDHGZU7', 'IXTG448320V8G', 9, 'Lucas', 'Soler', 'Vazquez', 'Cardinal', '07', 'Michoacán', '50978', 30, '78253721686', '2019-01-29', '5267117848', 'bwybourne1i@hexun.com');
insert into parrillero (CURP, RFC, id_Taqueria, Nombre, A_Paterno, A_Materno, Calle, Numero, Estado, C_Postal, Edad, NSS, Antiguedad, Telefono, Email) values ('NCQP904558WZUFZMZ7', 'CIAK263554992', 81, 'Antonio', 'Hidalgo', 'Reyes', 'Lotheville', '620', 'Morelos', '01936', 35, '64427425794', '2018-08-30', '6625751183', 'sarnke1j@mapquest.com');
insert into parrillero (CURP, RFC, id_Taqueria, Nombre, A_Paterno, A_Materno, Calle, Numero, Estado, C_Postal, Edad, NSS, Antiguedad, Telefono, Email) values ('HJKD001810ZKYDNE25', 'PAST345856160', 22, 'Ivan', 'Reyes', 'Fernandez', 'Troy', '4', 'Tlaxcala', '30967', 49, '87552068351', '2018-08-12', '1568893923', 'lcases1k@dedecms.com');
insert into parrillero (CURP, RFC, id_Taqueria, Nombre, A_Paterno, A_Materno, Calle, Numero, Estado, C_Postal, Edad, NSS, Antiguedad, Telefono, Email) values ('KCSM556481SENYHP73', 'YNGQ719389EQW', 94, 'Martina', 'Navarro', 'Delgado', 'Annamark', '89554', 'Chihuahua', '63169', 36, '47790788197', '2018-09-06', '7822001956', 'ujubert1l@whitehouse.gov');
insert into parrillero (CURP, RFC, id_Taqueria, Nombre, A_Paterno, A_Materno, Calle, Numero, Estado, C_Postal, Edad, NSS, Antiguedad, Telefono, Email) values ('DHXP070683GQPXCZ13', 'XDBJ35552746F', 6, 'Martina', 'Diaz', 'Guerrero', 'Carberry', '294', 'estados', '54143', 63, '55933767210', '2020-03-02', '5562703500', 'ppierton1m@cocolog-nifty.com');
insert into parrillero (CURP, RFC, id_Taqueria, Nombre, A_Paterno, A_Materno, Calle, Numero, Estado, C_Postal, Edad, NSS, Antiguedad, Telefono, Email) values ('HXWS663368DSEHLBU6', 'KFMW369189G4V', 30, 'Raul', 'Garrido', 'Castillo', 'Eliot', '7', 'Hidalgo', '31394', 62, '02613217339', '2018-11-18', '9928696668', 'jbatalini1n@wisc.edu');
insert into parrillero (CURP, RFC, id_Taqueria, Nombre, A_Paterno, A_Materno, Calle, Numero, Estado, C_Postal, Edad, NSS, Antiguedad, Telefono, Email) values ('OATF952505PWEHKS91', 'IWRI194290QQ3', 68, 'Guillermo', 'Blanco', 'Diez', 'Darwin', '94979', 'Tamaulipas', '18556', 31, '78457036558', '2018-08-28', '6163793669', 'tbert1o@eepurl.com');
insert into parrillero (CURP, RFC, id_Taqueria, Nombre, A_Paterno, A_Materno, Calle, Numero, Estado, C_Postal, Edad, NSS, Antiguedad, Telefono, Email) values ('QTWT713972LZJKYVP2', 'FUKU391752D9J', 58, 'Isaac', 'Martin', 'Perez', 'Tomscot', '9646', 'Oaxaca', '03906', 40, '38603346257', '2022-04-23', '6127954072', 'cperle1p@bloglovin.com');
insert into parrillero (CURP, RFC, id_Taqueria, Nombre, A_Paterno, A_Materno, Calle, Numero, Estado, C_Postal, Edad, NSS, Antiguedad, Telefono, Email) values ('LFDB881898OWOJYG87', 'ABLX049529X5J', 4, 'Jonathan', 'Mendez', 'Gomez', 'Rockefeller', '817', 'Coahuila', '40401', 63, '21183820529', '2020-04-22', '6962325758', 'ahenmarsh1q@weebly.com');
insert into parrillero (CURP, RFC, id_Taqueria, Nombre, A_Paterno, A_Materno, Calle, Numero, Estado, C_Postal, Edad, NSS, Antiguedad, Telefono, Email) values ('JSVP213732NLKKATX0', 'HAJM711216JRF', 11, 'Alvaro', 'Martinez', 'Leon', 'Golf', '938', 'Oaxaca', '75331', 36, '51853479132', '2020-07-10', '6656236307', 'fkydd1r@utexas.edu');
insert into parrillero (CURP, RFC, id_Taqueria, Nombre, A_Paterno, A_Materno, Calle, Numero, Estado, C_Postal, Edad, NSS, Antiguedad, Telefono, Email) values ('WPJT978804IRLBQEP6', 'KIFA72202544L', 97, 'Veronica', 'Vargas', 'Flores', 'Pawling', '4467', 'Nayarit', '30661', 49, '37738679968', '2019-04-01', '9274054748', 'dschukert1s@boston.com');
insert into parrillero (CURP, RFC, id_Taqueria, Nombre, A_Paterno, A_Materno, Calle, Numero, Estado, C_Postal, Edad, NSS, Antiguedad, Telefono, Email) values ('RFVE660670TFWHESR0', 'QDSF948800M4U', 45, 'Diana', 'Marquez', 'Cano', 'Spenser', '18757', 'estados', '93336', 45, '57146209964', '2021-05-17', '1144307405', 'mclifft1t@mozilla.com');
insert into parrillero (CURP, RFC, id_Taqueria, Nombre, A_Paterno, A_Materno, Calle, Numero, Estado, C_Postal, Edad, NSS, Antiguedad, Telefono, Email) values ('KGYH402935FMCDTAZ1', 'AVRL6307533UT', 43, 'Santiago', 'Vega', 'Pascual', 'Di Loreto', '8227', 'Jalisco', '21086', 42, '30160197012', '2020-07-01', '2002904835', 'bsiddele1u@bravesites.com');
insert into parrillero (CURP, RFC, id_Taqueria, Nombre, A_Paterno, A_Materno, Calle, Numero, Estado, C_Postal, Edad, NSS, Antiguedad, Telefono, Email) values ('QPQN681988OSGLQR44', 'SWPC165741ZMP', 77, 'Sara', 'Suarez', 'Garrido', 'Badeau', '7', 'Yucatán', '47318', 29, '42052754970', '2021-07-04', '1133819268', 'pmcskeagan1v@sciencedaily.com');
insert into parrillero (CURP, RFC, id_Taqueria, Nombre, A_Paterno, A_Materno, Calle, Numero, Estado, C_Postal, Edad, NSS, Antiguedad, Telefono, Email) values ('NDFP173944BVVRHGD6', 'IIVC544273RCQ', 48, 'Ignacio', 'Cortes', 'Navarro', 'Hermina', '52180', 'Ciudad de México', '75114', 43, '93227236853', '2019-08-05', '3402556500', 'lacosta1w@usatoday.com');
insert into parrillero (CURP, RFC, id_Taqueria, Nombre, A_Paterno, A_Materno, Calle, Numero, Estado, C_Postal, Edad, NSS, Antiguedad, Telefono, Email) values ('PAWJ960522NJALEIR5', 'RTGP34564999W', 53, 'Alberto', 'Vicente', 'Serrano', 'Esch', '3322', 'Nuevo León', '55687', 42, '31815940767', '2021-04-01', '3352811937', 'abowld1x@prweb.com');
insert into parrillero (CURP, RFC, id_Taqueria, Nombre, A_Paterno, A_Materno, Calle, Numero, Estado, C_Postal, Edad, NSS, Antiguedad, Telefono, Email) values ('JEJR078803OQTWDFW1', 'IBCT079598ZM5', 31, 'Joaquin', 'Gomez', 'Mora', 'Farmco', '522', 'Baja California', '41838', 30, '69892321507', '2018-07-12', '3088321390', 'ssenecaut1y@latimes.com');
insert into parrillero (CURP, RFC, id_Taqueria, Nombre, A_Paterno, A_Materno, Calle, Numero, Estado, C_Postal, Edad, NSS, Antiguedad, Telefono, Email) values ('RPCQ266844FCAGATL2', 'CZTE162563YEM', 79, 'Teresa', 'Navarro', 'Hernandez', 'Thackeray', '5', 'Sinaloa', '83488', 60, '72053514947', '2018-12-28', '3768669178', 'nduffield1z@home.pl');
insert into parrillero (CURP, RFC, id_Taqueria, Nombre, A_Paterno, A_Materno, Calle, Numero, Estado, C_Postal, Edad, NSS, Antiguedad, Telefono, Email) values ('HIWC123368MNTYHJ26', 'JVMM777124ROD', 36, 'Alejandra', 'Gonzalez', 'Moya', 'Thackeray', '35736', 'Sonora', '20918', 52, '89067302721', '2021-05-08', '5541907553', 'uvassbender20@theglobeandmail.com');
insert into parrillero (CURP, RFC, id_Taqueria, Nombre, A_Paterno, A_Materno, Calle, Numero, Estado, C_Postal, Edad, NSS, Antiguedad, Telefono, Email) values ('JADZ423961XJYCGAY5', 'LCVS354330QQY', 25, 'Raquel', 'Gonzalez', 'Lopez', 'Spenser', '43471', 'Chiapas', '27687', 70, '27209779848', '2020-02-10', '8469290024', 'gfrentz21@hexun.com');
insert into parrillero (CURP, RFC, id_Taqueria, Nombre, A_Paterno, A_Materno, Calle, Numero, Estado, C_Postal, Edad, NSS, Antiguedad, Telefono, Email) values ('UGNP386079RPWDUYG3', 'WKQW480068CVS', 77, 'Julian', 'Nieto', 'Alvarez', 'Ludington', '6', 'Michoacán', '99179', 50, '39545602637', '2021-05-29', '9494316294', 'kwolters22@comcast.net');
insert into parrillero (CURP, RFC, id_Taqueria, Nombre, A_Paterno, A_Materno, Calle, Numero, Estado, C_Postal, Edad, NSS, Antiguedad, Telefono, Email) values ('YMZT418962GDXNMHJ9', 'EZBI166232II9', 88, 'Mohamed', 'Alonso', 'Herrera', 'Melby', '522', 'Yucatán', '37165', 30, '41076154397', '2020-01-11', '8073366072', 'gbraney23@instagram.com');
insert into parrillero (CURP, RFC, id_Taqueria, Nombre, A_Paterno, A_Materno, Calle, Numero, Estado, C_Postal, Edad, NSS, Antiguedad, Telefono, Email) values ('ORGW418830KZWHETZ6', 'EORA779118P5M', 64, 'Dolores', 'Vicente', 'Reyes', 'Coolidge', '27', 'Colima', '31192', 68, '72798169936', '2021-07-03', '6854833792', 'jboyat24@youku.com');
insert into parrillero (CURP, RFC, id_Taqueria, Nombre, A_Paterno, A_Materno, Calle, Numero, Estado, C_Postal, Edad, NSS, Antiguedad, Telefono, Email) values ('KRUL499768XWPLBHV6', 'QDQL274429FSZ', 13, 'Mercedes', 'Guerrero', 'Uriostegui', 'Express', '888', 'Yucatán', '49604', 18, '56127633963', '2020-02-23', '9144416912', 'ncockshutt25@latimes.com');
insert into parrillero (CURP, RFC, id_Taqueria, Nombre, A_Paterno, A_Materno, Calle, Numero, Estado, C_Postal, Edad, NSS, Antiguedad, Telefono, Email) values ('YUCH996967EFFELTT6', 'MEQC9571290QI', 12, 'Eva', 'Gomez', 'Pascual', 'Orin', '78732', 'Guanajuato', '99023', 42, '53302823023', '2020-04-11', '9116155212', 'cpetett26@squarespace.com');
insert into parrillero (CURP, RFC, id_Taqueria, Nombre, A_Paterno, A_Materno, Calle, Numero, Estado, C_Postal, Edad, NSS, Antiguedad, Telefono, Email) values ('VKAZ587396PNFQPYB8', 'UJYF5522554C8', 68, 'Emilia', 'Iglesias', 'Diez', 'Kipling', '29658', 'Jalisco', '80132', 23, '92341103567', '2020-05-18', '7553310391', 'dhartford27@dailymotion.com');
insert into parrillero (CURP, RFC, id_Taqueria, Nombre, A_Paterno, A_Materno, Calle, Numero, Estado, C_Postal, Edad, NSS, Antiguedad, Telefono, Email) values ('UUTW593579NLPLXMK6', 'YDCE4375817ZW', 37, 'Angel', 'Campos', 'Montez', 'West', '92793', 'Nuevo León', '41304', 31, '68383366799', '2020-05-01', '7703089088', 'dciardo28@dion.ne.jp');
insert into parrillero (CURP, RFC, id_Taqueria, Nombre, A_Paterno, A_Materno, Calle, Numero, Estado, C_Postal, Edad, NSS, Antiguedad, Telefono, Email) values ('RWOX372620WEMPVF83', 'AGVW109112AJK', 80, 'Ines', 'Navarro', 'Calvo', 'Meadow Vale', '8353', 'Yucatán', '00974', 66, '11381269980', '2019-09-20', '7939725726', 'kbaltzar29@sciencedaily.com');
insert into parrillero (CURP, RFC, id_Taqueria, Nombre, A_Paterno, A_Materno, Calle, Numero, Estado, C_Postal, Edad, NSS, Antiguedad, Telefono, Email) values ('OCUD899823KCAHGLF2', 'NGUW055198RVH', 96, 'Christian', 'Bravo', 'Benitez', 'Holy Cross', '6655', 'Coahuila', '46998', 35, '68686681151', '2019-10-11', '8289532213', 'ctomsa2a@trellian.com');
insert into parrillero (CURP, RFC, id_Taqueria, Nombre, A_Paterno, A_Materno, Calle, Numero, Estado, C_Postal, Edad, NSS, Antiguedad, Telefono, Email) values ('BBVW474505ZWSYID34', 'LFTD0482536L6', 92, 'German', 'Carrasco', 'Sanchez', 'Lunder', '76877', 'Veracruz', '77188', 42, '92907756135', '2021-08-08', '2073242246', 'njarratt2b@state.tx.us');
insert into parrillero (CURP, RFC, id_Taqueria, Nombre, A_Paterno, A_Materno, Calle, Numero, Estado, C_Postal, Edad, NSS, Antiguedad, Telefono, Email) values ('GTEP060403MDKGHT44', 'IXSY342584AEP', 96, 'Emilia', 'Benitez', 'Leon', 'Larry', '865', 'Chiapas', '47628', 32, '75732281974', '2021-07-23', '9677192474', 'alilloe2c@guardian.co.uk');
insert into parrillero (CURP, RFC, id_Taqueria, Nombre, A_Paterno, A_Materno, Calle, Numero, Estado, C_Postal, Edad, NSS, Antiguedad, Telefono, Email) values ('DSFE547517OQRPOI07', 'CSST690284OAY', 89, 'Felix', 'Dominguez', 'Pastor', 'Riverside', '818', 'Sinaloa', '59079', 53, '51299480110', '2019-10-16', '3868614574', 'maspinal2d@privacy.gov.au');
insert into parrillero (CURP, RFC, id_Taqueria, Nombre, A_Paterno, A_Materno, Calle, Numero, Estado, C_Postal, Edad, NSS, Antiguedad, Telefono, Email) values ('AOAE990592OFMOTQL1', 'WFVO236042IKG', 19, 'Daniel', 'Blanco', 'Lozano', 'Acker', '302', 'Durango', '52894', 51, '40902523244', '2019-06-25', '9779851532', 'mkaasmann2e@independent.co.uk');
insert into parrillero (CURP, RFC, id_Taqueria, Nombre, A_Paterno, A_Materno, Calle, Numero, Estado, C_Postal, Edad, NSS, Antiguedad, Telefono, Email) values ('MIAM343047HBIEHWL3', 'JESZ698964HF4', 11, 'Rocio', 'Rivera', 'Ortega', 'Huxley', '1', 'Tabasco', '53682', 45, '95567927936', '2019-05-01', '7111101979', 'mswine2f@goo.ne.jp');
insert into parrillero (CURP, RFC, id_Taqueria, Nombre, A_Paterno, A_Materno, Calle, Numero, Estado, C_Postal, Edad, NSS, Antiguedad, Telefono, Email) values ('MIBF530403LSZNIV41', 'DGFT317691DM6', 49, 'Marco', 'Sanz', 'Cano', 'Scofield', '9624', 'Aguascalientes', '81406', 58, '70139765482', '2019-02-06', '8137325021', 'chuddle2g@feedburner.com');
insert into parrillero (CURP, RFC, id_Taqueria, Nombre, A_Paterno, A_Materno, Calle, Numero, Estado, C_Postal, Edad, NSS, Antiguedad, Telefono, Email) values ('XDTS029580DIBAMST5', 'XJYL751008QHG', 96, 'Sergio', 'Cabrera', 'Gomez', 'Maryland', '90529', 'Baja California', '66612', 62, '05597726049', '2021-08-27', '4744630573', 'rwantling2h@wordpress.com');
insert into parrillero (CURP, RFC, id_Taqueria, Nombre, A_Paterno, A_Materno, Calle, Numero, Estado, C_Postal, Edad, NSS, Antiguedad, Telefono, Email) values ('WWAU022015RTNUBRD5', 'HJIV344378EME', 44, 'Daniela', 'Herrera', 'Rojas', 'Nobel', '4', 'Chiapas', '02704', 26, '91714306485', '2020-09-22', '6924615835', 'cheiner2i@auda.org.au');
insert into parrillero (CURP, RFC, id_Taqueria, Nombre, A_Paterno, A_Materno, Calle, Numero, Estado, C_Postal, Edad, NSS, Antiguedad, Telefono, Email) values ('WJTM587659TSQCAM32', 'IQOV490672PE1', 21, 'Gonzalo', 'Guerrero', 'Liera', 'Scofield', '7', 'Distrito Federal', '78681', 38, '72296487211', '2021-06-13', '9271492585', 'gsteeples2j@woothemes.com');
insert into parrillero (CURP, RFC, id_Taqueria, Nombre, A_Paterno, A_Materno, Calle, Numero, Estado, C_Postal, Edad, NSS, Antiguedad, Telefono, Email) values ('NAPI058180WUMCWUA2', 'LKHF399419ERH', 63, 'Raquel', 'Castillo', 'Ferrer', 'Grayhawk', '72', 'Puebla', '56709', 23, '99678499830', '2020-06-10', '6199998775', 'estreatfield2k@europa.eu');
insert into parrillero (CURP, RFC, id_Taqueria, Nombre, A_Paterno, A_Materno, Calle, Numero, Estado, C_Postal, Edad, NSS, Antiguedad, Telefono, Email) values ('ZJHT165686HSWGPCL1', 'OHPJ816857ENG', 66, 'Christian', 'Ortega', 'Parra', 'Scoville', '603', 'Guanajuato', '21659', 37, '50951354297', '2021-10-11', '1436662209', 'imitkcov2l@purevolume.com');
insert into parrillero (CURP, RFC, id_Taqueria, Nombre, A_Paterno, A_Materno, Calle, Numero, Estado, C_Postal, Edad, NSS, Antiguedad, Telefono, Email) values ('ZQSF789878ZALRJOK0', 'AUKX030560URD', 46, 'Marina', 'Vicente', 'Serrano', 'Stuart', '12569', 'Yucatán', '11899', 27, '20067075084', '2020-06-12', '5672496827', 'lgherarducci2m@businessinsider.com');
insert into parrillero (CURP, RFC, id_Taqueria, Nombre, A_Paterno, A_Materno, Calle, Numero, Estado, C_Postal, Edad, NSS, Antiguedad, Telefono, Email) values ('PFUO841815UDJQPJI8', 'FKES261695MGM', 49, 'Carla', 'Prieto', 'Medina', 'Summer Ridge', '93', 'Tabasco', '43507', 42, '46951481189', '2018-06-20', '1178988847', 'ktyres2n@phoca.cz');
insert into parrillero (CURP, RFC, id_Taqueria, Nombre, A_Paterno, A_Materno, Calle, Numero, Estado, C_Postal, Edad, NSS, Antiguedad, Telefono, Email) values ('OUDY992319IDDNTIZ7', 'YLKY947157YI4', 2, 'Cristina', 'Navarro', 'Leon', 'Golf Course', '268', 'estados', '83447', 18, '56198608235', '2018-12-21', '2319088838', 'olaird2o@slate.com');
insert into parrillero (CURP, RFC, id_Taqueria, Nombre, A_Paterno, A_Materno, Calle, Numero, Estado, C_Postal, Edad, NSS, Antiguedad, Telefono, Email) values ('WGTX678952WIWSHCD9', 'VNPG830278B2S', 53, 'Mohamed', 'Vidal', 'Vazquez', 'Carioca', '6734', 'Quintana Roo', '80031', 55, '68880074051', '2020-07-06', '8563295061', 'vstichel2p@storify.com');
insert into parrillero (CURP, RFC, id_Taqueria, Nombre, A_Paterno, A_Materno, Calle, Numero, Estado, C_Postal, Edad, NSS, Antiguedad, Telefono, Email) values ('ZEMN263894VZOBVF83', 'ASHJ818539DJO', 28, 'Sonia', 'Garcia', 'Gutierrez', 'Warrior', '53', 'Veracruz', '13970', 52, '62912271749', '2018-07-11', '3061686796', 'hjordison2q@nps.gov');
insert into parrillero (CURP, RFC, id_Taqueria, Nombre, A_Paterno, A_Materno, Calle, Numero, Estado, C_Postal, Edad, NSS, Antiguedad, Telefono, Email) values ('EJOW154733HFNSFU56', 'LXEP369524NV2', 11, 'Alba', 'Navarro', 'Gimenez', 'Luster', '88049', 'Michoacán', '23490', 57, '34649735530', '2022-02-06', '7413962282', 'pfike2r@wsj.com');

-- TAQUERO

insert into taquero (CURP, RFC, id_Taqueria, Nombre, A_Paterno, A_Materno, Calle, Numero, Estado, C_Postal, Edad, NSS, Antiguedad, Telefono, Email) values ('ECIU480932YFQNKVP2', 'DWKV487821W53', 4, 'Concepcion', 'Pascual', 'Prieto', 'Lindbergh', '34', 'Quintana Roo', '83130', 57, '56087836642', '2020-12-19', '1982090051', 'kfansy0@github.com');
insert into taquero (CURP, RFC, id_Taqueria, Nombre, A_Paterno, A_Materno, Calle, Numero, Estado, C_Postal, Edad, NSS, Antiguedad, Telefono, Email) values ('APWI907520DFTMLBM9', 'DEOB473579WG8', 19, 'Catalina', 'Iglesias', 'Torres', 'Arizona', '70652', 'Tamaulipas', '59999', 51, '01006198740', '2022-02-17', '8647565586', 'nmcteer1@4shared.com');
insert into taquero (CURP, RFC, id_Taqueria, Nombre, A_Paterno, A_Materno, Calle, Numero, Estado, C_Postal, Edad, NSS, Antiguedad, Telefono, Email) values ('SOQB154888BCIOZH61', 'IKSF424941FQX', 87, 'Eva', 'Marquez', 'Fuentes', 'Melody', '19850', 'Morelos', '54190', 64, '14647305444', '2020-07-09', '5384143977', 'glavers2@live.com');
insert into taquero (CURP, RFC, id_Taqueria, Nombre, A_Paterno, A_Materno, Calle, Numero, Estado, C_Postal, Edad, NSS, Antiguedad, Telefono, Email) values ('JEZB075776IRARTV09', 'WUJX96682087O', 3, 'Diego', 'Montero', 'Soler', 'Sycamore', '1', 'Sonora', '90812', 36, '61946468047', '2020-02-07', '6081187429', 'cscardifeild3@vimeo.com');
insert into taquero (CURP, RFC, id_Taqueria, Nombre, A_Paterno, A_Materno, Calle, Numero, Estado, C_Postal, Edad, NSS, Antiguedad, Telefono, Email) values ('SVEV030803ZZVTWL48', 'DKUP089206IXF', 62, 'Alfredo', 'Fuentes', 'Mendez', 'Columbus', '23', 'Colima', '37584', 26, '04617121680', '2022-03-26', '5395848370', 'apadula4@europa.eu');
insert into taquero (CURP, RFC, id_Taqueria, Nombre, A_Paterno, A_Materno, Calle, Numero, Estado, C_Postal, Edad, NSS, Antiguedad, Telefono, Email) values ('HOSJ739132IEYOSCG3', 'MHVG33339816Z', 79, 'Pedro', 'Marquez', 'Vidal', 'Manley', '87', 'Hidalgo', '81203', 53, '92809469064', '2022-02-11', '3824272552', 'jdugmore5@theglobeandmail.com');
insert into taquero (CURP, RFC, id_Taqueria, Nombre, A_Paterno, A_Materno, Calle, Numero, Estado, C_Postal, Edad, NSS, Antiguedad, Telefono, Email) values ('VZGU331564CRMZSIX6', 'NAOH5794055M9', 87, 'Victoria', 'Pastor', 'Nieto', 'Londonderry', '831', 'Tabasco', '21164', 62, '50117027915', '2020-02-12', '6281047759', 'navent6@weebly.com');
insert into taquero (CURP, RFC, id_Taqueria, Nombre, A_Paterno, A_Materno, Calle, Numero, Estado, C_Postal, Edad, NSS, Antiguedad, Telefono, Email) values ('HXTS811104MBLHUZJ3', 'GNZM6301669AQ', 94, 'Joaquin', 'Mendez', 'Garrido', 'Talisman', '2', 'Morelos', '21622', 25, '68868490011', '2021-09-21', '8051385175', 'ndagwell7@blinklist.com');
insert into taquero (CURP, RFC, id_Taqueria, Nombre, A_Paterno, A_Materno, Calle, Numero, Estado, C_Postal, Edad, NSS, Antiguedad, Telefono, Email) values ('LIZV334086GZWHDIW4', 'XIDK057442X6X', 20, 'Nerea', 'Leon', 'Pascual', 'American', '940', 'Querétaro', '35065', 32, '80372021799', '2018-12-24', '1462241206', 'stoller8@addthis.com');
insert into taquero (CURP, RFC, id_Taqueria, Nombre, A_Paterno, A_Materno, Calle, Numero, Estado, C_Postal, Edad, NSS, Antiguedad, Telefono, Email) values ('YBBT078259ERTJFX01', 'CNNH7370317RV', 92, 'Albert', 'Blanco', 'Arias', 'Bluejay', '5952', 'Coahuila', '01554', 36, '47421129680', '2021-03-10', '6362725388', 'drendbaek9@uiuc.edu');
insert into taquero (CURP, RFC, id_Taqueria, Nombre, A_Paterno, A_Materno, Calle, Numero, Estado, C_Postal, Edad, NSS, Antiguedad, Telefono, Email) values ('FFGI493860JKASKI94', 'MMIS3474109EZ', 64, 'Roberto', 'Torres', 'Vargas', 'Fulton', '35606', 'San Luis Potosí', '18917', 42, '72476582098', '2021-05-24', '5849099869', 'athundera@uiuc.edu');
insert into taquero (CURP, RFC, id_Taqueria, Nombre, A_Paterno, A_Materno, Calle, Numero, Estado, C_Postal, Edad, NSS, Antiguedad, Telefono, Email) values ('YLAB349780HGDTXAQ6', 'BBBV1723468JK', 32, 'Pedro', 'Benitez', 'Ramos', 'Sommers', '164', 'estados', '69081', 33, '51554490520', '2021-05-21', '5086596843', 'jbowartb@icq.com');
insert into taquero (CURP, RFC, id_Taqueria, Nombre, A_Paterno, A_Materno, Calle, Numero, Estado, C_Postal, Edad, NSS, Antiguedad, Telefono, Email) values ('TSXR919160HJMOCIO0', 'MPMY3129141C1', 60, 'Marc', 'Flores', 'Serrano', 'Hovde', '56113', 'estados', '19113', 25, '54651236639', '2020-10-20', '3351031553', 'iegellc@ehow.com');
insert into taquero (CURP, RFC, id_Taqueria, Nombre, A_Paterno, A_Materno, Calle, Numero, Estado, C_Postal, Edad, NSS, Antiguedad, Telefono, Email) values ('DJGT724711LYJRDJW8', 'ZMFF596742ZBL', 64, 'Beatriz', 'Alonso', 'Reyes', 'Rigney', '2', 'Nuevo León', '48269', 55, '02738489744', '2018-11-22', '8772849649', 'kspurdend@yahoo.co.jp');
insert into taquero (CURP, RFC, id_Taqueria, Nombre, A_Paterno, A_Materno, Calle, Numero, Estado, C_Postal, Edad, NSS, Antiguedad, Telefono, Email) values ('JWIF381053PBNFXVJ0', 'IVCF380407XY5', 61, 'Luis', 'Castillo', 'Liera', 'Hallows', '428', 'Hidalgo', '56092', 36, '40800214120', '2020-04-01', '9494203571', 'ssheee@irs.gov');
insert into taquero (CURP, RFC, id_Taqueria, Nombre, A_Paterno, A_Materno, Calle, Numero, Estado, C_Postal, Edad, NSS, Antiguedad, Telefono, Email) values ('UHBM064820CNDOPQM7', 'FPXB003230KL6', 50, 'Carlos', 'Fernandez', 'Rivera', 'Old Gate', '94', 'Jalisco', '37530', 57, '30510930824', '2019-06-21', '5762784254', 'otrustrief@scribd.com');
insert into taquero (CURP, RFC, id_Taqueria, Nombre, A_Paterno, A_Materno, Calle, Numero, Estado, C_Postal, Edad, NSS, Antiguedad, Telefono, Email) values ('IVVN059091RXIBISR6', 'RNUW088296C81', 70, 'Nicolas', 'Blanco', 'Martin', 'Melvin', '361', 'Colima', '44518', 46, '75081002362', '2021-08-16', '5544235188', 'jburdsg@columbia.edu');
insert into taquero (CURP, RFC, id_Taqueria, Nombre, A_Paterno, A_Materno, Calle, Numero, Estado, C_Postal, Edad, NSS, Antiguedad, Telefono, Email) values ('CRMO053010SOZPKSE9', 'GVQY846917LJP', 73, 'Asuncion', 'Alonso', 'Diaz', 'Charing Cross', '909', 'Veracruz', '39879', 54, '12993813479', '2021-09-17', '6456272500', 'jszwandth@fda.gov');
insert into taquero (CURP, RFC, id_Taqueria, Nombre, A_Paterno, A_Materno, Calle, Numero, Estado, C_Postal, Edad, NSS, Antiguedad, Telefono, Email) values ('POCT625982QMEIXGX9', 'JBOP201112LVW', 78, 'Dolores', 'Herrero', 'Martin', 'American Ash', '86239', 'Querétaro', '74641', 47, '74992964434', '2019-09-03', '4466103499', 'awillansi@dagondesign.com');
insert into taquero (CURP, RFC, id_Taqueria, Nombre, A_Paterno, A_Materno, Calle, Numero, Estado, C_Postal, Edad, NSS, Antiguedad, Telefono, Email) values ('ALBM758615AQKJIH02', 'QWCD926947EUI', 25, 'Eva', 'Crespo', 'Moya', 'Lakeland', '76449', 'Tabasco', '57459', 50, '35931310973', '2021-04-20', '4504874905', 'jstuckeyj@hao123.com');
insert into taquero (CURP, RFC, id_Taqueria, Nombre, A_Paterno, A_Materno, Calle, Numero, Estado, C_Postal, Edad, NSS, Antiguedad, Telefono, Email) values ('LLQN063256EVZTMFO7', 'BYPD205745YI7', 17, 'Lorenzo', 'Vazquez', 'Parra', 'Grover', '87', 'Veracruz', '26102', 39, '97698237589', '2021-06-08', '5922552923', 'dfilipputtik@sina.com.cn');
insert into taquero (CURP, RFC, id_Taqueria, Nombre, A_Paterno, A_Materno, Calle, Numero, Estado, C_Postal, Edad, NSS, Antiguedad, Telefono, Email) values ('QABK974016TACGQYD7', 'GGRK965536A8F', 2, 'Blanca', 'Gallardo', 'Carrasco', 'Cherokee', '8', 'Guanajuato', '76461', 28, '73598126858', '2021-11-26', '8337757235', 'fcogganl@skype.com');
insert into taquero (CURP, RFC, id_Taqueria, Nombre, A_Paterno, A_Materno, Calle, Numero, Estado, C_Postal, Edad, NSS, Antiguedad, Telefono, Email) values ('RMJG765645VXUXFSM0', 'THWP1714353ER', 19, 'Arturo', 'Gonzalez', 'Vidal', 'Algoma', '664', 'Sonora', '68335', 59, '15926266468', '2020-11-10', '8771467677', 'clervenm@buzzfeed.com');
insert into taquero (CURP, RFC, id_Taqueria, Nombre, A_Paterno, A_Materno, Calle, Numero, Estado, C_Postal, Edad, NSS, Antiguedad, Telefono, Email) values ('JAHH313541GYHARXO6', 'JQRV824823O1K', 2, 'Manuel', 'Nieto', 'Mendez', 'Jackson', '744', 'Nuevo León', '67019', 58, '78913512767', '2021-02-09', '4919813607', 'rleahyn@ocn.ne.jp');
insert into taquero (CURP, RFC, id_Taqueria, Nombre, A_Paterno, A_Materno, Calle, Numero, Estado, C_Postal, Edad, NSS, Antiguedad, Telefono, Email) values ('IFGP286301JIXXBO25', 'RJCA8092990YV', 86, 'Fernando', 'Cano', 'Pascual', 'Hovde', '028', 'Puebla', '31329', 43, '91774977564', '2020-04-14', '8232478900', 'lfassamo@oracle.com');
insert into taquero (CURP, RFC, id_Taqueria, Nombre, A_Paterno, A_Materno, Calle, Numero, Estado, C_Postal, Edad, NSS, Antiguedad, Telefono, Email) values ('FQTB493594QCAZYTC0', 'JNPU993301DQM', 1, 'Andrea', 'Rubio', 'Carmona', 'Forest', '39786', 'Distrito Federal', '78666', 57, '48767819552', '2020-02-28', '7917870363', 'sangerp@gov.uk');
insert into taquero (CURP, RFC, id_Taqueria, Nombre, A_Paterno, A_Materno, Calle, Numero, Estado, C_Postal, Edad, NSS, Antiguedad, Telefono, Email) values ('ISFI581179KCBHVMW8', 'NWBL361633LYG', 32, 'Natalia', 'Gallardo', 'Cruz', 'Rieder', '98306', 'Guerrero', '26121', 50, '28879842155', '2019-10-21', '7544660084', 'jcrosbieq@nytimes.com');
insert into taquero (CURP, RFC, id_Taqueria, Nombre, A_Paterno, A_Materno, Calle, Numero, Estado, C_Postal, Edad, NSS, Antiguedad, Telefono, Email) values ('NGFR070979AQJLWBA6', 'TOCL278530VGM', 66, 'Lidia', 'Santos', 'Ruiz', 'Kipling', '3369', 'Zacatecas', '79827', 46, '51887694851', '2021-10-01', '2558875709', 'bdecourceyr@deliciousdays.com');
insert into taquero (CURP, RFC, id_Taqueria, Nombre, A_Paterno, A_Materno, Calle, Numero, Estado, C_Postal, Edad, NSS, Antiguedad, Telefono, Email) values ('CIFV958763WWDXALC2', 'TWXD034342XAO', 48, 'Vanesa', 'Castro', 'Nieto', 'Old Shore', '6', 'Baja California', '92893', 69, '79479632083', '2020-12-25', '9186389660', 'pstitchers@google.nl');
insert into taquero (CURP, RFC, id_Taqueria, Nombre, A_Paterno, A_Materno, Calle, Numero, Estado, C_Postal, Edad, NSS, Antiguedad, Telefono, Email) values ('RZIR178021QVWXKAJ2', 'RYWS708989L42', 63, 'Silvia', 'Ramirez', 'Calvo', 'Meadow Valley', '69', 'Jalisco', '57034', 49, '28110243061', '2021-04-30', '3979924094', 'tbrahmst@e-recht24.de');
insert into taquero (CURP, RFC, id_Taqueria, Nombre, A_Paterno, A_Materno, Calle, Numero, Estado, C_Postal, Edad, NSS, Antiguedad, Telefono, Email) values ('OSXX134088MHLNKTQ4', 'ZLKY907328ZYD', 91, 'Roberto', 'Hernandez', 'Cortes', 'Schmedeman', '364', 'Yucatán', '75168', 44, '78757272311', '2020-03-03', '4092440863', 'tellesworthu@yale.edu');
insert into taquero (CURP, RFC, id_Taqueria, Nombre, A_Paterno, A_Materno, Calle, Numero, Estado, C_Postal, Edad, NSS, Antiguedad, Telefono, Email) values ('KCTP103741NROSAAP3', 'RRZW2501323X8', 43, 'Julia', 'Castillo', 'Iglesias', 'Fordem', '12', 'Jalisco', '37556', 51, '51484534609', '2021-09-01', '6564106854', 'bleismanv@shareasale.com');
insert into taquero (CURP, RFC, id_Taqueria, Nombre, A_Paterno, A_Materno, Calle, Numero, Estado, C_Postal, Edad, NSS, Antiguedad, Telefono, Email) values ('SOTE795377CQAIPMB5', 'TBKE613838SF5', 83, 'Concepcion', 'Caballero', 'Gonzalez', 'Spaight', '2', 'Oaxaca', '99143', 22, '79978228541', '2019-03-02', '1604882352', 'bsherebrookw@discuz.net');
insert into taquero (CURP, RFC, id_Taqueria, Nombre, A_Paterno, A_Materno, Calle, Numero, Estado, C_Postal, Edad, NSS, Antiguedad, Telefono, Email) values ('UTPO047856FRYXAAB9', 'USTI2111370FP', 12, 'Concepcion', 'Campos', 'Diez', 'Golf View', '23472', 'Yucatán', '29684', 70, '38966278827', '2021-01-28', '2436942576', 'llambersenx@nsw.gov.au');
insert into taquero (CURP, RFC, id_Taqueria, Nombre, A_Paterno, A_Materno, Calle, Numero, Estado, C_Postal, Edad, NSS, Antiguedad, Telefono, Email) values ('FFDZ650337RMEMYFW4', 'FGPX5650664CR', 26, 'Mariano', 'Rivera', 'Serrano', 'Glendale', '6', 'Tamaulipas', '89785', 70, '06323683975', '2021-02-20', '4445855024', 'bbottrelly@eventbrite.com');
insert into taquero (CURP, RFC, id_Taqueria, Nombre, A_Paterno, A_Materno, Calle, Numero, Estado, C_Postal, Edad, NSS, Antiguedad, Telefono, Email) values ('JPJG108669KBIKYSZ7', 'NAHJ362724B0G', 38, 'Isaac', 'Morales', 'Pastor', 'High Crossing', '5', 'Distrito Federal', '31372', 45, '06186571690', '2019-09-19', '5846915662', 'bdemez@state.tx.us');
insert into taquero (CURP, RFC, id_Taqueria, Nombre, A_Paterno, A_Materno, Calle, Numero, Estado, C_Postal, Edad, NSS, Antiguedad, Telefono, Email) values ('ZVBU760388EGBICCV1', 'EBCK0258510DW', 12, 'Veronica', 'Saez', 'Sanchez', 'Birchwood', '759', 'Tabasco', '79411', 32, '46381183751', '2018-06-25', '9983830835', 'sricharz10@yahoo.co.jp');
insert into taquero (CURP, RFC, id_Taqueria, Nombre, A_Paterno, A_Materno, Calle, Numero, Estado, C_Postal, Edad, NSS, Antiguedad, Telefono, Email) values ('EBJO102928GSQNPFJ8', 'OEET075860NPG', 90, 'Patricia', 'Guerrero', 'Santiago', 'Mallory', '936', 'Oaxaca', '97492', 54, '08824229017', '2020-04-10', '6797362741', 'awhiscard11@slideshare.net');
insert into taquero (CURP, RFC, id_Taqueria, Nombre, A_Paterno, A_Materno, Calle, Numero, Estado, C_Postal, Edad, NSS, Antiguedad, Telefono, Email) values ('UHEX556110KDJXNXU6', 'TZVI49580511R', 34, 'Fatima', 'Mora', 'Dominguez', 'Arapahoe', '60897', 'Oaxaca', '62854', 60, '27394631970', '2022-01-02', '5029834714', 'mbroxap12@rakuten.co.jp');
insert into taquero (CURP, RFC, id_Taqueria, Nombre, A_Paterno, A_Materno, Calle, Numero, Estado, C_Postal, Edad, NSS, Antiguedad, Telefono, Email) values ('OLDF932799AMHEVE31', 'PMVP592666I7G', 100, 'Raul', 'Santana', 'Morales', 'Mosinee', '4362', 'Colima', '71686', 31, '61866501887', '2021-06-24', '7109457040', 'ocrutch13@google.ca');
insert into taquero (CURP, RFC, id_Taqueria, Nombre, A_Paterno, A_Materno, Calle, Numero, Estado, C_Postal, Edad, NSS, Antiguedad, Telefono, Email) values ('TOJZ400476ZOXPOMB2', 'UCGF213793A2U', 45, 'Borja', 'Navarro', 'Vidal', 'Anhalt', '03', 'Sonora', '50953', 33, '72636680739', '2019-10-29', '7457634154', 'mkirrage14@reddit.com');
insert into taquero (CURP, RFC, id_Taqueria, Nombre, A_Paterno, A_Materno, Calle, Numero, Estado, C_Postal, Edad, NSS, Antiguedad, Telefono, Email) values ('MGPQ391492AFSSNLH8', 'TQUJ52846052S', 19, 'Antonio', 'Sanz', 'Rodriguez', 'Hoffman', '728', 'Baja California', '81265', 54, '22684201599', '2019-02-21', '6814298238', 'lharrigan15@histats.com');
insert into taquero (CURP, RFC, id_Taqueria, Nombre, A_Paterno, A_Materno, Calle, Numero, Estado, C_Postal, Edad, NSS, Antiguedad, Telefono, Email) values ('SOPR823703TGXJGDU6', 'MYTY342818SSA', 29, 'Susana', 'Perez', 'Gil', 'Dunning', '51377', 'Hidalgo', '12444', 46, '65645568359', '2022-01-17', '3698985157', 'gmainstone16@noaa.gov');
insert into taquero (CURP, RFC, id_Taqueria, Nombre, A_Paterno, A_Materno, Calle, Numero, Estado, C_Postal, Edad, NSS, Antiguedad, Telefono, Email) values ('FBJY551249WHSEJKY0', 'AHRH664798T0N', 83, 'Andrea', 'Delgado', 'Herrero', 'Riverside', '25', 'Guerrero', '44129', 31, '59060479261', '2019-05-13', '3657887067', 'sharmson17@wufoo.com');
insert into taquero (CURP, RFC, id_Taqueria, Nombre, A_Paterno, A_Materno, Calle, Numero, Estado, C_Postal, Edad, NSS, Antiguedad, Telefono, Email) values ('EJDP229703KOCVRGR3', 'UFWB453594C20', 51, 'Manuela', 'Moya', 'Caballero', 'Dahle', '87405', 'Querétaro', '23686', 33, '17286492890', '2022-02-23', '3908412607', 'nculpin18@archive.org');
insert into taquero (CURP, RFC, id_Taqueria, Nombre, A_Paterno, A_Materno, Calle, Numero, Estado, C_Postal, Edad, NSS, Antiguedad, Telefono, Email) values ('JGNI244245KYODKWH7', 'KNTO676184EZI', 12, 'Carlos', 'Castro', 'Carrasco', 'Lillian', '8', 'Tabasco', '93500', 42, '45684599435', '2020-06-08', '6004224040', 'sheppenspall19@si.edu');
insert into taquero (CURP, RFC, id_Taqueria, Nombre, A_Paterno, A_Materno, Calle, Numero, Estado, C_Postal, Edad, NSS, Antiguedad, Telefono, Email) values ('CTYQ149115ZVMKLU79', 'VXZS310909ZPG', 77, 'Inmaculada', 'Leon', 'Lozano', 'Kinsman', '76874', 'Yucatán', '27123', 46, '52714989605', '2020-10-31', '8198687714', 'tjanney1a@sun.com');
insert into taquero (CURP, RFC, id_Taqueria, Nombre, A_Paterno, A_Materno, Calle, Numero, Estado, C_Postal, Edad, NSS, Antiguedad, Telefono, Email) values ('CAVE877677WVQFPG72', 'IEES128385RU6', 9, 'Ines', 'Ramos', 'Velasco', 'Kinsman', '3080', 'Yucatán', '55542', 69, '74439899821', '2022-01-24', '8583282776', 'sscargill1b@example.com');
insert into taquero (CURP, RFC, id_Taqueria, Nombre, A_Paterno, A_Materno, Calle, Numero, Estado, C_Postal, Edad, NSS, Antiguedad, Telefono, Email) values ('FHAT756925QDQCCV61', 'LBCI883984URB', 63, 'Margarita', 'Montez', 'Olivera', 'Welch', '64', 'México', '03810', 25, '02729590442', '2019-07-03', '5776028463', 'wtaile1c@pinterest.com');
insert into taquero (CURP, RFC, id_Taqueria, Nombre, A_Paterno, A_Materno, Calle, Numero, Estado, C_Postal, Edad, NSS, Antiguedad, Telefono, Email) values ('QEZO491015QWKGPB32', 'GCCP3732487DN', 1, 'Virginia', 'Navarro', 'Lozano', 'Arizona', '39', 'Chihuahua', '10475', 66, '85456905118', '2021-07-20', '1032684849', 'rblackler1d@auda.org.au');
insert into taquero (CURP, RFC, id_Taqueria, Nombre, A_Paterno, A_Materno, Calle, Numero, Estado, C_Postal, Edad, NSS, Antiguedad, Telefono, Email) values ('TCZF547288DTWSZDT6', 'AWMM688932XK2', 49, 'Teresa', 'Pascual', 'Moreno', 'Mayer', '60', 'Chihuahua', '52076', 56, '16011923763', '2020-06-20', '3591383077', 'jleer1e@mlb.com');
insert into taquero (CURP, RFC, id_Taqueria, Nombre, A_Paterno, A_Materno, Calle, Numero, Estado, C_Postal, Edad, NSS, Antiguedad, Telefono, Email) values ('RNMR021322HQQXQIE7', 'UZRW574956QRR', 66, 'Eugenio', 'Uriostegui', 'Ruiz', 'Buell', '878', 'Colima', '93167', 58, '38111800597', '2021-06-27', '3084578243', 'oeskrigg1f@cbc.ca');
insert into taquero (CURP, RFC, id_Taqueria, Nombre, A_Paterno, A_Materno, Calle, Numero, Estado, C_Postal, Edad, NSS, Antiguedad, Telefono, Email) values ('TPAL114882HBQECN95', 'GRZF5897162CO', 81, 'Magdalena', 'Medina', 'Moreno', 'Arrowood', '8402', 'Tamaulipas', '80944', 64, '69947787586', '2021-07-22', '5899072779', 'wtarbin1g@businessinsider.com');
insert into taquero (CURP, RFC, id_Taqueria, Nombre, A_Paterno, A_Materno, Calle, Numero, Estado, C_Postal, Edad, NSS, Antiguedad, Telefono, Email) values ('CVVK389147BKZEXO05', 'AIOQ7074846RY', 70, 'Encarnacion', 'Sanchez', 'Vega', 'Clove', '25', 'Coahuila', '84433', 35, '29194770788', '2022-01-14', '8158770159', 'mbutton1h@uiuc.edu');
insert into taquero (CURP, RFC, id_Taqueria, Nombre, A_Paterno, A_Materno, Calle, Numero, Estado, C_Postal, Edad, NSS, Antiguedad, Telefono, Email) values ('JFBD157153USSVSMW9', 'YMBS741871695', 17, 'Jose', 'Ortiz', 'Aguilar', 'High Crossing', '17649', 'Colima', '53745', 35, '18791640627', '2018-06-23', '1918413333', 'sheppner1i@ow.ly');
insert into taquero (CURP, RFC, id_Taqueria, Nombre, A_Paterno, A_Materno, Calle, Numero, Estado, C_Postal, Edad, NSS, Antiguedad, Telefono, Email) values ('PHRE368670UVZKBVU8', 'NSKV97555853L', 68, 'Milagros', 'Santiago', 'Cabrera', 'Dapin', '95381', 'Michoacán', '08041', 34, '08808674404', '2018-08-08', '6209844565', 'mmenguy1j@un.org');
insert into taquero (CURP, RFC, id_Taqueria, Nombre, A_Paterno, A_Materno, Calle, Numero, Estado, C_Postal, Edad, NSS, Antiguedad, Telefono, Email) values ('EEXO063681LDLURV88', 'UCRI2848936JS', 53, 'Eva', 'Uriostegui', 'Cano', 'Walton', '63302', 'Chihuahua', '56961', 67, '39537297991', '2020-12-19', '9515312511', 'tjoannic1k@zdnet.com');
insert into taquero (CURP, RFC, id_Taqueria, Nombre, A_Paterno, A_Materno, Calle, Numero, Estado, C_Postal, Edad, NSS, Antiguedad, Telefono, Email) values ('NZNC216995XPSHMTP6', 'RYIC133269AUY', 16, 'Gonzalo', 'Gonzalez', 'Morales', 'Raven', '76815', 'Quintana Roo', '40216', 68, '02913823431', '2020-05-24', '5042244456', 'jalbany1l@reddit.com');
insert into taquero (CURP, RFC, id_Taqueria, Nombre, A_Paterno, A_Materno, Calle, Numero, Estado, C_Postal, Edad, NSS, Antiguedad, Telefono, Email) values ('MNNK136478VDBWCM47', 'SEPR71817266T', 90, 'Alfonso', 'Diaz', 'Carrasco', 'Darwin', '63', 'Querétaro', '87368', 20, '62742473181', '2021-02-06', '6731129588', 'aletixier1m@usnews.com');
insert into taquero (CURP, RFC, id_Taqueria, Nombre, A_Paterno, A_Materno, Calle, Numero, Estado, C_Postal, Edad, NSS, Antiguedad, Telefono, Email) values ('APIF008085YSGHROK3', 'AMHK266512NAU', 99, 'Angela', 'Mendez', 'Marquez', 'Village', '97616', 'Aguascalientes', '93068', 62, '27167050859', '2021-08-12', '8466994718', 'rkennefick1n@house.gov');
insert into taquero (CURP, RFC, id_Taqueria, Nombre, A_Paterno, A_Materno, Calle, Numero, Estado, C_Postal, Edad, NSS, Antiguedad, Telefono, Email) values ('JBAH407847MGERJTP9', 'GOZS738555GCV', 33, 'Margarita', 'Herrera', 'Suarez', 'Straubel', '8', 'Baja California', '68779', 31, '16519011471', '2020-07-21', '9665448206', 'freinhart1o@hexun.com');
insert into taquero (CURP, RFC, id_Taqueria, Nombre, A_Paterno, A_Materno, Calle, Numero, Estado, C_Postal, Edad, NSS, Antiguedad, Telefono, Email) values ('XFWV693593ZCACLMP1', 'KOBO7097091D3', 79, 'Mohammed', 'Perez', 'Sanchez', 'Maple', '31', 'estados', '57259', 57, '78076326516', '2020-06-08', '9317718720', 'dlaible1p@google.es');
insert into taquero (CURP, RFC, id_Taqueria, Nombre, A_Paterno, A_Materno, Calle, Numero, Estado, C_Postal, Edad, NSS, Antiguedad, Telefono, Email) values ('BXXL437929QKVCMMZ5', 'QQAA678586DA8', 75, 'Teresa', 'Pascual', 'Roman', 'Mendota', '146', 'Tlaxcala', '04943', 49, '86343559961', '2021-06-15', '6337827979', 'credmayne1q@geocities.com');
insert into taquero (CURP, RFC, id_Taqueria, Nombre, A_Paterno, A_Materno, Calle, Numero, Estado, C_Postal, Edad, NSS, Antiguedad, Telefono, Email) values ('BFYN375166ZQDRDYK1', 'JAMJ183376AGR', 69, 'Antonia', 'Fernandez', 'Cabrera', 'Wayridge', '32', 'Aguascalientes', '86050', 36, '20871495407', '2022-01-20', '2053873005', 'sweymont1r@cnn.com');
insert into taquero (CURP, RFC, id_Taqueria, Nombre, A_Paterno, A_Materno, Calle, Numero, Estado, C_Postal, Edad, NSS, Antiguedad, Telefono, Email) values ('TFFU888900PWLABG27', 'UGDT8227529TG', 75, 'Elisa', 'Roman', 'Aguilar', 'Kipling', '0651', 'Chihuahua', '91050', 36, '65955776905', '2020-07-15', '4182428322', 'rkeitch1s@si.edu');
insert into taquero (CURP, RFC, id_Taqueria, Nombre, A_Paterno, A_Materno, Calle, Numero, Estado, C_Postal, Edad, NSS, Antiguedad, Telefono, Email) values ('DWFT050895RUWTPO41', 'TPYD728712Z64', 76, 'Mohamed', 'Moreno', 'Vargas', 'Lakeland', '53254', 'Guerrero', '49810', 66, '47544858172', '2019-01-03', '3072413092', 'rtanzer1t@cnet.com');
insert into taquero (CURP, RFC, id_Taqueria, Nombre, A_Paterno, A_Materno, Calle, Numero, Estado, C_Postal, Edad, NSS, Antiguedad, Telefono, Email) values ('QLSM916841OJEETUI0', 'PXBJ883773VS3', 73, 'Mohamed', 'Moreno', 'Iglesias', 'Ridgeway', '66', 'Baja California', '32396', 32, '39107051782', '2020-03-15', '7134758995', 'fbarroux1u@prnewswire.com');
insert into taquero (CURP, RFC, id_Taqueria, Nombre, A_Paterno, A_Materno, Calle, Numero, Estado, C_Postal, Edad, NSS, Antiguedad, Telefono, Email) values ('HVTM010910ERITXY08', 'QFQV9393359FX', 3, 'Samuel', 'Carrasco', 'Ferrer', 'Bashford', '3', 'Morelos', '76629', 23, '24995729623', '2019-04-09', '5367444259', 'dtrewhitt1v@odnoklassniki.ru');
insert into taquero (CURP, RFC, id_Taqueria, Nombre, A_Paterno, A_Materno, Calle, Numero, Estado, C_Postal, Edad, NSS, Antiguedad, Telefono, Email) values ('CIDJ736695ALDXGUG2', 'EHOK208662DRA', 10, 'German', 'Gutierrez', 'Santiago', 'Vernon', '3836', 'Guerrero', '44838', 22, '08055067699', '2019-08-23', '7192301435', 'nbasso1w@utexas.edu');
insert into taquero (CURP, RFC, id_Taqueria, Nombre, A_Paterno, A_Materno, Calle, Numero, Estado, C_Postal, Edad, NSS, Antiguedad, Telefono, Email) values ('CZAS275469ZNGFYI11', 'JJCP481559DEI', 81, 'Antonia', 'Ramos', 'Diez', 'Northview', '8', 'Guanajuato', '58734', 50, '79524227766', '2019-12-01', '1497874222', 'gcornely1x@ibm.com');
insert into taquero (CURP, RFC, id_Taqueria, Nombre, A_Paterno, A_Materno, Calle, Numero, Estado, C_Postal, Edad, NSS, Antiguedad, Telefono, Email) values ('NEZR782022FLLPTS76', 'KSIP0675127NQ', 39, 'Ismael', 'Alvarez', 'Rojas', 'Dayton', '3653', 'Sonora', '14933', 22, '64970686335', '2019-09-06', '3139634538', 'jkampshell1y@amazon.co.jp');
insert into taquero (CURP, RFC, id_Taqueria, Nombre, A_Paterno, A_Materno, Calle, Numero, Estado, C_Postal, Edad, NSS, Antiguedad, Telefono, Email) values ('DBIJ449502DUPCSOB1', 'DIGP838223WNZ', 23, 'Encarnacion', 'Rojas', 'Reyes', 'Dennis', '4778', 'San Luis Potosí', '07071', 57, '62368631822', '2022-04-01', '7437742113', 'ksever1z@twitpic.com');
insert into taquero (CURP, RFC, id_Taqueria, Nombre, A_Paterno, A_Materno, Calle, Numero, Estado, C_Postal, Edad, NSS, Antiguedad, Telefono, Email) values ('CBHJ983730SDARUM75', 'GWZU298071HT1', 99, 'Blanca', 'Ruiz', 'Gutierrez', 'Mallory', '9225', 'Aguascalientes', '08034', 50, '54796193226', '2020-07-23', '4876457341', 'jpaulat20@csmonitor.com');
insert into taquero (CURP, RFC, id_Taqueria, Nombre, A_Paterno, A_Materno, Calle, Numero, Estado, C_Postal, Edad, NSS, Antiguedad, Telefono, Email) values ('ODND693931WSGWPXB1', 'GSDR276756YIC', 81, 'Yolanda', 'Vargas', 'Sanz', 'American Ash', '80', 'Oaxaca', '19922', 61, '80538834399', '2021-03-01', '5261344575', 'mdanes21@cdc.gov');
insert into taquero (CURP, RFC, id_Taqueria, Nombre, A_Paterno, A_Materno, Calle, Numero, Estado, C_Postal, Edad, NSS, Antiguedad, Telefono, Email) values ('VHVR558054NVWAGZ72', 'BSZE889847URD', 5, 'Gema', 'Gonzalez', 'Flores', 'Reinke', '1', 'Morelos', '76190', 40, '58604420150', '2020-12-18', '2296805395', 'sdickings22@wordpress.org');
insert into taquero (CURP, RFC, id_Taqueria, Nombre, A_Paterno, A_Materno, Calle, Numero, Estado, C_Postal, Edad, NSS, Antiguedad, Telefono, Email) values ('ARUE032689HPITLGY5', 'VWSD064101I8Q', 92, 'Ines', 'Vega', 'Santana', 'Brentwood', '72', 'Tamaulipas', '80038', 48, '95507651342', '2018-12-17', '2071692007', 'szanotti23@deviantart.com');
insert into taquero (CURP, RFC, id_Taqueria, Nombre, A_Paterno, A_Materno, Calle, Numero, Estado, C_Postal, Edad, NSS, Antiguedad, Telefono, Email) values ('BWWL334517SJWVROS2', 'KQDJ88646514F', 92, 'Concepcion', 'Uriostegui', 'Lorenzo', 'Straubel', '7740', 'Quintana Roo', '25570', 50, '46685297369', '2021-05-04', '1551134734', 'kerickssen24@soundcloud.com');
insert into taquero (CURP, RFC, id_Taqueria, Nombre, A_Paterno, A_Materno, Calle, Numero, Estado, C_Postal, Edad, NSS, Antiguedad, Telefono, Email) values ('QHBN768999JXEDRH42', 'YTUW333982UQI', 67, 'Hugo', 'Mendez', 'Carmona', 'Dorton', '54', 'Baja California Sur', '09235', 40, '63417017266', '2018-07-08', '2836335311', 'gvarney25@time.com');
insert into taquero (CURP, RFC, id_Taqueria, Nombre, A_Paterno, A_Materno, Calle, Numero, Estado, C_Postal, Edad, NSS, Antiguedad, Telefono, Email) values ('DEIF933438XUTWRS97', 'ITBQ565107ZF6', 28, 'Angel', 'Rodriguez', 'Ramirez', 'Crowley', '27', 'Coahuila', '24798', 50, '95572002410', '2019-10-21', '6743299990', 'rdemogeot26@issuu.com');
insert into taquero (CURP, RFC, id_Taqueria, Nombre, A_Paterno, A_Materno, Calle, Numero, Estado, C_Postal, Edad, NSS, Antiguedad, Telefono, Email) values ('LRBT561908OGNACYG5', 'YIUG236922XOT', 65, 'Raul', 'Fuentes', 'Jimenez', 'Carioca', '0603', 'Morelos', '19628', 62, '73280526828', '2021-10-13', '4242957295', 'gizsak27@dailymotion.com');
insert into taquero (CURP, RFC, id_Taqueria, Nombre, A_Paterno, A_Materno, Calle, Numero, Estado, C_Postal, Edad, NSS, Antiguedad, Telefono, Email) values ('WIJE157083XYJYMF53', 'XDJD829211EJE', 46, 'Sofia', 'Carmona', 'Montero', 'Waywood', '57593', 'Oaxaca', '98229', 56, '07797825319', '2019-03-04', '7839683179', 'bsugarman28@drupal.org');
insert into taquero (CURP, RFC, id_Taqueria, Nombre, A_Paterno, A_Materno, Calle, Numero, Estado, C_Postal, Edad, NSS, Antiguedad, Telefono, Email) values ('ZFVZ968263NVHCWD07', 'KGSN409673OA9', 79, 'Salvador', 'Vargas', 'Blanco', 'Mariners Cove', '08', 'Tabasco', '91960', 51, '63044053344', '2020-06-15', '3569095677', 'splaskett29@si.edu');
insert into taquero (CURP, RFC, id_Taqueria, Nombre, A_Paterno, A_Materno, Calle, Numero, Estado, C_Postal, Edad, NSS, Antiguedad, Telefono, Email) values ('YZGX361262YFLFNOI1', 'MBDY505720RNQ', 44, 'Lucia', 'Liera', 'Benitez', 'Warner', '0413', 'estados', '76370', 56, '71219708300', '2020-02-27', '6037510936', 'ahallede2a@slideshare.net');
insert into taquero (CURP, RFC, id_Taqueria, Nombre, A_Paterno, A_Materno, Calle, Numero, Estado, C_Postal, Edad, NSS, Antiguedad, Telefono, Email) values ('BBQW664176RABSAZ04', 'ZGBS570022060', 51, 'Marc', 'Castillo', 'Hidalgo', 'Erie', '71660', 'Chihuahua', '61360', 70, '48843768703', '2019-12-02', '7711855139', 'agloucester2b@yellowbook.com');
insert into taquero (CURP, RFC, id_Taqueria, Nombre, A_Paterno, A_Materno, Calle, Numero, Estado, C_Postal, Edad, NSS, Antiguedad, Telefono, Email) values ('YWFK550866CFTDDFG3', 'XFYZ93605578G', 33, 'Josefina', 'Herrera', 'Gallardo', 'Washington', '2631', 'Puebla', '80316', 41, '62306485292', '2019-02-19', '9387814812', 'hmaltman2c@washingtonpost.com');
insert into taquero (CURP, RFC, id_Taqueria, Nombre, A_Paterno, A_Materno, Calle, Numero, Estado, C_Postal, Edad, NSS, Antiguedad, Telefono, Email) values ('ZIYY139609NKJQXHM1', 'FEUR315853HOZ', 20, 'Miriam', 'Calvo', 'Bravo', 'Karstens', '4904', 'estados', '27101', 41, '11892709377', '2022-03-29', '1911854228', 'orobinet2d@cbc.ca');
insert into taquero (CURP, RFC, id_Taqueria, Nombre, A_Paterno, A_Materno, Calle, Numero, Estado, C_Postal, Edad, NSS, Antiguedad, Telefono, Email) values ('DPEN880642UQIYOWI9', 'LCJH6539042MJ', 42, 'Silvia', 'Crespo', 'Campos', 'Merchant', '2', 'Distrito Federal', '43313', 56, '49488193837', '2019-10-22', '7838015136', 'rpeye2e@google.nl');
insert into taquero (CURP, RFC, id_Taqueria, Nombre, A_Paterno, A_Materno, Calle, Numero, Estado, C_Postal, Edad, NSS, Antiguedad, Telefono, Email) values ('MWHV309794JTFHKD77', 'IPLM554041PH0', 79, 'Margarita', 'Carrasco', 'Prieto', 'Ridgeway', '26', 'Zacatecas', '91746', 59, '90402522653', '2019-04-30', '8168121652', 'apeirson2f@marketwatch.com');
insert into taquero (CURP, RFC, id_Taqueria, Nombre, A_Paterno, A_Materno, Calle, Numero, Estado, C_Postal, Edad, NSS, Antiguedad, Telefono, Email) values ('FBBC372943ZRPCBAM2', 'ACMX516393U0P', 3, 'Lorena', 'Gomez', 'Montez', 'Summer Ridge', '72406', 'Hidalgo', '97562', 51, '11009258943', '2021-09-21', '5007633352', 'kmoseley2g@phoca.cz');
insert into taquero (CURP, RFC, id_Taqueria, Nombre, A_Paterno, A_Materno, Calle, Numero, Estado, C_Postal, Edad, NSS, Antiguedad, Telefono, Email) values ('BATW905813BQWUIKC4', 'PITC172959NNZ', 11, 'Alex', 'Vicente', 'Gutierrez', 'Cottonwood', '47347', 'Chiapas', '80877', 59, '07051133023', '2021-06-27', '2073052858', 'fwiersma2h@wsj.com');
insert into taquero (CURP, RFC, id_Taqueria, Nombre, A_Paterno, A_Materno, Calle, Numero, Estado, C_Postal, Edad, NSS, Antiguedad, Telefono, Email) values ('CJAY769495ANQEAQD8', 'ZPJN871874JO1', 3, 'Miriam', 'Gil', 'Blanco', 'Atwood', '3', 'Quintana Roo', '50798', 57, '60016375921', '2022-03-30', '3641778274', 'nlangrish2i@opera.com');
insert into taquero (CURP, RFC, id_Taqueria, Nombre, A_Paterno, A_Materno, Calle, Numero, Estado, C_Postal, Edad, NSS, Antiguedad, Telefono, Email) values ('XSFY624645YMRCVFE4', 'AGMS356489NPH', 44, 'Miriam', 'Moya', 'Suarez', 'Scofield', '633', 'Yucatán', '36779', 69, '64016905144', '2019-03-13', '3341004002', 'clocket2j@house.gov');
insert into taquero (CURP, RFC, id_Taqueria, Nombre, A_Paterno, A_Materno, Calle, Numero, Estado, C_Postal, Edad, NSS, Antiguedad, Telefono, Email) values ('GXKW794968XMIUOFO5', 'KLSF037058LIQ', 25, 'Isaac', 'Duran', 'Marquez', 'Kensington', '3005', 'Aguascalientes', '17239', 23, '24138872716', '2021-03-28', '3958075611', 'gleatherbarrow2k@nps.gov');
insert into taquero (CURP, RFC, id_Taqueria, Nombre, A_Paterno, A_Materno, Calle, Numero, Estado, C_Postal, Edad, NSS, Antiguedad, Telefono, Email) values ('SVJS396665RWTAIVD9', 'NSNN227746EMN', 5, 'Ismael', 'Castillo', 'Campos', 'Northland', '33', 'Aguascalientes', '86422', 69, '47861432814', '2020-05-13', '3736613773', 'hauger2l@newyorker.com');
insert into taquero (CURP, RFC, id_Taqueria, Nombre, A_Paterno, A_Materno, Calle, Numero, Estado, C_Postal, Edad, NSS, Antiguedad, Telefono, Email) values ('QINY141531IVMJKW70', 'ZPGB087238ETV', 77, 'Sofia', 'Benitez', 'Arias', 'Roxbury', '51', 'Michoacán', '66747', 70, '40463040005', '2019-11-10', '1731571485', 'lguslon2m@furl.net');
insert into taquero (CURP, RFC, id_Taqueria, Nombre, A_Paterno, A_Materno, Calle, Numero, Estado, C_Postal, Edad, NSS, Antiguedad, Telefono, Email) values ('WXFG788954BLSAMPJ5', 'IIIL187086VVX', 95, 'Oscar', 'Blanco', 'Duran', 'Mesta', '52457', 'Sinaloa', '89756', 28, '84851001444', '2021-03-11', '1632593418', 'ejoslin2n@deliciousdays.com');
insert into taquero (CURP, RFC, id_Taqueria, Nombre, A_Paterno, A_Materno, Calle, Numero, Estado, C_Postal, Edad, NSS, Antiguedad, Telefono, Email) values ('WTSP286076JJAZLK72', 'DUGK437300EU7', 52, 'Sebastian', 'Alonso', 'Pascual', 'Browning', '538', 'Jalisco', '03899', 28, '64799662235', '2020-06-06', '1684831417', 'hgriffey2o@google.com.hk');
insert into taquero (CURP, RFC, id_Taqueria, Nombre, A_Paterno, A_Materno, Calle, Numero, Estado, C_Postal, Edad, NSS, Antiguedad, Telefono, Email) values ('KUOB068779XTENPP22', 'LPXH319664874', 91, 'Josep', 'Reyes', 'Pascual', 'Brown', '6050', 'Campeche', '60466', 44, '67411759600', '2019-02-25', '1248419951', 'kraddenbury2p@discovery.com');
insert into taquero (CURP, RFC, id_Taqueria, Nombre, A_Paterno, A_Materno, Calle, Numero, Estado, C_Postal, Edad, NSS, Antiguedad, Telefono, Email) values ('KLMJ954225BMCRUTY6', 'PJYA876470PHG', 80, 'Nicolas', 'Serrano', 'Santiago', 'Mcbride', '5925', 'Coahuila', '32734', 46, '23004359648', '2021-04-05', '5171561459', 'bdrysdale2q@flavors.me');
insert into taquero (CURP, RFC, id_Taqueria, Nombre, A_Paterno, A_Materno, Calle, Numero, Estado, C_Postal, Edad, NSS, Antiguedad, Telefono, Email) values ('ZTLS193801DHLMDBY7', 'GQYW004681ITY', 41, 'Mohamed', 'Alonso', 'Marquez', 'Scofield', '6', 'Nuevo León', '26800', 50, '01372629372', '2019-12-27', '4893063721', 'tcoughan2r@arstechnica.com');

-- MESERO

insert into mesero (CURP, RFC, id_Taqueria, Nombre, A_Paterno, A_Materno, Calle, Numero, Estado, C_Postal, Edad, NSS, Antiguedad, Telefono, Email) values ('DXOT154352ZFSYBIQ1', 'EGCU621013HRS', 37, 'Raul', 'Nieto', 'Garrido', 'David', '47234', 'Nayarit', '03752', 32, '55775864517', '2019-04-06', '3267957279', 'fjurek0@odnoklassniki.ru');
insert into mesero (CURP, RFC, id_Taqueria, Nombre, A_Paterno, A_Materno, Calle, Numero, Estado, C_Postal, Edad, NSS, Antiguedad, Telefono, Email) values ('ZUZQ269727BUBXWQF2', 'NNVF166776SDG', 55, 'Magdalena', 'Alvarez', 'Montez', 'Mitchell', '28098', 'Michoacán', '99808', 38, '73249454888', '2020-03-16', '9648851082', 'istockman1@hp.com');
insert into mesero (CURP, RFC, id_Taqueria, Nombre, A_Paterno, A_Materno, Calle, Numero, Estado, C_Postal, Edad, NSS, Antiguedad, Telefono, Email) values ('SQWP567454XJDAJEQ8', 'BHZS091221G6C', 5, 'Aaron', 'Lopez', 'Garrido', 'Ronald Regan', '54616', 'Sinaloa', '60837', 58, '63888191486', '2019-11-21', '4356951280', 'dpatton2@smh.com.au');
insert into mesero (CURP, RFC, id_Taqueria, Nombre, A_Paterno, A_Materno, Calle, Numero, Estado, C_Postal, Edad, NSS, Antiguedad, Telefono, Email) values ('LBTM417499YBUNVOO5', 'NQVC1594324B1', 58, 'Joel', 'Lorenzo', 'Lopez', 'Bartelt', '68', 'Ciudad de México', '45363', 39, '37293351809', '2018-12-13', '3038436375', 'dgration3@fda.gov');
insert into mesero (CURP, RFC, id_Taqueria, Nombre, A_Paterno, A_Materno, Calle, Numero, Estado, C_Postal, Edad, NSS, Antiguedad, Telefono, Email) values ('GEKD532156WXYPQRB0', 'JZQB919224E5M', 42, 'Jaime', 'Alonso', 'Gallego', 'Eagan', '7413', 'Durango', '78710', 47, '57772740789', '2019-04-12', '8603324833', 'giacofo4@sitemeter.com');
insert into mesero (CURP, RFC, id_Taqueria, Nombre, A_Paterno, A_Materno, Calle, Numero, Estado, C_Postal, Edad, NSS, Antiguedad, Telefono, Email) values ('JZXE977994ZFDGQGD9', 'TTNM262234787', 54, 'Belen', 'Marquez', 'Rivera', 'Northwestern', '2539', 'Zacatecas', '10342', 65, '27269611005', '2021-10-28', '4644506617', 'glawther5@google.co.uk');
insert into mesero (CURP, RFC, id_Taqueria, Nombre, A_Paterno, A_Materno, Calle, Numero, Estado, C_Postal, Edad, NSS, Antiguedad, Telefono, Email) values ('IGCH142696PLVJQFO5', 'NWRZ474354512', 2, 'Raul', 'Reyes', 'Caballero', 'Mockingbird', '1638', 'Sinaloa', '45295', 21, '53171908763', '2018-07-08', '9852175959', 'fmityashin6@cisco.com');
insert into mesero (CURP, RFC, id_Taqueria, Nombre, A_Paterno, A_Materno, Calle, Numero, Estado, C_Postal, Edad, NSS, Antiguedad, Telefono, Email) values ('LCVQ679483FPFHFLF5', 'CHAQ209349MKR', 56, 'Lourdes', 'Vidal', 'Calvo', 'Ruskin', '2938', 'Yucatán', '32372', 25, '31417811201', '2018-07-14', '7026610361', 'bmacneilage7@shop-pro.jp');
insert into mesero (CURP, RFC, id_Taqueria, Nombre, A_Paterno, A_Materno, Calle, Numero, Estado, C_Postal, Edad, NSS, Antiguedad, Telefono, Email) values ('ZGUN240812OHLAKSC7', 'XLQD321134O8U', 58, 'Mohammed', 'Sanchez', 'Reyes', 'Hooker', '093', 'Chihuahua', '13896', 28, '36866912780', '2021-11-21', '1268675348', 'ghovard8@sakura.ne.jp');
insert into mesero (CURP, RFC, id_Taqueria, Nombre, A_Paterno, A_Materno, Calle, Numero, Estado, C_Postal, Edad, NSS, Antiguedad, Telefono, Email) values ('ZXLM783805HDSOZOH6', 'JHWS120020AVV', 51, 'Miriam', 'Rodriguez', 'Caballero', 'Grayhawk', '851', 'Jalisco', '89244', 50, '66005757059', '2021-05-15', '5291154959', 'dcallery9@merriam-webster.com');
insert into mesero (CURP, RFC, id_Taqueria, Nombre, A_Paterno, A_Materno, Calle, Numero, Estado, C_Postal, Edad, NSS, Antiguedad, Telefono, Email) values ('EMMC165494JSIHNME7', 'GNBC796584V2E', 69, 'Julia', 'Perez', 'Sanchez', 'Lillian', '95545', 'México', '53915', 34, '31618762767', '2022-05-02', '7605021523', 'mdennidgea@cafepress.com');
insert into mesero (CURP, RFC, id_Taqueria, Nombre, A_Paterno, A_Materno, Calle, Numero, Estado, C_Postal, Edad, NSS, Antiguedad, Telefono, Email) values ('FPUU929873ZCXKFLW7', 'PFHS911110QR5', 87, 'Esteban', 'Gallardo', 'Duran', 'Bay', '4', 'Nayarit', '39034', 49, '83858561057', '2019-01-22', '5492163065', 'bcarmob@twitter.com');
insert into mesero (CURP, RFC, id_Taqueria, Nombre, A_Paterno, A_Materno, Calle, Numero, Estado, C_Postal, Edad, NSS, Antiguedad, Telefono, Email) values ('SMOP118951SOTVSVD6', 'VTVK009373GZD', 24, 'Hugo', 'Ortiz', 'Vidal', 'Bashford', '8', 'Campeche', '15356', 51, '22243287842', '2021-05-23', '3632153176', 'bmcrannellc@paginegialle.it');
insert into mesero (CURP, RFC, id_Taqueria, Nombre, A_Paterno, A_Materno, Calle, Numero, Estado, C_Postal, Edad, NSS, Antiguedad, Telefono, Email) values ('ONUY535659PJGJZMK3', 'KMPP174526TF0', 26, 'Mar', 'Iglesias', 'Sanchez', 'Chive', '0437', 'Michoacán', '71559', 68, '15069179280', '2018-06-30', '9287810298', 'oparadised@usa.gov');
insert into mesero (CURP, RFC, id_Taqueria, Nombre, A_Paterno, A_Materno, Calle, Numero, Estado, C_Postal, Edad, NSS, Antiguedad, Telefono, Email) values ('VCPZ019925SDKUWHZ8', 'ZKZV5729920MJ', 64, 'Adriana', 'Benitez', 'Cabrera', 'Caliangt', '846', 'Coahuila', '65030', 54, '86765494720', '2020-06-13', '7006698044', 'kswallwelle@odnoklassniki.ru');
insert into mesero (CURP, RFC, id_Taqueria, Nombre, A_Paterno, A_Materno, Calle, Numero, Estado, C_Postal, Edad, NSS, Antiguedad, Telefono, Email) values ('HYKA567201PPULTEU8', 'PZHK874730CQ2', 61, 'Olga', 'Navarro', 'Soler', 'Sutteridge', '1064', 'Tlaxcala', '11743', 47, '36477379706', '2020-07-19', '2251312929', 'fitzkovicif@ftc.gov');
insert into mesero (CURP, RFC, id_Taqueria, Nombre, A_Paterno, A_Materno, Calle, Numero, Estado, C_Postal, Edad, NSS, Antiguedad, Telefono, Email) values ('GCSL522255JSLLLTV5', 'MGJD086431TY3', 60, 'Patricia', 'Lopez', 'Gutierrez', 'School', '626', 'Baja California', '41116', 35, '19152034486', '2019-02-16', '8233538200', 'mdahlmang@twitpic.com');
insert into mesero (CURP, RFC, id_Taqueria, Nombre, A_Paterno, A_Materno, Calle, Numero, Estado, C_Postal, Edad, NSS, Antiguedad, Telefono, Email) values ('OEAS021661GUVCDRO1', 'EURC0715118BX', 57, 'Eric', 'Medina', 'Ortiz', 'Chinook', '0', 'Oaxaca', '50974', 63, '60116751272', '2021-05-13', '9811715182', 'hocarranh@yellowpages.com');
insert into mesero (CURP, RFC, id_Taqueria, Nombre, A_Paterno, A_Materno, Calle, Numero, Estado, C_Postal, Edad, NSS, Antiguedad, Telefono, Email) values ('KBCA398573BXXDHFI1', 'PASS350379LYY', 32, 'Rafael', 'Rojas', 'Gonzalez', 'Carioca', '9109', 'Oaxaca', '68580', 63, '55918735864', '2019-11-23', '7776346031', 'dpeddari@friendfeed.com');
insert into mesero (CURP, RFC, id_Taqueria, Nombre, A_Paterno, A_Materno, Calle, Numero, Estado, C_Postal, Edad, NSS, Antiguedad, Telefono, Email) values ('GOZO993435GAIHWF89', 'ZYUP258868ZBQ', 99, 'Antonia', 'Rodriguez', 'Uriostegui', 'Golf Course', '4594', 'Coahuila', '86182', 35, '23253214394', '2018-07-16', '4227273329', 'wtrewinj@soup.io');
insert into mesero (CURP, RFC, id_Taqueria, Nombre, A_Paterno, A_Materno, Calle, Numero, Estado, C_Postal, Edad, NSS, Antiguedad, Telefono, Email) values ('TRGO277729ZXODCTS7', 'GMXJ029980J6U', 35, 'Pau', 'Perez', 'Gil', 'Holmberg', '6134', 'Colima', '51287', 24, '82965833650', '2020-05-19', '7549619212', 'fbodmank@usnews.com');
insert into mesero (CURP, RFC, id_Taqueria, Nombre, A_Paterno, A_Materno, Calle, Numero, Estado, C_Postal, Edad, NSS, Antiguedad, Telefono, Email) values ('STSQ975904QJTBLL00', 'IYGM774298NK0', 22, 'Gregorio', 'Vargas', 'Saez', 'Superior', '06897', 'Baja California', '27438', 59, '31751834165', '2020-12-17', '8462100771', 'tmackilpatrickl@friendfeed.com');
insert into mesero (CURP, RFC, id_Taqueria, Nombre, A_Paterno, A_Materno, Calle, Numero, Estado, C_Postal, Edad, NSS, Antiguedad, Telefono, Email) values ('QFPG641197XKDWUHE5', 'YGCT7036762QC', 59, 'Asuncion', 'Herrera', 'Bravo', 'Clemons', '4', 'Distrito Federal', '33965', 47, '82086427436', '2021-05-03', '2578428572', 'rfeaviourm@blogtalkradio.com');
insert into mesero (CURP, RFC, id_Taqueria, Nombre, A_Paterno, A_Materno, Calle, Numero, Estado, C_Postal, Edad, NSS, Antiguedad, Telefono, Email) values ('IGUB729014UJFRCPB3', 'TYBF619269HV3', 30, 'Alex', 'Rodriguez', 'Santana', 'Manufacturers', '2', 'Ciudad de México', '23976', 30, '48430838560', '2021-05-25', '1645811752', 'rlabramn@wsj.com');
insert into mesero (CURP, RFC, id_Taqueria, Nombre, A_Paterno, A_Materno, Calle, Numero, Estado, C_Postal, Edad, NSS, Antiguedad, Telefono, Email) values ('YPFT620198XDXBUTE6', 'UBVG426007QSO', 77, 'Ismael', 'Calvo', 'Duran', 'Warbler', '30112', 'Hidalgo', '57984', 28, '49977215621', '2020-10-12', '7717987271', 'emclaughlino@fema.gov');
insert into mesero (CURP, RFC, id_Taqueria, Nombre, A_Paterno, A_Materno, Calle, Numero, Estado, C_Postal, Edad, NSS, Antiguedad, Telefono, Email) values ('ILVG660600LDEKVPE3', 'PWPZ8612546NT', 54, 'Mohammed', 'Moreno', 'Ortega', 'Kingsford', '1', 'Guanajuato', '94584', 56, '72520968158', '2020-07-24', '6737911993', 'jgregp@prnewswire.com');
insert into mesero (CURP, RFC, id_Taqueria, Nombre, A_Paterno, A_Materno, Calle, Numero, Estado, C_Postal, Edad, NSS, Antiguedad, Telefono, Email) values ('PXZN934302GZFJLCG1', 'GMWR254188XE2', 89, 'Celia', 'Rivera', 'Ramirez', 'Shelley', '81', 'Campeche', '99277', 42, '33605339078', '2018-07-21', '5196664358', 'ipidonq@google.co.uk');
insert into mesero (CURP, RFC, id_Taqueria, Nombre, A_Paterno, A_Materno, Calle, Numero, Estado, C_Postal, Edad, NSS, Antiguedad, Telefono, Email) values ('ZFNG281267OMVHIFD2', 'AIRP004573OYT', 23, 'Silvia', 'Montez', 'Crespo', 'Fisk', '2028', 'Baja California', '63758', 66, '58728054570', '2018-08-26', '7954065574', 'astattonr@nhs.uk');
insert into mesero (CURP, RFC, id_Taqueria, Nombre, A_Paterno, A_Materno, Calle, Numero, Estado, C_Postal, Edad, NSS, Antiguedad, Telefono, Email) values ('BFGG984312QNMTWU81', 'NTEE352954Z7L', 72, 'Lorena', 'Roman', 'Navarro', 'Spaight', '75061', 'Veracruz', '65071', 20, '43757923890', '2019-11-16', '8658553459', 'klemoucheuxs@cloudflare.com');
insert into mesero (CURP, RFC, id_Taqueria, Nombre, A_Paterno, A_Materno, Calle, Numero, Estado, C_Postal, Edad, NSS, Antiguedad, Telefono, Email) values ('YFWZ781433LIMOGGN2', 'VXRH283691GXW', 77, 'Alexandra', 'Prieto', 'Medina', 'Doe Crossing', '3', 'Nuevo León', '34320', 28, '96209619560', '2021-05-22', '4351787020', 'baltreet@hhs.gov');
insert into mesero (CURP, RFC, id_Taqueria, Nombre, A_Paterno, A_Materno, Calle, Numero, Estado, C_Postal, Edad, NSS, Antiguedad, Telefono, Email) values ('TSQI553503KDTVVTS1', 'LAJP546555SIJ', 43, 'Vicente', 'Molina', 'Gomez', 'Surrey', '2516', 'Tabasco', '98145', 50, '38694944237', '2022-02-19', '3172537622', 'thurlingu@edublogs.org');
insert into mesero (CURP, RFC, id_Taqueria, Nombre, A_Paterno, A_Materno, Calle, Numero, Estado, C_Postal, Edad, NSS, Antiguedad, Telefono, Email) values ('ZRTH898931XCUGZW07', 'JCUI459260THL', 70, 'Eric', 'Ortiz', 'Arias', 'Basil', '57015', 'Puebla', '56048', 21, '62249247707', '2020-12-12', '8595872374', 'gnotev@usatoday.com');
insert into mesero (CURP, RFC, id_Taqueria, Nombre, A_Paterno, A_Materno, Calle, Numero, Estado, C_Postal, Edad, NSS, Antiguedad, Telefono, Email) values ('VCIO698740BDDDKI39', 'BSEX6919075S5', 28, 'Ismael', 'Crespo', 'Ortiz', 'Magdeline', '56132', 'México', '05646', 28, '53946562106', '2018-11-01', '7707936202', 'zreschkew@bing.com');
insert into mesero (CURP, RFC, id_Taqueria, Nombre, A_Paterno, A_Materno, Calle, Numero, Estado, C_Postal, Edad, NSS, Antiguedad, Telefono, Email) values ('FTZY061845NNZKQO63', 'NZFQ689047C0E', 93, 'Jose', 'Diaz', 'Hernandez', 'Meadow Ridge', '04761', 'Morelos', '22617', 45, '39132583310', '2019-09-21', '7575298766', 'pbogartx@google.pl');
insert into mesero (CURP, RFC, id_Taqueria, Nombre, A_Paterno, A_Materno, Calle, Numero, Estado, C_Postal, Edad, NSS, Antiguedad, Telefono, Email) values ('CIXS715535KHCRCKX6', 'NGHY2386351VU', 39, 'Margarita', 'Castillo', 'Perez', 'American', '8763', 'Tlaxcala', '51721', 26, '99355788047', '2020-06-22', '7477640780', 'pgamblesy@about.me');
insert into mesero (CURP, RFC, id_Taqueria, Nombre, A_Paterno, A_Materno, Calle, Numero, Estado, C_Postal, Edad, NSS, Antiguedad, Telefono, Email) values ('TSHP461075DDGCEPT7', 'MECL475377H6N', 79, 'Rafael', 'Parra', 'Navarro', 'Clarendon', '8', 'Colima', '89080', 41, '21854180028', '2021-05-23', '2084990847', 'jmcmanamanz@fc2.com');
insert into mesero (CURP, RFC, id_Taqueria, Nombre, A_Paterno, A_Materno, Calle, Numero, Estado, C_Postal, Edad, NSS, Antiguedad, Telefono, Email) values ('IRVG978015EIONQQY4', 'OJKJ044507AEH', 57, 'Magdalena', 'Velasco', 'Velasco', 'Lillian', '5040', 'Jalisco', '73125', 64, '69145788347', '2020-11-23', '6081369680', 'aguise10@github.com');
insert into mesero (CURP, RFC, id_Taqueria, Nombre, A_Paterno, A_Materno, Calle, Numero, Estado, C_Postal, Edad, NSS, Antiguedad, Telefono, Email) values ('YIOG252964NMOIJPG8', 'NBJN936839PRE', 13, 'Luisa', 'Bravo', 'Alvarez', 'Sunfield', '1196', 'Sonora', '11917', 35, '38943411673', '2022-02-27', '5767098773', 'dnisbith11@weebly.com');
insert into mesero (CURP, RFC, id_Taqueria, Nombre, A_Paterno, A_Materno, Calle, Numero, Estado, C_Postal, Edad, NSS, Antiguedad, Telefono, Email) values ('DJRK921822SAFXDWF3', 'LVEC273013BGA', 27, 'Salvador', 'Castillo', 'Diaz', 'Ryan', '757', 'Tlaxcala', '37489', 61, '28404614697', '2018-06-11', '6185899233', 'blawly12@odnoklassniki.ru');
insert into mesero (CURP, RFC, id_Taqueria, Nombre, A_Paterno, A_Materno, Calle, Numero, Estado, C_Postal, Edad, NSS, Antiguedad, Telefono, Email) values ('DBVS754564EFITMPJ6', 'UDYT634405YSE', 49, 'Albert', 'Ortega', 'Saez', 'Jana', '9', 'Nayarit', '78751', 66, '50987197937', '2020-03-29', '2669285674', 'cmay13@arstechnica.com');
insert into mesero (CURP, RFC, id_Taqueria, Nombre, A_Paterno, A_Materno, Calle, Numero, Estado, C_Postal, Edad, NSS, Antiguedad, Telefono, Email) values ('AKAN925877NYPJMVM4', 'UIHA741857R2A', 16, 'Consuelo', 'Vicente', 'Vidal', 'Pine View', '2466', 'Nayarit', '08316', 28, '90537099348', '2020-12-15', '5441931825', 'rigounet14@uol.com.br');
insert into mesero (CURP, RFC, id_Taqueria, Nombre, A_Paterno, A_Materno, Calle, Numero, Estado, C_Postal, Edad, NSS, Antiguedad, Telefono, Email) values ('SJYF196208KIBVZYC6', 'DJHV356720SNX', 88, 'Antonia', 'Campos', 'Hidalgo', 'Artisan', '87', 'Colima', '29255', 21, '03743448083', '2019-09-05', '1512424204', 'gmcilmorie15@oaic.gov.au');
insert into mesero (CURP, RFC, id_Taqueria, Nombre, A_Paterno, A_Materno, Calle, Numero, Estado, C_Postal, Edad, NSS, Antiguedad, Telefono, Email) values ('QUIA415997RGZUTHT4', 'PMLP5627137AY', 90, 'Susana', 'Vicente', 'Arias', 'Walton', '58239', 'Chiapas', '92737', 41, '60998581711', '2019-02-20', '7774932352', 'sdiggens16@geocities.com');
insert into mesero (CURP, RFC, id_Taqueria, Nombre, A_Paterno, A_Materno, Calle, Numero, Estado, C_Postal, Edad, NSS, Antiguedad, Telefono, Email) values ('YKWN829890XSGNROC2', 'SENW642058AZB', 69, 'Christian', 'Flores', 'Marin', 'Moose', '97827', 'Yucatán', '95547', 40, '43936140497', '2021-03-13', '8608172410', 'chessel17@youtu.be');
insert into mesero (CURP, RFC, id_Taqueria, Nombre, A_Paterno, A_Materno, Calle, Numero, Estado, C_Postal, Edad, NSS, Antiguedad, Telefono, Email) values ('RGEK920621YCPCFX08', 'FYEY117868DFD', 43, 'Inmaculada', 'Lozano', 'Fernandez', 'Sachs', '8818', 'Zacatecas', '45354', 69, '56873921785', '2019-11-02', '1117648804', 'scana18@statcounter.com');
insert into mesero (CURP, RFC, id_Taqueria, Nombre, A_Paterno, A_Materno, Calle, Numero, Estado, C_Postal, Edad, NSS, Antiguedad, Telefono, Email) values ('NQFJ660435PCGQNVO9', 'ELEH793964XEZ', 52, 'Rocio', 'Mora', 'Iglesias', 'School', '489', 'San Luis Potosí', '14038', 69, '19552163622', '2021-04-08', '3761045308', 'sparvin19@uiuc.edu');
insert into mesero (CURP, RFC, id_Taqueria, Nombre, A_Paterno, A_Materno, Calle, Numero, Estado, C_Postal, Edad, NSS, Antiguedad, Telefono, Email) values ('JZMX132629DBECWYI7', 'IKHF4721637HQ', 80, 'Asuncion', 'Castillo', 'Montez', 'Redwing', '3588', 'Ciudad de México', '02155', 31, '66295972564', '2021-03-27', '8842465847', 'ibromehed1a@creativecommons.org');
insert into mesero (CURP, RFC, id_Taqueria, Nombre, A_Paterno, A_Materno, Calle, Numero, Estado, C_Postal, Edad, NSS, Antiguedad, Telefono, Email) values ('XSVS231902PAYDKTO2', 'PGZY383038N4W', 23, 'Miriam', 'Navarro', 'Santiago', 'Parkside', '58', 'Querétaro', '57518', 44, '91767122716', '2020-04-02', '8121510842', 'mbroose1b@blogtalkradio.com');
insert into mesero (CURP, RFC, id_Taqueria, Nombre, A_Paterno, A_Materno, Calle, Numero, Estado, C_Postal, Edad, NSS, Antiguedad, Telefono, Email) values ('XGLV027284JNCBFRJ9', 'IAPI315535IK3', 43, 'Ana', 'Gomez', 'Soler', 'Calypso', '4484', 'Querétaro', '27427', 41, '66794289822', '2020-06-17', '3433472322', 'kburman1c@forbes.com');
insert into mesero (CURP, RFC, id_Taqueria, Nombre, A_Paterno, A_Materno, Calle, Numero, Estado, C_Postal, Edad, NSS, Antiguedad, Telefono, Email) values ('ZVDZ421766UJIFAJJ9', 'XVGX262313P0A', 4, 'Esperanza', 'Martinez', 'Reyes', 'Sutteridge', '76308', 'Colima', '07803', 29, '01131666842', '2021-07-06', '8347379755', 'vgyrgorcewicx1d@hatena.ne.jp');
insert into mesero (CURP, RFC, id_Taqueria, Nombre, A_Paterno, A_Materno, Calle, Numero, Estado, C_Postal, Edad, NSS, Antiguedad, Telefono, Email) values ('YCGC590263UWDMGTZ4', 'UOXV36075421D', 27, 'Roberto', 'Garrido', 'Soler', 'Fallview', '382', 'Durango', '67633', 42, '59305248241', '2022-03-19', '4759999983', 'acolles1e@dropbox.com');
insert into mesero (CURP, RFC, id_Taqueria, Nombre, A_Paterno, A_Materno, Calle, Numero, Estado, C_Postal, Edad, NSS, Antiguedad, Telefono, Email) values ('LQEA615151GQIXSL59', 'WYIY008451LC2', 50, 'Adolfo', 'Morales', 'Fuentes', 'Banding', '5049', 'Oaxaca', '30586', 68, '80266750559', '2022-02-18', '3284782290', 'kandrasch1f@purevolume.com');
insert into mesero (CURP, RFC, id_Taqueria, Nombre, A_Paterno, A_Materno, Calle, Numero, Estado, C_Postal, Edad, NSS, Antiguedad, Telefono, Email) values ('KVZN495508LYQAJRU0', 'HXEW965826JQ2', 92, 'Marcos', 'Cruz', 'Carrasco', 'Ronald Regan', '735', 'Yucatán', '03928', 45, '80569663402', '2021-05-31', '9877115238', 'hleonida1g@bluehost.com');
insert into mesero (CURP, RFC, id_Taqueria, Nombre, A_Paterno, A_Materno, Calle, Numero, Estado, C_Postal, Edad, NSS, Antiguedad, Telefono, Email) values ('HBII136838VOGDDTC2', 'GXKU071601NOB', 77, 'Milagros', 'Benitez', 'Olivera', 'Arapahoe', '88885', 'Baja California', '97490', 70, '22734047619', '2021-06-14', '2572292338', 'wperico1h@tinyurl.com');
insert into mesero (CURP, RFC, id_Taqueria, Nombre, A_Paterno, A_Materno, Calle, Numero, Estado, C_Postal, Edad, NSS, Antiguedad, Telefono, Email) values ('XXYR688049PVJWVSN0', 'QYRD3724501UR', 12, 'Borja', 'Lopez', 'Romero', 'Waywood', '84', 'Yucatán', '80809', 48, '67217461827', '2020-11-05', '4368484458', 'dspanswick1i@bbb.org');
insert into mesero (CURP, RFC, id_Taqueria, Nombre, A_Paterno, A_Materno, Calle, Numero, Estado, C_Postal, Edad, NSS, Antiguedad, Telefono, Email) values ('FZSH998687YWICFZ33', 'RZMH3809927SF', 81, 'Rosario', 'Santos', 'Roman', 'Cody', '05629', 'Baja California Sur', '93197', 37, '04507140303', '2020-02-07', '9768426237', 'gwilbore1j@webnode.com');
insert into mesero (CURP, RFC, id_Taqueria, Nombre, A_Paterno, A_Materno, Calle, Numero, Estado, C_Postal, Edad, NSS, Antiguedad, Telefono, Email) values ('BZKC054892OCTESSN6', 'FZHQ180205H1S', 47, 'Rosario', 'Garrido', 'Diaz', 'Tennessee', '09078', 'Campeche', '50102', 31, '11864395855', '2018-09-13', '8049299193', 'wpope1k@ca.gov');
insert into mesero (CURP, RFC, id_Taqueria, Nombre, A_Paterno, A_Materno, Calle, Numero, Estado, C_Postal, Edad, NSS, Antiguedad, Telefono, Email) values ('XZJZ533229UVSQVHD2', 'IDUD393040UOJ', 51, 'Aitor', 'Moreno', 'Cano', 'Hayes', '06428', 'Colima', '28618', 41, '86882676780', '2020-04-28', '9098024239', 'kbauld1l@gov.uk');
insert into mesero (CURP, RFC, id_Taqueria, Nombre, A_Paterno, A_Materno, Calle, Numero, Estado, C_Postal, Edad, NSS, Antiguedad, Telefono, Email) values ('XRWY478910NEMTVXN3', 'YLZG5105218AT', 40, 'Eugenio', 'Romero', 'Carmona', 'Weeping Birch', '75', 'Durango', '59154', 34, '54468306354', '2021-10-22', '5418559834', 'sedmundson1m@sina.com.cn');
insert into mesero (CURP, RFC, id_Taqueria, Nombre, A_Paterno, A_Materno, Calle, Numero, Estado, C_Postal, Edad, NSS, Antiguedad, Telefono, Email) values ('PXYG991675GCMHHPR8', 'IRHZ95263597N', 51, 'Marina', 'Hernandez', 'Rojas', 'Mayfield', '996', 'Morelos', '47762', 40, '17270986318', '2019-09-01', '8542973361', 'tigglesden1n@list-manage.com');
insert into mesero (CURP, RFC, id_Taqueria, Nombre, A_Paterno, A_Materno, Calle, Numero, Estado, C_Postal, Edad, NSS, Antiguedad, Telefono, Email) values ('CLPH311171RWRBESQ6', 'LVQI069939T78', 4, 'Marco', 'Rodriguez', 'Flores', 'Myrtle', '6607', 'Sinaloa', '08196', 70, '18806751941', '2019-11-22', '5991860904', 'ncroxford1o@soundcloud.com');
insert into mesero (CURP, RFC, id_Taqueria, Nombre, A_Paterno, A_Materno, Calle, Numero, Estado, C_Postal, Edad, NSS, Antiguedad, Telefono, Email) values ('FZFQ921375YELDTMA7', 'OOXU972505ML6', 70, 'Antonia', 'Pastor', 'Vargas', 'Scott', '254', 'Veracruz', '60849', 54, '82601024517', '2019-08-25', '9228281180', 'mgatsby1p@creativecommons.org');
insert into mesero (CURP, RFC, id_Taqueria, Nombre, A_Paterno, A_Materno, Calle, Numero, Estado, C_Postal, Edad, NSS, Antiguedad, Telefono, Email) values ('RMYJ461835YLNHOF55', 'HAZH200982J6P', 61, 'Rosario', 'Gutierrez', 'Soto', 'Petterle', '52', 'San Luis Potosí', '38204', 66, '20112903431', '2020-10-25', '9744258124', 'gmcturk1q@loc.gov');
insert into mesero (CURP, RFC, id_Taqueria, Nombre, A_Paterno, A_Materno, Calle, Numero, Estado, C_Postal, Edad, NSS, Antiguedad, Telefono, Email) values ('UKUN394211KFWKUYS1', 'YBWO014323HKF', 8, 'Francisca', 'Diez', 'Roman', 'Morningstar', '6', 'Baja California Sur', '89107', 25, '66838678529', '2020-05-14', '7108748811', 'dporte1r@hc360.com');
insert into mesero (CURP, RFC, id_Taqueria, Nombre, A_Paterno, A_Materno, Calle, Numero, Estado, C_Postal, Edad, NSS, Antiguedad, Telefono, Email) values ('UTVK048395DRANOKU6', 'ZMXT437062EZ1', 84, 'Yolanda', 'Alonso', 'Gallego', 'Hoard', '98543', 'Puebla', '22001', 26, '42614060056', '2019-09-01', '4341117000', 'jhardwidge1s@bbb.org');
insert into mesero (CURP, RFC, id_Taqueria, Nombre, A_Paterno, A_Materno, Calle, Numero, Estado, C_Postal, Edad, NSS, Antiguedad, Telefono, Email) values ('VBTI753057MAWMWWQ1', 'RJTA830375DQ9', 4, 'Josefa', 'Marquez', 'Rivera', 'Mifflin', '22', 'Morelos', '71204', 66, '82244142895', '2019-02-21', '6465687208', 'bjefferd1t@ucoz.com');
insert into mesero (CURP, RFC, id_Taqueria, Nombre, A_Paterno, A_Materno, Calle, Numero, Estado, C_Postal, Edad, NSS, Antiguedad, Telefono, Email) values ('YOTS297098OZYDVER7', 'JUMC2650117R0', 49, 'Rodrigo', 'Vega', 'Vicente', 'Annamark', '9501', 'Hidalgo', '39674', 52, '16041093140', '2021-01-05', '7866862245', 'lmilne1u@yellowpages.com');
insert into mesero (CURP, RFC, id_Taqueria, Nombre, A_Paterno, A_Materno, Calle, Numero, Estado, C_Postal, Edad, NSS, Antiguedad, Telefono, Email) values ('DSHQ636035JOUFZNV8', 'XEWB392446BEH', 7, 'Ismael', 'Benitez', 'Uriostegui', 'Burrows', '251', 'Zacatecas', '58695', 27, '53549992444', '2019-03-21', '8559211071', 'rtire1v@ft.com');
insert into mesero (CURP, RFC, id_Taqueria, Nombre, A_Paterno, A_Materno, Calle, Numero, Estado, C_Postal, Edad, NSS, Antiguedad, Telefono, Email) values ('MMZN609139ATNDDCC4', 'JEOB458141O6R', 9, 'Blanca', 'Olivera', 'Sanchez', 'Brickson Park', '15', 'Aguascalientes', '04130', 47, '02505443738', '2019-08-28', '4009147156', 'cpackington1w@drupal.org');
insert into mesero (CURP, RFC, id_Taqueria, Nombre, A_Paterno, A_Materno, Calle, Numero, Estado, C_Postal, Edad, NSS, Antiguedad, Telefono, Email) values ('SRXD265206QGDCNN00', 'GSJW273063D4Z', 57, 'Paula', 'Ramos', 'Ferrer', 'Mallory', '98543', 'Puebla', '89109', 43, '94828504363', '2020-04-04', '6937774886', 'ahoudhury1x@tuttocitta.it');
insert into mesero (CURP, RFC, id_Taqueria, Nombre, A_Paterno, A_Materno, Calle, Numero, Estado, C_Postal, Edad, NSS, Antiguedad, Telefono, Email) values ('KELN221893VYKOFCC4', 'XBXQ6170884GI', 74, 'Mohammed', 'Duran', 'Sanz', 'Mockingbird', '1', 'Durango', '93176', 48, '60472928982', '2021-06-30', '4768258915', 'jkennedy1y@vinaora.com');
insert into mesero (CURP, RFC, id_Taqueria, Nombre, A_Paterno, A_Materno, Calle, Numero, Estado, C_Postal, Edad, NSS, Antiguedad, Telefono, Email) values ('PKXB562898QVDYCX64', 'BKSA7335753E1', 81, 'Angela', 'Carmona', 'Rodriguez', 'Loeprich', '2', 'Baja California Sur', '56599', 50, '66626279021', '2019-04-24', '7991192637', 'mduval1z@fema.gov');
insert into mesero (CURP, RFC, id_Taqueria, Nombre, A_Paterno, A_Materno, Calle, Numero, Estado, C_Postal, Edad, NSS, Antiguedad, Telefono, Email) values ('JNWL569492VCYGZDB9', 'AOFJ293371VQ7', 42, 'Mario', 'Soto', 'Duran', 'Butternut', '57318', 'Zacatecas', '02061', 28, '88457298727', '2020-08-26', '5235838610', 'bkupker20@squidoo.com');
insert into mesero (CURP, RFC, id_Taqueria, Nombre, A_Paterno, A_Materno, Calle, Numero, Estado, C_Postal, Edad, NSS, Antiguedad, Telefono, Email) values ('IOAX300951NNMRSHN5', 'WEAN8749391N0', 27, 'Elena', 'Iglesias', 'Ruiz', 'Kinsman', '36', 'Oaxaca', '84099', 18, '40004694597', '2019-09-30', '8125778298', 'lworsnip21@sina.com.cn');
insert into mesero (CURP, RFC, id_Taqueria, Nombre, A_Paterno, A_Materno, Calle, Numero, Estado, C_Postal, Edad, NSS, Antiguedad, Telefono, Email) values ('IAGN962930TGTBOG64', 'JUKO3409428TD', 42, 'Julian', 'Lopez', 'Vicente', 'Macpherson', '279', 'Chihuahua', '61361', 32, '53233671827', '2019-11-04', '4139305825', 'vmurrthum22@weibo.com');
insert into mesero (CURP, RFC, id_Taqueria, Nombre, A_Paterno, A_Materno, Calle, Numero, Estado, C_Postal, Edad, NSS, Antiguedad, Telefono, Email) values ('WOHL462789PAYKLCE1', 'CCKL15789543X', 81, 'Iker', 'Cabrera', 'Santiago', 'Crest Line', '70315', 'Puebla', '27311', 61, '06433068092', '2018-07-08', '7101456193', 'lwaker23@amazonaws.com');
insert into mesero (CURP, RFC, id_Taqueria, Nombre, A_Paterno, A_Materno, Calle, Numero, Estado, C_Postal, Edad, NSS, Antiguedad, Telefono, Email) values ('JPFN708791VLFRRYG3', 'VAJI409999DHZ', 88, 'Joaquin', 'Cortes', 'Herrero', 'Summerview', '3', 'Tamaulipas', '54897', 37, '94831298749', '2019-05-12', '5489900432', 'krabat24@admin.ch');
insert into mesero (CURP, RFC, id_Taqueria, Nombre, A_Paterno, A_Materno, Calle, Numero, Estado, C_Postal, Edad, NSS, Antiguedad, Telefono, Email) values ('OUYL904775DETBLSM2', 'AVJG629638Y5X', 3, 'Pablo', 'Vega', 'Parra', 'Marquette', '723', 'Morelos', '84671', 34, '42276870994', '2018-11-29', '1643695092', 'gcoucher25@latimes.com');
insert into mesero (CURP, RFC, id_Taqueria, Nombre, A_Paterno, A_Materno, Calle, Numero, Estado, C_Postal, Edad, NSS, Antiguedad, Telefono, Email) values ('CPIG817593CWIHEIN0', 'MCII069396MHF', 92, 'Ismael', 'Gimenez', 'Mendez', 'Clove', '531', 'Ciudad de México', '11610', 47, '58765893032', '2020-01-05', '9445839218', 'kjohannesson26@home.pl');
insert into mesero (CURP, RFC, id_Taqueria, Nombre, A_Paterno, A_Materno, Calle, Numero, Estado, C_Postal, Edad, NSS, Antiguedad, Telefono, Email) values ('KQTB701828INJHDJJ8', 'AAFX035095HBD', 50, 'Pedro', 'Navarro', 'Blanco', 'Thompson', '9', 'Hidalgo', '46129', 30, '72519091204', '2019-07-03', '4048658024', 'ceilles27@istockphoto.com');
insert into mesero (CURP, RFC, id_Taqueria, Nombre, A_Paterno, A_Materno, Calle, Numero, Estado, C_Postal, Edad, NSS, Antiguedad, Telefono, Email) values ('KXOM017598EZZTGER3', 'KXNU8970240QL', 88, 'Aaron', 'Soler', 'Ruiz', 'Sutherland', '94', 'Coahuila', '00197', 38, '74413205642', '2021-07-18', '4344250731', 'rbrazil28@spiegel.de');
insert into mesero (CURP, RFC, id_Taqueria, Nombre, A_Paterno, A_Materno, Calle, Numero, Estado, C_Postal, Edad, NSS, Antiguedad, Telefono, Email) values ('JHJJ778587AJOZNE87', 'FPWH1647180ZX', 62, 'Sofia', 'Campos', 'Gonzalez', 'Morrow', '550', 'Zacatecas', '12016', 51, '62447390782', '2021-05-08', '3059784363', 'dgerant29@admin.ch');
insert into mesero (CURP, RFC, id_Taqueria, Nombre, A_Paterno, A_Materno, Calle, Numero, Estado, C_Postal, Edad, NSS, Antiguedad, Telefono, Email) values ('BCUT576139NHAXSNL3', 'FZGP670776EMU', 57, 'Santiago', 'Molina', 'Calvo', 'Nancy', '6', 'San Luis Potosí', '59672', 33, '39298527691', '2021-07-25', '5236845793', 'tstoppard2a@imageshack.us');
insert into mesero (CURP, RFC, id_Taqueria, Nombre, A_Paterno, A_Materno, Calle, Numero, Estado, C_Postal, Edad, NSS, Antiguedad, Telefono, Email) values ('QMDZ567464EXTROC01', 'NXRH778857I8R', 11, 'Angel', 'Moya', 'Flores', 'Memorial', '1983', 'Yucatán', '45509', 53, '54995757356', '2020-01-16', '5689656433', 'atorricina2b@cocolog-nifty.com');
insert into mesero (CURP, RFC, id_Taqueria, Nombre, A_Paterno, A_Materno, Calle, Numero, Estado, C_Postal, Edad, NSS, Antiguedad, Telefono, Email) values ('KKTG038317ZJSAAUO1', 'FUMB856403OAE', 36, 'Emilio', 'Campos', 'Carmona', 'Memorial', '09', 'Tamaulipas', '45976', 43, '74123452517', '2021-09-22', '6907110164', 'cpettecrew2c@blogs.com');
insert into mesero (CURP, RFC, id_Taqueria, Nombre, A_Paterno, A_Materno, Calle, Numero, Estado, C_Postal, Edad, NSS, Antiguedad, Telefono, Email) values ('PGXW105781WIYCUQP3', 'ZJQL736257PQU', 16, 'Nicolas', 'Carrasco', 'Rubio', 'Gale', '312', 'Jalisco', '62882', 23, '36661282005', '2019-07-22', '5055828653', 'emarmon2d@behance.net');
insert into mesero (CURP, RFC, id_Taqueria, Nombre, A_Paterno, A_Materno, Calle, Numero, Estado, C_Postal, Edad, NSS, Antiguedad, Telefono, Email) values ('SBXJ166085FSPLJSM8', 'DHGM875694SI5', 1, 'Antonio', 'Saez', 'Calvo', 'Little Fleur', '478', 'Baja California', '38882', 48, '64969137467', '2020-11-07', '6515861740', 'zguwer2e@vistaprint.com');
insert into mesero (CURP, RFC, id_Taqueria, Nombre, A_Paterno, A_Materno, Calle, Numero, Estado, C_Postal, Edad, NSS, Antiguedad, Telefono, Email) values ('NTPZ043678HSRFVK92', 'QHIX841845DGN', 36, 'Mateo', 'Ortega', 'Ortega', 'Burrows', '1594', 'Zacatecas', '56063', 24, '75729472091', '2022-04-18', '9827508990', 'awybern2f@irs.gov');
insert into mesero (CURP, RFC, id_Taqueria, Nombre, A_Paterno, A_Materno, Calle, Numero, Estado, C_Postal, Edad, NSS, Antiguedad, Telefono, Email) values ('AHQB749031KDSNLBT2', 'NOAB341799D6X', 73, 'Carmen', 'Gomez', 'Vazquez', 'Jenifer', '53934', 'Michoacán', '39116', 35, '72429687598', '2021-10-13', '8237769354', 'vboik2g@paginegialle.it');
insert into mesero (CURP, RFC, id_Taqueria, Nombre, A_Paterno, A_Materno, Calle, Numero, Estado, C_Postal, Edad, NSS, Antiguedad, Telefono, Email) values ('VPNM313163AJGUPMD9', 'LEQZ4699378BL', 44, 'Noelia', 'Mora', 'Suarez', 'Montana', '5', 'Jalisco', '40261', 49, '70808305996', '2018-12-26', '5035321278', 'sroles2h@umn.edu');
insert into mesero (CURP, RFC, id_Taqueria, Nombre, A_Paterno, A_Materno, Calle, Numero, Estado, C_Postal, Edad, NSS, Antiguedad, Telefono, Email) values ('DQRX240718MLTLNLT5', 'DBVB836747VS0', 48, 'Rosa', 'Ruiz', 'Rubio', 'Bultman', '15230', 'Baja California Sur', '80517', 57, '58337756160', '2021-12-12', '6024018389', 'gsimpson2i@naver.com');
insert into mesero (CURP, RFC, id_Taqueria, Nombre, A_Paterno, A_Materno, Calle, Numero, Estado, C_Postal, Edad, NSS, Antiguedad, Telefono, Email) values ('NBEA101805SBDVKDK7', 'TOMO503910UB0', 22, 'Alicia', 'Molina', 'Dominguez', 'Algoma', '41954', 'Zacatecas', '47402', 20, '58563948748', '2022-02-07', '1964849874', 'csimic2j@sciencedaily.com');
insert into mesero (CURP, RFC, id_Taqueria, Nombre, A_Paterno, A_Materno, Calle, Numero, Estado, C_Postal, Edad, NSS, Antiguedad, Telefono, Email) values ('TQYX181740JAAUUJL1', 'FOYF828236H5Q', 45, 'Alejandro', 'Dominguez', 'Sanchez', 'Caliangt', '03', 'Campeche', '96547', 29, '30752960048', '2019-10-20', '6289498079', 'mborzoni2k@nps.gov');
insert into mesero (CURP, RFC, id_Taqueria, Nombre, A_Paterno, A_Materno, Calle, Numero, Estado, C_Postal, Edad, NSS, Antiguedad, Telefono, Email) values ('YYZF301327NWBFZOR3', 'VDNI69432239L', 35, 'Hugo', 'Fernandez', 'Herrera', 'Marquette', '902', 'Chihuahua', '90482', 35, '66505664351', '2018-10-26', '3348004809', 'chume2l@trellian.com');
insert into mesero (CURP, RFC, id_Taqueria, Nombre, A_Paterno, A_Materno, Calle, Numero, Estado, C_Postal, Edad, NSS, Antiguedad, Telefono, Email) values ('ASEL360806GRCXEKR1', 'JCGS588879G9B', 95, 'German', 'Gonzalez', 'Diez', 'Ilene', '76', 'Chihuahua', '39293', 38, '02798016084', '2020-10-17', '3286396667', 'kemberton2m@fda.gov');
insert into mesero (CURP, RFC, id_Taqueria, Nombre, A_Paterno, A_Materno, Calle, Numero, Estado, C_Postal, Edad, NSS, Antiguedad, Telefono, Email) values ('OKSY242934DDRFOMM2', 'EXFI422466SN0', 7, 'Victoria', 'Lozano', 'Moya', 'Tennessee', '89', 'Querétaro', '94392', 63, '53075611368', '2019-05-02', '7565379585', 'kwillgrass2n@mac.com');
insert into mesero (CURP, RFC, id_Taqueria, Nombre, A_Paterno, A_Materno, Calle, Numero, Estado, C_Postal, Edad, NSS, Antiguedad, Telefono, Email) values ('EJFZ033495UVEDYMK3', 'QVWY573528KT0', 88, 'Maria', 'Diaz', 'Moreno', 'Washington', '33', 'Nayarit', '85324', 22, '93679086384', '2022-05-06', '4171534255', 'mpaoletti2o@foxnews.com');
insert into mesero (CURP, RFC, id_Taqueria, Nombre, A_Paterno, A_Materno, Calle, Numero, Estado, C_Postal, Edad, NSS, Antiguedad, Telefono, Email) values ('RCVG606330QNITZEN1', 'TGFB473561BRZ', 11, 'Adrian', 'Garrido', 'Pastor', 'Corscot', '3207', 'Colima', '61422', 70, '46455607845', '2019-03-14', '7905278168', 'rfletham2p@usnews.com');
insert into mesero (CURP, RFC, id_Taqueria, Nombre, A_Paterno, A_Materno, Calle, Numero, Estado, C_Postal, Edad, NSS, Antiguedad, Telefono, Email) values ('XGGW769218YSXMFI12', 'ASOM18408831Y', 71, 'Alba', 'Mendez', 'Ortiz', 'Logan', '14718', 'Tlaxcala', '36116', 48, '09359005410', '2019-12-12', '9489739117', 'coliverpaull2q@altervista.org');
insert into mesero (CURP, RFC, id_Taqueria, Nombre, A_Paterno, A_Materno, Calle, Numero, Estado, C_Postal, Edad, NSS, Antiguedad, Telefono, Email) values ('HIEP997325QMYWNQB9', 'HXLY5695023CO', 46, 'Rafael', 'Mendez', 'Santiago', 'Annamark', '189', 'Aguascalientes', '85553', 25, '25947956665', '2021-08-01', '5604361566', 'ewrankmore2r@economist.com');

-- CAJERO

insert into cajero (CURP, RFC, id_Taqueria, Nombre, A_Paterno, A_Materno, Calle, Numero, Estado, C_Postal, Edad, NSS, Antiguedad, Telefono, Email) values ('KVJQ296015GAONCYS1', 'JPJT843208ZF9', 36, 'Pedro', 'Arias', 'Bravo', 'Moland', '1696', 'Michoacán', '50060', 48, '44606331679', '2019-08-16', '7773141504', 'cbrownbridge0@cornell.edu');
insert into cajero (CURP, RFC, id_Taqueria, Nombre, A_Paterno, A_Materno, Calle, Numero, Estado, C_Postal, Edad, NSS, Antiguedad, Telefono, Email) values ('OSKG526281UWCOTC83', 'XMLF117776WTY', 20, 'Manuela', 'Navarro', 'Vega', 'Magdeline', '40014', 'Nayarit', '99346', 55, '72180983676', '2021-07-02', '6088289035', 'cogready1@fc2.com');
insert into cajero (CURP, RFC, id_Taqueria, Nombre, A_Paterno, A_Materno, Calle, Numero, Estado, C_Postal, Edad, NSS, Antiguedad, Telefono, Email) values ('YVWC403390PBZVST14', 'SZBH214084B1H', 34, 'Soledad', 'Soto', 'Diez', 'Kings', '54834', 'Baja California Sur', '02532', 57, '83297041361', '2019-05-19', '6159730044', 'ystandley2@businessinsider.com');
insert into cajero (CURP, RFC, id_Taqueria, Nombre, A_Paterno, A_Materno, Calle, Numero, Estado, C_Postal, Edad, NSS, Antiguedad, Telefono, Email) values ('TETI783937PSDZMC60', 'HRPJ8844505YN', 54, 'Asuncion', 'Vega', 'Guerrero', 'Hayes', '81179', 'Durango', '74055', 48, '57943771967', '2018-10-29', '5761224328', 'anossent3@ebay.co.uk');
insert into cajero (CURP, RFC, id_Taqueria, Nombre, A_Paterno, A_Materno, Calle, Numero, Estado, C_Postal, Edad, NSS, Antiguedad, Telefono, Email) values ('ULBA454705XYPFQW68', 'VXJU043914H0L', 92, 'German', 'Lorenzo', 'Garcia', 'Summer Ridge', '39970', 'Tlaxcala', '57045', 24, '41255420583', '2021-02-12', '2511035523', 'jbasilone4@who.int');
insert into cajero (CURP, RFC, id_Taqueria, Nombre, A_Paterno, A_Materno, Calle, Numero, Estado, C_Postal, Edad, NSS, Antiguedad, Telefono, Email) values ('WUDM567466HQLSPRQ9', 'TBOQ859814L1L', 24, 'Mohammed', 'Iglesias', 'Gimenez', 'Pleasure', '9', 'Guerrero', '30515', 32, '31019077728', '2019-10-01', '4299758143', 'apogue5@mediafire.com');
insert into cajero (CURP, RFC, id_Taqueria, Nombre, A_Paterno, A_Materno, Calle, Numero, Estado, C_Postal, Edad, NSS, Antiguedad, Telefono, Email) values ('TYCW428730CNCDVP48', 'ICSU745667DA4', 67, 'Victor', 'Molina', 'Serrano', 'Schiller', '594', 'estados', '17008', 46, '61657137656', '2019-02-08', '1282825991', 'nwhyborn6@yellowbook.com');
insert into cajero (CURP, RFC, id_Taqueria, Nombre, A_Paterno, A_Materno, Calle, Numero, Estado, C_Postal, Edad, NSS, Antiguedad, Telefono, Email) values ('EJZX407278VOFIIBU7', 'JTNH581271V09', 97, 'German', 'Carrasco', 'Vargas', 'Gulseth', '28', 'Puebla', '89595', 21, '93062290523', '2018-12-15', '3975326048', 'hskillicorn7@cbslocal.com');
insert into cajero (CURP, RFC, id_Taqueria, Nombre, A_Paterno, A_Materno, Calle, Numero, Estado, C_Postal, Edad, NSS, Antiguedad, Telefono, Email) values ('WMPQ292265CJRTABN4', 'EYZZ398758HQQ', 45, 'Soledad', 'Sanchez', 'Serrano', 'Iowa', '0', 'Querétaro', '89797', 20, '98561174923', '2020-08-16', '8398366727', 'nkirrens8@pcworld.com');
insert into cajero (CURP, RFC, id_Taqueria, Nombre, A_Paterno, A_Materno, Calle, Numero, Estado, C_Postal, Edad, NSS, Antiguedad, Telefono, Email) values ('KPDB473909MDJZIQJ0', 'THQP918498ISS', 6, 'Raul', 'Santana', 'Castillo', 'Sutteridge', '199', 'Tamaulipas', '22125', 48, '81464476549', '2022-01-31', '6834525174', 'lmessitt9@ameblo.jp');
insert into cajero (CURP, RFC, id_Taqueria, Nombre, A_Paterno, A_Materno, Calle, Numero, Estado, C_Postal, Edad, NSS, Antiguedad, Telefono, Email) values ('TIJX554174KURVAD37', 'VERC045590SJY', 65, 'Aaron', 'Duran', 'Hidalgo', 'Springs', '9', 'Jalisco', '74582', 24, '74082247740', '2020-03-18', '4725077102', 'lavrasina@foxnews.com');
insert into cajero (CURP, RFC, id_Taqueria, Nombre, A_Paterno, A_Materno, Calle, Numero, Estado, C_Postal, Edad, NSS, Antiguedad, Telefono, Email) values ('DGMB717735PPKJWDP2', 'ZFCG582943IWK', 56, 'Albert', 'Reyes', 'Montero', 'Garrison', '5', 'Chihuahua', '16170', 55, '05978852314', '2018-11-20', '9722907622', 'rbaverstockb@scientificamerican.com');
insert into cajero (CURP, RFC, id_Taqueria, Nombre, A_Paterno, A_Materno, Calle, Numero, Estado, C_Postal, Edad, NSS, Antiguedad, Telefono, Email) values ('DSNY049201WICFPXX0', 'SFNA725594GCK', 58, 'Borja', 'Torres', 'Perez', 'Victoria', '3', 'Tabasco', '61748', 21, '47713471137', '2020-11-06', '5078740166', 'mcarpenterc@pcworld.com');
insert into cajero (CURP, RFC, id_Taqueria, Nombre, A_Paterno, A_Materno, Calle, Numero, Estado, C_Postal, Edad, NSS, Antiguedad, Telefono, Email) values ('HLLO853647UPFDHN59', 'KOCJ428815NVT', 10, 'Susana', 'Ortiz', 'Vidal', 'Aberg', '6183', 'Michoacán', '26196', 55, '86165697961', '2018-09-17', '2148884206', 'wvalerid@mapy.cz');
insert into cajero (CURP, RFC, id_Taqueria, Nombre, A_Paterno, A_Materno, Calle, Numero, Estado, C_Postal, Edad, NSS, Antiguedad, Telefono, Email) values ('ZEJY492289ETXJCP56', 'VDDJ053637VQZ', 49, 'Lucas', 'Sanchez', 'Suarez', 'Scofield', '6', 'Oaxaca', '88211', 33, '52352204726', '2022-04-21', '1309783523', 'bgiacobinie@jalbum.net');
insert into cajero (CURP, RFC, id_Taqueria, Nombre, A_Paterno, A_Materno, Calle, Numero, Estado, C_Postal, Edad, NSS, Antiguedad, Telefono, Email) values ('UVTF436746QTRTIDP1', 'GQMB9470480LD', 98, 'Francisca', 'Sanchez', 'Ramos', 'Huxley', '598', 'estados', '36542', 21, '70056243365', '2018-07-17', '9557497428', 'coldacresf@eepurl.com');
insert into cajero (CURP, RFC, id_Taqueria, Nombre, A_Paterno, A_Materno, Calle, Numero, Estado, C_Postal, Edad, NSS, Antiguedad, Telefono, Email) values ('MXKZ800386VAONYPX9', 'BZOT9121826NN', 95, 'Sara', 'Jimenez', 'Bravo', 'Sauthoff', '4176', 'Baja California Sur', '73592', 56, '71842345267', '2018-06-11', '9911925002', 'mhoggang@tinyurl.com');
insert into cajero (CURP, RFC, id_Taqueria, Nombre, A_Paterno, A_Materno, Calle, Numero, Estado, C_Postal, Edad, NSS, Antiguedad, Telefono, Email) values ('SXLH895445FELIMP39', 'XZFX483336F5V', 20, 'Alejandra', 'Vega', 'Vega', 'Forest', '805', 'Morelos', '43882', 34, '31265541911', '2018-07-28', '9578685166', 'mblundinh@pagesperso-orange.fr');
insert into cajero (CURP, RFC, id_Taqueria, Nombre, A_Paterno, A_Materno, Calle, Numero, Estado, C_Postal, Edad, NSS, Antiguedad, Telefono, Email) values ('RUBO909404JEFDNN61', 'LRPC129344EM5', 3, 'Fatima', 'Roman', 'Perez', 'Vermont', '0', 'Sonora', '90577', 58, '05122208703', '2018-09-09', '2763883022', 'mskewisi@miitbeian.gov.cn');
insert into cajero (CURP, RFC, id_Taqueria, Nombre, A_Paterno, A_Materno, Calle, Numero, Estado, C_Postal, Edad, NSS, Antiguedad, Telefono, Email) values ('FGBF774361ODJLQCR8', 'TRKA775168W6W', 75, 'Anna', 'Pascual', 'Flores', 'Briar Crest', '038', 'Guerrero', '52644', 40, '09129713348', '2020-10-30', '7189018210', 'jduhamelj@boston.com');
insert into cajero (CURP, RFC, id_Taqueria, Nombre, A_Paterno, A_Materno, Calle, Numero, Estado, C_Postal, Edad, NSS, Antiguedad, Telefono, Email) values ('XBGY175899JNEVVDV6', 'RICE589805ES4', 21, 'Clara', 'Rubio', 'Liera', 'Memorial', '96853', 'estados', '22824', 53, '40941851388', '2019-06-10', '5434473971', 'bhessenthalerk@imdb.com');
insert into cajero (CURP, RFC, id_Taqueria, Nombre, A_Paterno, A_Materno, Calle, Numero, Estado, C_Postal, Edad, NSS, Antiguedad, Telefono, Email) values ('APHY923654KFXCSX24', 'HPAB532526OBA', 26, 'Domingo', 'Gil', 'Sanchez', 'Jay', '058', 'Hidalgo', '06019', 38, '97477642198', '2022-02-02', '5552664859', 'tkubeckal@mapquest.com');
insert into cajero (CURP, RFC, id_Taqueria, Nombre, A_Paterno, A_Materno, Calle, Numero, Estado, C_Postal, Edad, NSS, Antiguedad, Telefono, Email) values ('ZGJE507955DGEPWNG0', 'VQZC673286KSZ', 26, 'Consuelo', 'Fuentes', 'Velasco', 'Melody', '407', 'Durango', '81299', 26, '25581809983', '2021-10-08', '1608181615', 'cmcindoem@wikimedia.org');
insert into cajero (CURP, RFC, id_Taqueria, Nombre, A_Paterno, A_Materno, Calle, Numero, Estado, C_Postal, Edad, NSS, Antiguedad, Telefono, Email) values ('UZSR622472LNFCKIQ5', 'LBOB410958U6U', 13, 'Marta', 'Pastor', 'Cruz', 'Oakridge', '0025', 'Nayarit', '30127', 63, '23630374267', '2018-11-20', '1029998462', 'gbelfordn@creativecommons.org');
insert into cajero (CURP, RFC, id_Taqueria, Nombre, A_Paterno, A_Materno, Calle, Numero, Estado, C_Postal, Edad, NSS, Antiguedad, Telefono, Email) values ('OZCJ827237YDWGUS00', 'EMTE673299WUT', 70, 'Luz', 'Morales', 'Bravo', 'Lighthouse Bay', '02030', 'Nayarit', '87728', 39, '38633176580', '2021-09-02', '3026409964', 'kleckenbyo@friendfeed.com');
insert into cajero (CURP, RFC, id_Taqueria, Nombre, A_Paterno, A_Materno, Calle, Numero, Estado, C_Postal, Edad, NSS, Antiguedad, Telefono, Email) values ('GOBW429427ANYJWBE0', 'BEEL871925O9H', 65, 'Mariano', 'Rubio', 'Ortega', 'Havey', '8', 'San Luis Potosí', '19184', 40, '10210853499', '2021-11-21', '4072665407', 'acockleyp@dropbox.com');
insert into cajero (CURP, RFC, id_Taqueria, Nombre, A_Paterno, A_Materno, Calle, Numero, Estado, C_Postal, Edad, NSS, Antiguedad, Telefono, Email) values ('XOKA114807IYEFRQZ0', 'PAYP6606644E5', 55, 'Elena', 'Vazquez', 'Cabrera', 'David', '2286', 'Baja California Sur', '21319', 39, '56031818644', '2019-04-06', '3413840618', 'dseakq@163.com');
insert into cajero (CURP, RFC, id_Taqueria, Nombre, A_Paterno, A_Materno, Calle, Numero, Estado, C_Postal, Edad, NSS, Antiguedad, Telefono, Email) values ('DODU057492KKOAXFM1', 'KNLZ043312ASX', 66, 'Nuria', 'Martin', 'Ruiz', 'Browning', '6006', 'Quintana Roo', '10060', 45, '17969691240', '2018-07-19', '6823043055', 'ashewringr@furl.net');
insert into cajero (CURP, RFC, id_Taqueria, Nombre, A_Paterno, A_Materno, Calle, Numero, Estado, C_Postal, Edad, NSS, Antiguedad, Telefono, Email) values ('VIKN545836FVPUNCX6', 'MTUL860010D26', 64, 'Alex', 'Leon', 'Suarez', 'Dottie', '461', 'Tlaxcala', '71648', 57, '99421684062', '2020-05-15', '6534579939', 'sbaracloughs@house.gov');
insert into cajero (CURP, RFC, id_Taqueria, Nombre, A_Paterno, A_Materno, Calle, Numero, Estado, C_Postal, Edad, NSS, Antiguedad, Telefono, Email) values ('PJJO341770KIMGWA29', 'PSMW484192T13', 57, 'Hector', 'Santiago', 'Santana', 'Oneill', '3237', 'México', '01748', 38, '93894980373', '2021-02-23', '8517952715', 'bhamlett@netscape.com');
insert into cajero (CURP, RFC, id_Taqueria, Nombre, A_Paterno, A_Materno, Calle, Numero, Estado, C_Postal, Edad, NSS, Antiguedad, Telefono, Email) values ('UHQR887217JZVQVN27', 'EOLG8237542F3', 25, 'Esther', 'Caballero', 'Leon', 'Blue Bill Park', '560', 'Morelos', '73516', 37, '59233086325', '2022-04-02', '6354126609', 'atomaschkeu@toplist.cz');
insert into cajero (CURP, RFC, id_Taqueria, Nombre, A_Paterno, A_Materno, Calle, Numero, Estado, C_Postal, Edad, NSS, Antiguedad, Telefono, Email) values ('CWDB036252EBFNYMB3', 'ROPJ432962U3T', 63, 'Alfonso', 'Medina', 'Gimenez', 'Manitowish', '808', 'Zacatecas', '71789', 45, '28738965261', '2021-05-23', '2005728813', 'nmacgaugheyv@sciencedirect.com');
insert into cajero (CURP, RFC, id_Taqueria, Nombre, A_Paterno, A_Materno, Calle, Numero, Estado, C_Postal, Edad, NSS, Antiguedad, Telefono, Email) values ('IRTR150863CIHGNGH4', 'VNOG388105EKV', 89, 'Maria', 'Hidalgo', 'Torres', 'Eggendart', '39', 'Tabasco', '81336', 31, '91882890944', '2019-09-27', '1879204945', 'lraycroftw@indiatimes.com');
insert into cajero (CURP, RFC, id_Taqueria, Nombre, A_Paterno, A_Materno, Calle, Numero, Estado, C_Postal, Edad, NSS, Antiguedad, Telefono, Email) values ('CMCV430999VAEJOXE8', 'TZPP296162MNQ', 75, 'Antonia', 'Molina', 'Vicente', 'Reindahl', '45', 'Oaxaca', '13828', 64, '02063852620', '2018-07-23', '6329386724', 'gprettjohnx@omniture.com');
insert into cajero (CURP, RFC, id_Taqueria, Nombre, A_Paterno, A_Materno, Calle, Numero, Estado, C_Postal, Edad, NSS, Antiguedad, Telefono, Email) values ('ZOJW417292SMIUID73', 'GFVM7086510VR', 99, 'Luisa', 'Castro', 'Carrasco', 'Crowley', '37', 'Guanajuato', '00315', 22, '15018180111', '2021-02-01', '3814464105', 'bgyppsy@privacy.gov.au');
insert into cajero (CURP, RFC, id_Taqueria, Nombre, A_Paterno, A_Materno, Calle, Numero, Estado, C_Postal, Edad, NSS, Antiguedad, Telefono, Email) values ('SRCS871092UMREHG11', 'PEFB418220H4T', 78, 'Javier', 'Carrasco', 'Castro', 'Buena Vista', '9', 'Durango', '33607', 44, '91631799648', '2022-02-13', '7208454029', 'csackettz@meetup.com');
insert into cajero (CURP, RFC, id_Taqueria, Nombre, A_Paterno, A_Materno, Calle, Numero, Estado, C_Postal, Edad, NSS, Antiguedad, Telefono, Email) values ('QIFQ731366GNWEPCQ0', 'BAUG8687106QT', 29, 'Marta', 'Santiago', 'Torres', 'Mockingbird', '78', 'Guerrero', '33848', 69, '55100451072', '2020-08-12', '2359971418', 'rburthom10@mozilla.org');
insert into cajero (CURP, RFC, id_Taqueria, Nombre, A_Paterno, A_Materno, Calle, Numero, Estado, C_Postal, Edad, NSS, Antiguedad, Telefono, Email) values ('THYL563600DDLHICN4', 'ATXR2200904X5', 76, 'Marc', 'Duran', 'Perez', 'Reindahl', '81', 'Guanajuato', '99332', 54, '61873141350', '2021-11-27', '3132124809', 'tbroadberry11@si.edu');
insert into cajero (CURP, RFC, id_Taqueria, Nombre, A_Paterno, A_Materno, Calle, Numero, Estado, C_Postal, Edad, NSS, Antiguedad, Telefono, Email) values ('ZRDB470512PNHTKUI6', 'YJKX578845CQJ', 38, 'Martin', 'Flores', 'Herrero', 'John Wall', '603', 'Guerrero', '41806', 60, '32371977137', '2018-12-26', '4272412072', 'mbeadell12@com.com');
insert into cajero (CURP, RFC, id_Taqueria, Nombre, A_Paterno, A_Materno, Calle, Numero, Estado, C_Postal, Edad, NSS, Antiguedad, Telefono, Email) values ('VNEZ381550UBBDUIH0', 'AXLA8037958QZ', 46, 'Jaime', 'Garrido', 'Santana', 'Crownhardt', '12998', 'Campeche', '00210', 52, '12019817339', '2019-04-02', '1065935681', 'cbissex13@va.gov');
insert into cajero (CURP, RFC, id_Taqueria, Nombre, A_Paterno, A_Materno, Calle, Numero, Estado, C_Postal, Edad, NSS, Antiguedad, Telefono, Email) values ('NRVE767599JQGWEW25', 'SEVE0074241EA', 83, 'Sebastian', 'Velasco', 'Vicente', 'Montana', '55256', 'México', '40335', 25, '05957404509', '2022-04-03', '3508312664', 'neagles14@youtube.com');
insert into cajero (CURP, RFC, id_Taqueria, Nombre, A_Paterno, A_Materno, Calle, Numero, Estado, C_Postal, Edad, NSS, Antiguedad, Telefono, Email) values ('NXMV756023MYGYVJ89', 'PBNM635032Y8D', 85, 'Angel', 'Herrero', 'Iglesias', 'Heath', '95', 'Yucatán', '17768', 66, '49685538759', '2019-11-09', '7598197681', 'tzanotti15@desdev.cn');
insert into cajero (CURP, RFC, id_Taqueria, Nombre, A_Paterno, A_Materno, Calle, Numero, Estado, C_Postal, Edad, NSS, Antiguedad, Telefono, Email) values ('ZJMR846871TIHHUN08', 'SKVJ72286759S', 57, 'Oscar', 'Gimenez', 'Duran', 'Pleasure', '650', 'Nayarit', '68092', 22, '14377055774', '2019-07-24', '5667229759', 'fhowbrook16@globo.com');
insert into cajero (CURP, RFC, id_Taqueria, Nombre, A_Paterno, A_Materno, Calle, Numero, Estado, C_Postal, Edad, NSS, Antiguedad, Telefono, Email) values ('ROFD388632IUBKMW30', 'IBYF814437ASH', 22, 'Alba', 'Mora', 'Navarro', 'Brown', '1516', 'Chihuahua', '62586', 53, '95046761828', '2021-07-22', '7601490005', 'jkinnane17@seattletimes.com');
insert into cajero (CURP, RFC, id_Taqueria, Nombre, A_Paterno, A_Materno, Calle, Numero, Estado, C_Postal, Edad, NSS, Antiguedad, Telefono, Email) values ('KKHR484552IHHCRLJ2', 'QMLW922596USE', 1, 'Rodrigo', 'Parra', 'Pastor', 'Shopko', '5327', 'Quintana Roo', '34603', 29, '94656645767', '2021-12-16', '6295780341', 'avandevelde18@edublogs.org');
insert into cajero (CURP, RFC, id_Taqueria, Nombre, A_Paterno, A_Materno, Calle, Numero, Estado, C_Postal, Edad, NSS, Antiguedad, Telefono, Email) values ('EMLZ681587MQAZCSP5', 'GXHS800795YBA', 8, 'Marc', 'Calvo', 'Prieto', 'Myrtle', '9', 'Coahuila', '71894', 30, '64877978145', '2019-10-04', '9171475712', 'fsturman19@amazon.co.uk');
insert into cajero (CURP, RFC, id_Taqueria, Nombre, A_Paterno, A_Materno, Calle, Numero, Estado, C_Postal, Edad, NSS, Antiguedad, Telefono, Email) values ('IUXQ183063HYWLNU35', 'ZMGW2609610NS', 41, 'Victor', 'Delgado', 'Santos', 'Nancy', '13206', 'Durango', '83903', 20, '99651780573', '2019-06-15', '4518371783', 'mjakubovitch1a@360.cn');
insert into cajero (CURP, RFC, id_Taqueria, Nombre, A_Paterno, A_Materno, Calle, Numero, Estado, C_Postal, Edad, NSS, Antiguedad, Telefono, Email) values ('NUOG682970DPZNNKN9', 'ELJS0530595OD', 20, 'Esteban', 'Dominguez', 'Cortes', 'Hanson', '4', 'Tlaxcala', '37062', 42, '28126237027', '2021-10-11', '3918689840', 'ncaso1b@pinterest.com');
insert into cajero (CURP, RFC, id_Taqueria, Nombre, A_Paterno, A_Materno, Calle, Numero, Estado, C_Postal, Edad, NSS, Antiguedad, Telefono, Email) values ('LQHQ975656VMSNDRP6', 'KGFU8435244P5', 3, 'Marta', 'Martin', 'Alonso', 'Karstens', '5718', 'Coahuila', '87973', 56, '96763068441', '2019-05-20', '6668559012', 'adobrowolny1c@sphinn.com');
insert into cajero (CURP, RFC, id_Taqueria, Nombre, A_Paterno, A_Materno, Calle, Numero, Estado, C_Postal, Edad, NSS, Antiguedad, Telefono, Email) values ('SOFH206009UGLSWOE6', 'VZDX2859627VG', 46, 'Inmaculada', 'Hernandez', 'Saez', 'Harbort', '14127', 'Jalisco', '82308', 67, '91804417541', '2021-06-05', '2663974644', 'mlehrer1d@liveinternet.ru');
insert into cajero (CURP, RFC, id_Taqueria, Nombre, A_Paterno, A_Materno, Calle, Numero, Estado, C_Postal, Edad, NSS, Antiguedad, Telefono, Email) values ('HNHL240195FUYJAN40', 'OYAV038709Y8E', 46, 'Marcos', 'Crespo', 'Perez', 'Mockingbird', '497', 'estados', '96390', 21, '47524217311', '2022-03-24', '1095468565', 'rfinnes1e@shareasale.com');
insert into cajero (CURP, RFC, id_Taqueria, Nombre, A_Paterno, A_Materno, Calle, Numero, Estado, C_Postal, Edad, NSS, Antiguedad, Telefono, Email) values ('DNRW933889EQPGWWC1', 'JEIM5757865TB', 63, 'Lucas', 'Sanz', 'Blanco', 'Lukken', '210', 'Yucatán', '96743', 44, '72439242018', '2020-02-29', '9378151558', 'afullun1f@comsenz.com');
insert into cajero (CURP, RFC, id_Taqueria, Nombre, A_Paterno, A_Materno, Calle, Numero, Estado, C_Postal, Edad, NSS, Antiguedad, Telefono, Email) values ('JPLX173495PLXTBW95', 'MXGO3247405CL', 22, 'Ana', 'Gutierrez', 'Sanchez', 'Carey', '03644', 'Oaxaca', '23949', 47, '90719749715', '2019-12-06', '7549843634', 'adegnen1g@yolasite.com');
insert into cajero (CURP, RFC, id_Taqueria, Nombre, A_Paterno, A_Materno, Calle, Numero, Estado, C_Postal, Edad, NSS, Antiguedad, Telefono, Email) values ('ZXDN909876GAKIKX88', 'EJMW989337WJD', 40, 'Francisca', 'Garrido', 'Sanz', 'Spenser', '41853', 'Campeche', '75517', 49, '51094083315', '2019-01-15', '6522395138', 'icleft1h@marriott.com');
insert into cajero (CURP, RFC, id_Taqueria, Nombre, A_Paterno, A_Materno, Calle, Numero, Estado, C_Postal, Edad, NSS, Antiguedad, Telefono, Email) values ('ENVD839170XPDAIX87', 'OETY8443807RA', 90, 'David', 'Saez', 'Guerrero', 'Monument', '243', 'Querétaro', '09066', 44, '98824657209', '2018-08-09', '2764764789', 'bellsworthe1i@senate.gov');
insert into cajero (CURP, RFC, id_Taqueria, Nombre, A_Paterno, A_Materno, Calle, Numero, Estado, C_Postal, Edad, NSS, Antiguedad, Telefono, Email) values ('JWMV226929DWFMGFF8', 'HQVT3699796D9', 65, 'Agustin', 'Ortega', 'Vargas', 'Saint Paul', '4377', 'Nayarit', '76393', 33, '32682002222', '2021-10-30', '9466798287', 'agreason1j@state.gov');
insert into cajero (CURP, RFC, id_Taqueria, Nombre, A_Paterno, A_Materno, Calle, Numero, Estado, C_Postal, Edad, NSS, Antiguedad, Telefono, Email) values ('FKZK458949KYNHOU05', 'EBAK425160G5H', 69, 'Ricardo', 'Ruiz', 'Cabrera', 'Tennessee', '1548', 'Veracruz', '87026', 33, '58735314763', '2018-07-06', '4681654753', 'lastlatt1k@umich.edu');
insert into cajero (CURP, RFC, id_Taqueria, Nombre, A_Paterno, A_Materno, Calle, Numero, Estado, C_Postal, Edad, NSS, Antiguedad, Telefono, Email) values ('IQIQ671129GLLPINB4', 'NMTU8881220E5', 80, 'Elisa', 'Parra', 'Blanco', 'Knutson', '7', 'Aguascalientes', '44761', 51, '89299889898', '2021-05-09', '8863023310', 'dpigrome1l@nps.gov');
insert into cajero (CURP, RFC, id_Taqueria, Nombre, A_Paterno, A_Materno, Calle, Numero, Estado, C_Postal, Edad, NSS, Antiguedad, Telefono, Email) values ('XSQI814366XFPKADU4', 'MBOG118716VRW', 12, 'Andrea', 'Vazquez', 'Uriostegui', 'Ronald Regan', '58535', 'Durango', '56623', 31, '04304744776', '2022-02-12', '4221754492', 'sortner1m@zdnet.com');
insert into cajero (CURP, RFC, id_Taqueria, Nombre, A_Paterno, A_Materno, Calle, Numero, Estado, C_Postal, Edad, NSS, Antiguedad, Telefono, Email) values ('QUMF203619ZUBZONS5', 'JAND4159586QT', 62, 'Josefina', 'Gallardo', 'Marin', 'Sutteridge', '0686', 'Chihuahua', '55497', 68, '01968756716', '2021-11-27', '9649218048', 'cmartell1n@vistaprint.com');
insert into cajero (CURP, RFC, id_Taqueria, Nombre, A_Paterno, A_Materno, Calle, Numero, Estado, C_Postal, Edad, NSS, Antiguedad, Telefono, Email) values ('JNQL319267HOFSQYH1', 'QRVY1378936WC', 98, 'Sebastian', 'Ruiz', 'Gimenez', 'Kinsman', '24', 'Oaxaca', '19465', 18, '86197557479', '2019-06-22', '9159055034', 'bkobierski1o@dell.com');
insert into cajero (CURP, RFC, id_Taqueria, Nombre, A_Paterno, A_Materno, Calle, Numero, Estado, C_Postal, Edad, NSS, Antiguedad, Telefono, Email) values ('BLKU908529WQGHAED4', 'BYZF951801MDT', 35, 'Mar', 'Vicente', 'Gutierrez', 'Bashford', '0', 'Distrito Federal', '01205', 46, '38407979196', '2022-04-11', '7095438543', 'cgrimstead1p@privacy.gov.au');
insert into cajero (CURP, RFC, id_Taqueria, Nombre, A_Paterno, A_Materno, Calle, Numero, Estado, C_Postal, Edad, NSS, Antiguedad, Telefono, Email) values ('FOCR792903XGJYGUM9', 'OPZG493566ZWX', 32, 'Juan', 'Vargas', 'Moreno', 'Twin Pines', '87', 'Tamaulipas', '85237', 61, '84076385193', '2020-09-25', '4181161206', 'nuebel1q@senate.gov');
insert into cajero (CURP, RFC, id_Taqueria, Nombre, A_Paterno, A_Materno, Calle, Numero, Estado, C_Postal, Edad, NSS, Antiguedad, Telefono, Email) values ('XUZR652989DTBYJW63', 'JEYN591601H3X', 35, 'Martin', 'Carrasco', 'Gonzalez', 'Eastwood', '6145', 'Ciudad de México', '32045', 60, '77867343537', '2020-09-09', '1003648545', 'abatt1r@soup.io');
insert into cajero (CURP, RFC, id_Taqueria, Nombre, A_Paterno, A_Materno, Calle, Numero, Estado, C_Postal, Edad, NSS, Antiguedad, Telefono, Email) values ('PNKO899444VWKYMBQ9', 'TOOT4648675KY', 79, 'Mario', 'Pastor', 'Garcia', 'Pankratz', '88958', 'Campeche', '51907', 48, '20474488314', '2018-08-17', '7762758912', 'ctwiggs1s@cnet.com');
insert into cajero (CURP, RFC, id_Taqueria, Nombre, A_Paterno, A_Materno, Calle, Numero, Estado, C_Postal, Edad, NSS, Antiguedad, Telefono, Email) values ('AHTH665639YDOTRR91', 'OTPL5028947JU', 33, 'Clara', 'Vazquez', 'Martinez', 'Annamark', '48', 'Chiapas', '16158', 19, '39579991033', '2018-06-20', '8665915080', 'dcatterick1t@salon.com');
insert into cajero (CURP, RFC, id_Taqueria, Nombre, A_Paterno, A_Materno, Calle, Numero, Estado, C_Postal, Edad, NSS, Antiguedad, Telefono, Email) values ('VZCR961550YXIEVRU1', 'UUZI814855O97', 78, 'Fatima', 'Soto', 'Bravo', 'Blue Bill Park', '628', 'San Luis Potosí', '13075', 51, '84665235459', '2019-04-08', '3359383614', 'kwhewell1u@blogger.com');
insert into cajero (CURP, RFC, id_Taqueria, Nombre, A_Paterno, A_Materno, Calle, Numero, Estado, C_Postal, Edad, NSS, Antiguedad, Telefono, Email) values ('XGPX551831BFPAGE92', 'EPML439353R45', 51, 'Montserrat', 'Carmona', 'Mendez', 'Main', '7372', 'Puebla', '41102', 27, '06350968540', '2021-08-23', '9943695208', 'rchaise1v@edublogs.org');
insert into cajero (CURP, RFC, id_Taqueria, Nombre, A_Paterno, A_Materno, Calle, Numero, Estado, C_Postal, Edad, NSS, Antiguedad, Telefono, Email) values ('ZQZC773651GRYVKNF1', 'FYCT454757OX0', 73, 'Rafael', 'Martin', 'Mora', 'Browning', '2616', 'Querétaro', '52509', 65, '21095553060', '2020-08-16', '6523867837', 'cjurisic1w@1und1.de');
insert into cajero (CURP, RFC, id_Taqueria, Nombre, A_Paterno, A_Materno, Calle, Numero, Estado, C_Postal, Edad, NSS, Antiguedad, Telefono, Email) values ('ZEOT424405ANZGBZX0', 'BUYH5013195N6', 79, 'Arturo', 'Vidal', 'Carmona', 'Magdeline', '347', 'Querétaro', '98559', 22, '01233488708', '2021-09-25', '8445026297', 'tferrulli1x@51.la');
insert into cajero (CURP, RFC, id_Taqueria, Nombre, A_Paterno, A_Materno, Calle, Numero, Estado, C_Postal, Edad, NSS, Antiguedad, Telefono, Email) values ('OTIF352184BGWWXC53', 'XONL4259242YS', 95, 'Inmaculada', 'Leon', 'Calvo', 'Sunbrook', '49', 'Veracruz', '51983', 40, '31157432019', '2019-12-31', '1707662154', 'sgodlonton1y@webeden.co.uk');
insert into cajero (CURP, RFC, id_Taqueria, Nombre, A_Paterno, A_Materno, Calle, Numero, Estado, C_Postal, Edad, NSS, Antiguedad, Telefono, Email) values ('AWCJ496854FQXWSH02', 'HBUJ231978QZ5', 66, 'Elena', 'Caballero', 'Vega', 'Towne', '96612', 'Yucatán', '52472', 62, '93418139136', '2020-05-07', '5266180303', 'rlethebridge1z@shutterfly.com');
insert into cajero (CURP, RFC, id_Taqueria, Nombre, A_Paterno, A_Materno, Calle, Numero, Estado, C_Postal, Edad, NSS, Antiguedad, Telefono, Email) values ('YOJW020428XWOSMZZ2', 'ZJMT3705666WB', 12, 'Pilar', 'Reyes', 'Cabrera', 'Pawling', '8704', 'Aguascalientes', '11390', 37, '21357268704', '2020-03-21', '7951587572', 'amccarl20@buzzfeed.com');
insert into cajero (CURP, RFC, id_Taqueria, Nombre, A_Paterno, A_Materno, Calle, Numero, Estado, C_Postal, Edad, NSS, Antiguedad, Telefono, Email) values ('MIAJ771382GIOUJTD6', 'MPEZ667059D4V', 76, 'Xavier', 'Lozano', 'Lorenzo', 'Logan', '16829', 'Colima', '74609', 27, '58931991066', '2018-07-01', '3029414248', 'mwhetland21@sphinn.com');
insert into cajero (CURP, RFC, id_Taqueria, Nombre, A_Paterno, A_Materno, Calle, Numero, Estado, C_Postal, Edad, NSS, Antiguedad, Telefono, Email) values ('FTMR940219PMRILQZ0', 'RXGO3725462HQ', 96, 'Guillermo', 'Guerrero', 'Campos', 'Upham', '80', 'San Luis Potosí', '68251', 33, '39119260883', '2021-07-05', '8375511127', 'cjapp22@baidu.com');
insert into cajero (CURP, RFC, id_Taqueria, Nombre, A_Paterno, A_Materno, Calle, Numero, Estado, C_Postal, Edad, NSS, Antiguedad, Telefono, Email) values ('HKGH403214BTXRZD93', 'ZEXQ427221VMG', 55, 'Mar', 'Olivera', 'Roman', 'Moulton', '06', 'Baja California', '31767', 33, '77000613160', '2022-03-22', '7103856309', 'ereveland23@msu.edu');
insert into cajero (CURP, RFC, id_Taqueria, Nombre, A_Paterno, A_Materno, Calle, Numero, Estado, C_Postal, Edad, NSS, Antiguedad, Telefono, Email) values ('HWEY602001NBCXKQQ0', 'IMAX580135DB3', 57, 'Celia', 'Roman', 'Ruiz', 'Summit', '609', 'Colima', '66432', 40, '97560180206', '2019-09-23', '8317321748', 'mjordin24@redcross.org');
insert into cajero (CURP, RFC, id_Taqueria, Nombre, A_Paterno, A_Materno, Calle, Numero, Estado, C_Postal, Edad, NSS, Antiguedad, Telefono, Email) values ('YNTQ658272CWWSULB2', 'LKUF735530C1P', 24, 'Alex', 'Gallego', 'Medina', 'Towne', '13269', 'Nuevo León', '55114', 46, '58197354978', '2021-10-06', '4865714027', 'ddensumbe25@ebay.com');
insert into cajero (CURP, RFC, id_Taqueria, Nombre, A_Paterno, A_Materno, Calle, Numero, Estado, C_Postal, Edad, NSS, Antiguedad, Telefono, Email) values ('NADD463561OAJCJBD2', 'FIGQ513871HL7', 82, 'Alfredo', 'Gomez', 'Vidal', 'Service', '55825', 'Durango', '08737', 31, '19235886510', '2021-01-01', '5713789737', 'hwheelhouse26@dyndns.org');
insert into cajero (CURP, RFC, id_Taqueria, Nombre, A_Paterno, A_Materno, Calle, Numero, Estado, C_Postal, Edad, NSS, Antiguedad, Telefono, Email) values ('HZYX195395LZKFIAO5', 'NEJY5059870TW', 57, 'Angel', 'Sanz', 'Guerrero', 'Scofield', '806', 'Hidalgo', '13133', 32, '93979607786', '2021-01-31', '8467720223', 'fmcreidy27@ucoz.com');
insert into cajero (CURP, RFC, id_Taqueria, Nombre, A_Paterno, A_Materno, Calle, Numero, Estado, C_Postal, Edad, NSS, Antiguedad, Telefono, Email) values ('MFMS452306FXLSPG40', 'KOIJ883625NS1', 91, 'Elisa', 'Vazquez', 'Calvo', 'Gateway', '8', 'Baja California Sur', '89377', 19, '10079463903', '2021-01-20', '3885455504', 'gcoppledike28@barnesandnoble.com');
insert into cajero (CURP, RFC, id_Taqueria, Nombre, A_Paterno, A_Materno, Calle, Numero, Estado, C_Postal, Edad, NSS, Antiguedad, Telefono, Email) values ('VCSJ042947KQDBVB05', 'WQTG349357525', 56, 'Cristian', 'Pascual', 'Carmona', 'Golden Leaf', '1', 'Distrito Federal', '23888', 18, '25774203249', '2019-12-21', '6006427630', 'fdawtrey29@shop-pro.jp');
insert into cajero (CURP, RFC, id_Taqueria, Nombre, A_Paterno, A_Materno, Calle, Numero, Estado, C_Postal, Edad, NSS, Antiguedad, Telefono, Email) values ('LGBY615059WKNVRQ13', 'NLRE71143550A', 100, 'Adrian', 'Vega', 'Rubio', 'Northfield', '2', 'Ciudad de México', '33527', 41, '12271892624', '2020-08-04', '5056788410', 'hlapenna2a@ifeng.com');
insert into cajero (CURP, RFC, id_Taqueria, Nombre, A_Paterno, A_Materno, Calle, Numero, Estado, C_Postal, Edad, NSS, Antiguedad, Telefono, Email) values ('UVRE628915UBPCBWA4', 'JIHQ4499323I0', 68, 'Amparo', 'Jimenez', 'Gil', 'Sommers', '27', 'Baja California', '20108', 19, '03651599928', '2020-02-02', '2473495312', 'bbramble2b@cargocollective.com');
insert into cajero (CURP, RFC, id_Taqueria, Nombre, A_Paterno, A_Materno, Calle, Numero, Estado, C_Postal, Edad, NSS, Antiguedad, Telefono, Email) values ('IMGO831763LZTAOO10', 'KIJX605493M1V', 33, 'Felipe', 'Mendez', 'Suarez', 'Blaine', '987', 'Chiapas', '26035', 66, '33173724790', '2020-03-08', '9403425450', 'treadings2c@google.co.jp');
insert into cajero (CURP, RFC, id_Taqueria, Nombre, A_Paterno, A_Materno, Calle, Numero, Estado, C_Postal, Edad, NSS, Antiguedad, Telefono, Email) values ('UIPV326508ZZQORZA3', 'YLFK2837022CD', 74, 'Lorenzo', 'Martinez', 'Roman', 'Coolidge', '2', 'Oaxaca', '34787', 68, '60473872481', '2022-02-05', '4526254577', 'bmaccoughan2d@wikipedia.org');
insert into cajero (CURP, RFC, id_Taqueria, Nombre, A_Paterno, A_Materno, Calle, Numero, Estado, C_Postal, Edad, NSS, Antiguedad, Telefono, Email) values ('NBYD756107XSQZBOH7', 'GVRB194846PKA', 37, 'Francisca', 'Cruz', 'Herrera', 'Division', '9', 'Sinaloa', '40157', 54, '11357805156', '2018-10-15', '2083255451', 'qhowie2e@cpanel.net');
insert into cajero (CURP, RFC, id_Taqueria, Nombre, A_Paterno, A_Materno, Calle, Numero, Estado, C_Postal, Edad, NSS, Antiguedad, Telefono, Email) values ('DHVW968984YTASJA26', 'XMEE3691711Y2', 65, 'Antonia', 'Navarro', 'Leon', 'Haas', '667', 'Guanajuato', '01754', 42, '35557199115', '2021-10-22', '6813929486', 'ekeedwell2f@oaic.gov.au');
insert into cajero (CURP, RFC, id_Taqueria, Nombre, A_Paterno, A_Materno, Calle, Numero, Estado, C_Postal, Edad, NSS, Antiguedad, Telefono, Email) values ('HFEI578320QWFKSQN1', 'KXON584582WI6', 69, 'Alexander', 'Olivera', 'Benitez', 'Crowley', '4', 'San Luis Potosí', '13521', 22, '10897367814', '2021-08-26', '4556275226', 'kbatterton2g@si.edu');
insert into cajero (CURP, RFC, id_Taqueria, Nombre, A_Paterno, A_Materno, Calle, Numero, Estado, C_Postal, Edad, NSS, Antiguedad, Telefono, Email) values ('CDXD026760IPBZXAQ7', 'RZNT307495XDA', 86, 'Inmaculada', 'Gonzalez', 'Bravo', 'Judy', '8972', 'Tlaxcala', '68114', 64, '83814082929', '2021-01-13', '1816248819', 'ycloughton2h@github.io');
insert into cajero (CURP, RFC, id_Taqueria, Nombre, A_Paterno, A_Materno, Calle, Numero, Estado, C_Postal, Edad, NSS, Antiguedad, Telefono, Email) values ('CLAF632214TQRDJNB3', 'EWCZ901436UTH', 41, 'Fernando', 'Roman', 'Fuentes', 'Stone Corner', '6081', 'Coahuila', '30429', 47, '28056131160', '2020-03-05', '7373239495', 'dhekkert2i@baidu.com');
insert into cajero (CURP, RFC, id_Taqueria, Nombre, A_Paterno, A_Materno, Calle, Numero, Estado, C_Postal, Edad, NSS, Antiguedad, Telefono, Email) values ('WTZW717622RDDLMW19', 'DIEC643182HSL', 4, 'Antonia', 'Pascual', 'Guerrero', 'Miller', '561', 'Colima', '93064', 30, '87114535662', '2021-06-27', '8284139563', 'ngentreau2j@addthis.com');
insert into cajero (CURP, RFC, id_Taqueria, Nombre, A_Paterno, A_Materno, Calle, Numero, Estado, C_Postal, Edad, NSS, Antiguedad, Telefono, Email) values ('SHDO897137NMSUFV32', 'QTFQ489617OTF', 86, 'Samuel', 'Fuentes', 'Herrera', 'Elka', '49756', 'estados', '82118', 18, '73771339850', '2019-09-25', '4338237838', 'wfarlam2k@hao123.com');
insert into cajero (CURP, RFC, id_Taqueria, Nombre, A_Paterno, A_Materno, Calle, Numero, Estado, C_Postal, Edad, NSS, Antiguedad, Telefono, Email) values ('GXFD646561DILUHJL3', 'QXPA088204M75', 15, 'Josefa', 'Torres', 'Diez', 'Orin', '3', 'Chiapas', '47600', 34, '41220624795', '2020-12-06', '9787894824', 'dkilpatrick2l@sun.com');
insert into cajero (CURP, RFC, id_Taqueria, Nombre, A_Paterno, A_Materno, Calle, Numero, Estado, C_Postal, Edad, NSS, Antiguedad, Telefono, Email) values ('QXFO453408BWTKJRD3', 'ZSDJ425299ZFB', 47, 'Inmaculada', 'Hernandez', 'Santos', '6th', '9893', 'Sinaloa', '55704', 21, '67161541267', '2020-02-22', '7136603419', 'ehovington2m@icio.us');
insert into cajero (CURP, RFC, id_Taqueria, Nombre, A_Paterno, A_Materno, Calle, Numero, Estado, C_Postal, Edad, NSS, Antiguedad, Telefono, Email) values ('STWJ254898UMZTED86', 'FUTQ015800TP6', 71, 'Alejandra', 'Moya', 'Nieto', 'Fisk', '55', 'Sonora', '56854', 34, '50288521009', '2019-08-22', '8512596945', 'praybould2n@netscape.com');
insert into cajero (CURP, RFC, id_Taqueria, Nombre, A_Paterno, A_Materno, Calle, Numero, Estado, C_Postal, Edad, NSS, Antiguedad, Telefono, Email) values ('QBHP293891LNUCHGW8', 'TEMX857346QVD', 63, 'Daniela', 'Alvarez', 'Romero', 'Washington', '4', 'México', '59027', 35, '28030697096', '2018-06-20', '3503329957', 'jkenford2o@wired.com');
insert into cajero (CURP, RFC, id_Taqueria, Nombre, A_Paterno, A_Materno, Calle, Numero, Estado, C_Postal, Edad, NSS, Antiguedad, Telefono, Email) values ('DOTY315860XCPDSJ64', 'OFVK032613PD2', 96, 'Patricia', 'Santiago', 'Diaz', 'Roth', '14814', 'Yucatán', '35294', 22, '25659573196', '2019-02-16', '7685332868', 'cfoulds2p@rambler.ru');
insert into cajero (CURP, RFC, id_Taqueria, Nombre, A_Paterno, A_Materno, Calle, Numero, Estado, C_Postal, Edad, NSS, Antiguedad, Telefono, Email) values ('SEWJ959260NXAZFQ14', 'RTER658493GNP', 57, 'Eduardo', 'Gonzalez', 'Gutierrez', 'Elmside', '9', 'Campeche', '85050', 39, '53106398727', '2021-04-09', '7539589613', 'scadlock2q@nasa.gov');
insert into cajero (CURP, RFC, id_Taqueria, Nombre, A_Paterno, A_Materno, Calle, Numero, Estado, C_Postal, Edad, NSS, Antiguedad, Telefono, Email) values ('ZJHV996841FLLCNCT0', 'JSMI100411XT7', 24, 'Cesar', 'Ramos', 'Moreno', 'Hoard', '0417', 'Colima', '44085', 32, '57170948792', '2018-11-19', '2601363508', 'ghestrop2r@qq.com');

-- TORTILLERO

insert into tortillero (CURP, RFC, id_Taqueria, Nombre, A_Paterno, A_Materno, Calle, Numero, Estado, C_Postal, Edad, NSS, Antiguedad, Telefono, Email) values ('DIUC797201MXSWYYG5', 'NHXJ112942VKT', 15, 'Ruben', 'Cruz', 'Mora', 'Mayfield', '69836', 'Veracruz', '23514', 63, '57025241796', '2020-09-11', '5692485184', 'parmytage0@theatlantic.com');
insert into tortillero (CURP, RFC, id_Taqueria, Nombre, A_Paterno, A_Materno, Calle, Numero, Estado, C_Postal, Edad, NSS, Antiguedad, Telefono, Email) values ('RWTQ039779DTTTNZY7', 'SOIV649757XS4', 11, 'Sebastian', 'Carrasco', 'Ortega', 'Spenser', '75486', 'Sinaloa', '98025', 43, '57222919087', '2021-08-08', '6249438035', 'hlotterington1@wsj.com');
insert into tortillero (CURP, RFC, id_Taqueria, Nombre, A_Paterno, A_Materno, Calle, Numero, Estado, C_Postal, Edad, NSS, Antiguedad, Telefono, Email) values ('MIYB593841YJEVRIS7', 'LOKI383134F0B', 98, 'Lucia', 'Montero', 'Medina', 'Packers', '93', 'Michoacán', '76755', 31, '72438531058', '2019-04-28', '2577388892', 'klankester2@desdev.cn');
insert into tortillero (CURP, RFC, id_Taqueria, Nombre, A_Paterno, A_Materno, Calle, Numero, Estado, C_Postal, Edad, NSS, Antiguedad, Telefono, Email) values ('YVQN306092NJDICI60', 'MVPM141165XHK', 76, 'Marc', 'Fernandez', 'Navarro', 'Blue Bill Park', '7', 'Hidalgo', '22469', 49, '40347521905', '2021-05-23', '3011560406', 'dlenham3@fastcompany.com');
insert into tortillero (CURP, RFC, id_Taqueria, Nombre, A_Paterno, A_Materno, Calle, Numero, Estado, C_Postal, Edad, NSS, Antiguedad, Telefono, Email) values ('IJKD560773NTZYJBM7', 'MTAK395800294', 72, 'Mar', 'Moreno', 'Alvarez', 'Victoria', '22', 'Ciudad de México', '51583', 40, '16809368433', '2020-01-22', '3529319498', 'daldine4@tiny.cc');
insert into tortillero (CURP, RFC, id_Taqueria, Nombre, A_Paterno, A_Materno, Calle, Numero, Estado, C_Postal, Edad, NSS, Antiguedad, Telefono, Email) values ('SLGH344967OEIOYOE1', 'MELS020355P6G', 83, 'Ismael', 'Aguilar', 'Gutierrez', 'Butternut', '05', 'Guanajuato', '52857', 60, '96669235944', '2021-12-05', '3062032935', 'rwanek5@msn.com');
insert into tortillero (CURP, RFC, id_Taqueria, Nombre, A_Paterno, A_Materno, Calle, Numero, Estado, C_Postal, Edad, NSS, Antiguedad, Telefono, Email) values ('CEKO714320EPFZKAB5', 'DAEO039248N8Z', 57, 'Adrian', 'Morales', 'Gimenez', 'Kedzie', '98594', 'Coahuila', '40988', 63, '03174204227', '2019-11-16', '7191852684', 'anannoni6@51.la');
insert into tortillero (CURP, RFC, id_Taqueria, Nombre, A_Paterno, A_Materno, Calle, Numero, Estado, C_Postal, Edad, NSS, Antiguedad, Telefono, Email) values ('UZMU545081ZXRSSLB7', 'FOQQ095900PNR', 37, 'Maria', 'Diaz', 'Marin', 'Maple Wood', '00', 'Coahuila', '48357', 47, '38755186263', '2019-12-18', '5152699455', 'aaleksahkin7@wufoo.com');
insert into tortillero (CURP, RFC, id_Taqueria, Nombre, A_Paterno, A_Materno, Calle, Numero, Estado, C_Postal, Edad, NSS, Antiguedad, Telefono, Email) values ('WXRT532179YLHQJBT2', 'RDQQ002848K4C', 59, 'Alvaro', 'Cruz', 'Rodriguez', 'Fallview', '9', 'Ciudad de México', '15638', 63, '20581440123', '2019-06-10', '4778533906', 'efarge8@google.ru');
insert into tortillero (CURP, RFC, id_Taqueria, Nombre, A_Paterno, A_Materno, Calle, Numero, Estado, C_Postal, Edad, NSS, Antiguedad, Telefono, Email) values ('JKRY369382UINHWYS0', 'NRNW500868AJL', 59, 'Lorenzo', 'Montez', 'Calvo', 'Shoshone', '02008', 'Jalisco', '99891', 52, '17684120366', '2019-09-17', '3294279123', 'gburchmore9@guardian.co.uk');
insert into tortillero (CURP, RFC, id_Taqueria, Nombre, A_Paterno, A_Materno, Calle, Numero, Estado, C_Postal, Edad, NSS, Antiguedad, Telefono, Email) values ('IDKI539100AMJBUDV0', 'KRHI2139787P2', 99, 'Carla', 'Crespo', 'Rubio', 'Elgar', '5', 'Guanajuato', '98098', 23, '92610902714', '2021-07-05', '4646125231', 'dbowcocka@vistaprint.com');
insert into tortillero (CURP, RFC, id_Taqueria, Nombre, A_Paterno, A_Materno, Calle, Numero, Estado, C_Postal, Edad, NSS, Antiguedad, Telefono, Email) values ('RYWN720146LWZZBU51', 'MDNM959604QBV', 100, 'Pablo', 'Sanz', 'Saez', 'Dovetail', '8267', 'Campeche', '45057', 54, '88289112532', '2018-07-08', '7136091635', 'dcrystalb@fc2.com');
insert into tortillero (CURP, RFC, id_Taqueria, Nombre, A_Paterno, A_Materno, Calle, Numero, Estado, C_Postal, Edad, NSS, Antiguedad, Telefono, Email) values ('NNGX209936EZDSWX16', 'OEXE765293D65', 59, 'Alejandra', 'Moya', 'Cano', 'Armistice', '41', 'Guerrero', '66838', 48, '48564272080', '2020-11-27', '5003448659', 'hpenimanc@virginia.edu');
insert into tortillero (CURP, RFC, id_Taqueria, Nombre, A_Paterno, A_Materno, Calle, Numero, Estado, C_Postal, Edad, NSS, Antiguedad, Telefono, Email) values ('SKGH794112PPBFUYJ5', 'QQWH6681357MV', 11, 'Borja', 'Moya', 'Nieto', 'Southridge', '83', 'Tlaxcala', '08213', 34, '20221779066', '2019-03-05', '7116852983', 'dcanterad@tripod.com');
insert into tortillero (CURP, RFC, id_Taqueria, Nombre, A_Paterno, A_Materno, Calle, Numero, Estado, C_Postal, Edad, NSS, Antiguedad, Telefono, Email) values ('ERNU522652SAQBVJZ6', 'SHKR312672789', 35, 'Nerea', 'Vargas', 'Torres', 'West', '6', 'Puebla', '75220', 51, '68269231569', '2021-06-16', '8364763654', 'apartridgee@thetimes.co.uk');
insert into tortillero (CURP, RFC, id_Taqueria, Nombre, A_Paterno, A_Materno, Calle, Numero, Estado, C_Postal, Edad, NSS, Antiguedad, Telefono, Email) values ('HUVD691437YLHIGE68', 'XZCD721371QP3', 37, 'Beatriz', 'Campos', 'Iglesias', 'Melrose', '6', 'Campeche', '39754', 62, '40505218691', '2019-12-31', '5673900808', 'rangellf@unesco.org');
insert into tortillero (CURP, RFC, id_Taqueria, Nombre, A_Paterno, A_Materno, Calle, Numero, Estado, C_Postal, Edad, NSS, Antiguedad, Telefono, Email) values ('KIRA931142YEPNUU49', 'EVUM69666094M', 64, 'Lucia', 'Diaz', 'Soto', 'Hovde', '5', 'Distrito Federal', '51560', 45, '03631925444', '2021-08-03', '4372312855', 'pbusseg@smh.com.au');
insert into tortillero (CURP, RFC, id_Taqueria, Nombre, A_Paterno, A_Materno, Calle, Numero, Estado, C_Postal, Edad, NSS, Antiguedad, Telefono, Email) values ('CUSX874183BSFRJYX8', 'XXUO7936007R9', 21, 'Blanca', 'Romero', 'Iglesias', 'Ridge Oak', '4735', 'San Luis Potosí', '25452', 35, '97202137360', '2018-09-02', '7389252662', 'alockheadh@google.ca');
insert into tortillero (CURP, RFC, id_Taqueria, Nombre, A_Paterno, A_Materno, Calle, Numero, Estado, C_Postal, Edad, NSS, Antiguedad, Telefono, Email) values ('TSOP404926TOOXOWJ1', 'BIVB436939E0J', 50, 'Isabel', 'Gomez', 'Gallego', 'Fair Oaks', '20444', 'Colima', '60082', 52, '83570990830', '2018-06-02', '7685588268', 'bmacfadyeni@usa.gov');
insert into tortillero (CURP, RFC, id_Taqueria, Nombre, A_Paterno, A_Materno, Calle, Numero, Estado, C_Postal, Edad, NSS, Antiguedad, Telefono, Email) values ('AKHL013105YERTLJJ2', 'WXSJ87150021K', 25, 'Angela', 'Rivera', 'Soler', 'Esch', '7', 'México', '90764', 33, '44474222574', '2020-11-14', '2856818911', 'rmaidstonej@example.com');
insert into tortillero (CURP, RFC, id_Taqueria, Nombre, A_Paterno, A_Materno, Calle, Numero, Estado, C_Postal, Edad, NSS, Antiguedad, Telefono, Email) values ('QZCD574927WMCCQCE1', 'PCUV851256PGW', 6, 'Mercedes', 'Ruiz', 'Lozano', 'Memorial', '757', 'San Luis Potosí', '00307', 35, '99563712271', '2018-06-21', '7659461211', 'ymurriek@miitbeian.gov.cn');
insert into tortillero (CURP, RFC, id_Taqueria, Nombre, A_Paterno, A_Materno, Calle, Numero, Estado, C_Postal, Edad, NSS, Antiguedad, Telefono, Email) values ('EEAV905502CFEOKIX8', 'DPKB48285865Q', 2, 'Silvia', 'Marin', 'Caballero', 'Main', '67667', 'Campeche', '08995', 47, '68427124434', '2018-06-17', '8256897992', 'kclingoel@google.com');
insert into tortillero (CURP, RFC, id_Taqueria, Nombre, A_Paterno, A_Materno, Calle, Numero, Estado, C_Postal, Edad, NSS, Antiguedad, Telefono, Email) values ('LLZR117956ZPQDTBN9', 'SHMB481683AYY', 37, 'Rosa', 'Hidalgo', 'Fernandez', 'Eliot', '8570', 'Puebla', '76677', 44, '23664326564', '2018-10-31', '1117138388', 'fpaternosterm@purevolume.com');
insert into tortillero (CURP, RFC, id_Taqueria, Nombre, A_Paterno, A_Materno, Calle, Numero, Estado, C_Postal, Edad, NSS, Antiguedad, Telefono, Email) values ('WKOO846978VPYHKHB8', 'OWSF78797516O', 34, 'Esteban', 'Cortes', 'Soto', 'Morrow', '985', 'Coahuila', '32915', 47, '30488515756', '2020-06-25', '2825206251', 'ldonin@t-online.de');
insert into tortillero (CURP, RFC, id_Taqueria, Nombre, A_Paterno, A_Materno, Calle, Numero, Estado, C_Postal, Edad, NSS, Antiguedad, Telefono, Email) values ('PMHC324909CODPEO53', 'ZNXP531667LZH', 57, 'Arturo', 'Herrera', 'Vidal', 'Lawn', '7444', 'Morelos', '90404', 26, '40180269444', '2019-06-19', '5191353282', 'farboro@ifeng.com');
insert into tortillero (CURP, RFC, id_Taqueria, Nombre, A_Paterno, A_Materno, Calle, Numero, Estado, C_Postal, Edad, NSS, Antiguedad, Telefono, Email) values ('XBUP667098EOYJZRD9', 'TLQQ770191MMQ', 32, 'Santiago', 'Vargas', 'Uriostegui', '3rd', '2', 'Michoacán', '79789', 40, '86157704119', '2021-07-11', '3151258904', 'kdmychp@yelp.com');
insert into tortillero (CURP, RFC, id_Taqueria, Nombre, A_Paterno, A_Materno, Calle, Numero, Estado, C_Postal, Edad, NSS, Antiguedad, Telefono, Email) values ('UYZR288772VXHPWTK1', 'DVSY414653NN3', 50, 'Ines', 'Hidalgo', 'Perez', 'Comanche', '6054', 'Yucatán', '24883', 37, '64083415892', '2019-10-17', '4646022680', 'bmanlowq@yandex.ru');
insert into tortillero (CURP, RFC, id_Taqueria, Nombre, A_Paterno, A_Materno, Calle, Numero, Estado, C_Postal, Edad, NSS, Antiguedad, Telefono, Email) values ('LRUA256979VCGIGNT9', 'GIST9145531S1', 67, 'Josep', 'Diaz', 'Ortiz', 'Mallory', '25', 'Sonora', '13777', 58, '31847192543', '2021-10-23', '7115303581', 'lstockmanr@wix.com');
insert into tortillero (CURP, RFC, id_Taqueria, Nombre, A_Paterno, A_Materno, Calle, Numero, Estado, C_Postal, Edad, NSS, Antiguedad, Telefono, Email) values ('RQEF850911GYBKBNN7', 'TGAQ319231BHU', 13, 'Alfredo', 'Ruiz', 'Diaz', 'Haas', '9', 'Veracruz', '30638', 48, '48071249970', '2020-10-10', '2467148987', 'rdewickes@networkadvertising.org');
insert into tortillero (CURP, RFC, id_Taqueria, Nombre, A_Paterno, A_Materno, Calle, Numero, Estado, C_Postal, Edad, NSS, Antiguedad, Telefono, Email) values ('MUUH564017NYJDIUG0', 'CWJB111252HQS', 81, 'Aitor', 'Uriostegui', 'Olivera', 'Washington', '19', 'Michoacán', '44437', 70, '23987678229', '2019-08-18', '6551210539', 'tevenst@nytimes.com');
insert into tortillero (CURP, RFC, id_Taqueria, Nombre, A_Paterno, A_Materno, Calle, Numero, Estado, C_Postal, Edad, NSS, Antiguedad, Telefono, Email) values ('EMSF323059UOLSAAL6', 'VCKQ32599003U', 94, 'Ramon', 'Benitez', 'Castro', 'Reinke', '9407', 'Durango', '54033', 31, '99751867167', '2018-09-03', '1168174645', 'sbollamu@guardian.co.uk');
insert into tortillero (CURP, RFC, id_Taqueria, Nombre, A_Paterno, A_Materno, Calle, Numero, Estado, C_Postal, Edad, NSS, Antiguedad, Telefono, Email) values ('CXGI973736OFQWIYV5', 'WUJI253702SZ3', 85, 'Eva', 'Guerrero', 'Saez', 'Acker', '9700', 'Baja California', '29803', 47, '54599879034', '2019-04-02', '4046448633', 'esouthgatev@unblog.fr');
insert into tortillero (CURP, RFC, id_Taqueria, Nombre, A_Paterno, A_Materno, Calle, Numero, Estado, C_Postal, Edad, NSS, Antiguedad, Telefono, Email) values ('BTEP199500DIKXSX30', 'RZBS1242789DT', 71, 'Jesus', 'Gonzalez', 'Liera', 'Merry', '982', 'Morelos', '71766', 52, '64831619102', '2019-09-26', '5279604116', 'dbiddissw@alexa.com');
insert into tortillero (CURP, RFC, id_Taqueria, Nombre, A_Paterno, A_Materno, Calle, Numero, Estado, C_Postal, Edad, NSS, Antiguedad, Telefono, Email) values ('HDTR608021CARMAUG6', 'JIXL839788IWO', 93, 'Sonia', 'Caballero', 'Ortega', 'Mcguire', '073', 'Tabasco', '85645', 42, '62335501191', '2021-02-25', '1188087534', 'cmanlowx@go.com');
insert into tortillero (CURP, RFC, id_Taqueria, Nombre, A_Paterno, A_Materno, Calle, Numero, Estado, C_Postal, Edad, NSS, Antiguedad, Telefono, Email) values ('VPSE027529KZKNEDB2', 'IGVC409478E7K', 4, 'Gema', 'Pascual', 'Ortiz', 'American', '215', 'Ciudad de México', '84374', 65, '94459538991', '2021-12-24', '4285972077', 'glachaizey@kickstarter.com');
insert into tortillero (CURP, RFC, id_Taqueria, Nombre, A_Paterno, A_Materno, Calle, Numero, Estado, C_Postal, Edad, NSS, Antiguedad, Telefono, Email) values ('TSZW992782AUSQGX84', 'XQTI9258545C5', 27, 'Enrique', 'Gutierrez', 'Olivera', 'Weeping Birch', '1', 'Tamaulipas', '52831', 59, '73004989982', '2019-06-02', '2514036408', 'dsalvidgez@networkadvertising.org');
insert into tortillero (CURP, RFC, id_Taqueria, Nombre, A_Paterno, A_Materno, Calle, Numero, Estado, C_Postal, Edad, NSS, Antiguedad, Telefono, Email) values ('ZGFA376044QXHYSXY3', 'EIJA50498515X', 1, 'Natalia', 'Ruiz', 'Ramos', 'Lake View', '90364', 'Aguascalientes', '28685', 56, '08496578601', '2020-07-11', '8238870868', 'ksinden10@mlb.com');
insert into tortillero (CURP, RFC, id_Taqueria, Nombre, A_Paterno, A_Materno, Calle, Numero, Estado, C_Postal, Edad, NSS, Antiguedad, Telefono, Email) values ('RSYJ339354UAILFK24', 'WRWF0047377AP', 8, 'Nerea', 'Rubio', 'Ortega', 'Barby', '9', 'San Luis Potosí', '62176', 55, '15428979279', '2019-07-14', '9855288128', 'nmakiver11@mysql.com');
insert into tortillero (CURP, RFC, id_Taqueria, Nombre, A_Paterno, A_Materno, Calle, Numero, Estado, C_Postal, Edad, NSS, Antiguedad, Telefono, Email) values ('BISM234425XWTTCJC2', 'JQXF584872JI1', 94, 'Gonzalo', 'Crespo', 'Garcia', 'Boyd', '78', 'Zacatecas', '65034', 26, '96602201548', '2021-08-28', '8768301198', 'hsalzberg12@baidu.com');
insert into tortillero (CURP, RFC, id_Taqueria, Nombre, A_Paterno, A_Materno, Calle, Numero, Estado, C_Postal, Edad, NSS, Antiguedad, Telefono, Email) values ('YKND285746UEISRLS4', 'EZYY492216C73', 59, 'Alba', 'Martinez', 'Cano', 'Northfield', '8', 'México', '70477', 69, '07073657930', '2022-01-22', '1454317787', 'ggreenley13@vk.com');
insert into tortillero (CURP, RFC, id_Taqueria, Nombre, A_Paterno, A_Materno, Calle, Numero, Estado, C_Postal, Edad, NSS, Antiguedad, Telefono, Email) values ('HWUF805286RBBNYRH1', 'EICM504249D0E', 1, 'Ana', 'Uriostegui', 'Uriostegui', 'Bonner', '532', 'Jalisco', '62278', 22, '89052405740', '2021-12-06', '2532554556', 'sbalassi14@wordpress.org');
insert into tortillero (CURP, RFC, id_Taqueria, Nombre, A_Paterno, A_Materno, Calle, Numero, Estado, C_Postal, Edad, NSS, Antiguedad, Telefono, Email) values ('QMBC264533JTZVEGG2', 'UUKR672844SRL', 52, 'Nuria', 'Gil', 'Lopez', 'Florence', '3137', 'Hidalgo', '25643', 31, '52805651033', '2020-01-03', '1834795963', 'jfollitt15@indiatimes.com');
insert into tortillero (CURP, RFC, id_Taqueria, Nombre, A_Paterno, A_Materno, Calle, Numero, Estado, C_Postal, Edad, NSS, Antiguedad, Telefono, Email) values ('NYON230071OEONTM31', 'TBPK134911L6B', 85, 'Marta', 'Aguilar', 'Rojas', 'Garrison', '94', 'Quintana Roo', '88983', 63, '90980562173', '2020-12-21', '5845773531', 'dilyushkin16@bloglovin.com');
insert into tortillero (CURP, RFC, id_Taqueria, Nombre, A_Paterno, A_Materno, Calle, Numero, Estado, C_Postal, Edad, NSS, Antiguedad, Telefono, Email) values ('BJCA643138WKTFGR27', 'MYMI368485Y9I', 72, 'Adriana', 'Flores', 'Lorenzo', 'Knutson', '0750', 'estados', '42863', 39, '60639342262', '2019-05-12', '3613773858', 'cmeric17@usatoday.com');
insert into tortillero (CURP, RFC, id_Taqueria, Nombre, A_Paterno, A_Materno, Calle, Numero, Estado, C_Postal, Edad, NSS, Antiguedad, Telefono, Email) values ('TJZB114840ECBPOHR4', 'SCDD975847C4D', 57, 'Pau', 'Arias', 'Fernandez', 'Stoughton', '722', 'Tabasco', '39710', 68, '73890450045', '2021-11-02', '5967561250', 'aheisman18@mit.edu');
insert into tortillero (CURP, RFC, id_Taqueria, Nombre, A_Paterno, A_Materno, Calle, Numero, Estado, C_Postal, Edad, NSS, Antiguedad, Telefono, Email) values ('KBMA343397KQZWBJ03', 'CGMF584122X99', 88, 'Jonathan', 'Jimenez', 'Soto', 'Waywood', '3508', 'Tabasco', '03920', 49, '74237857204', '2019-03-24', '2213530785', 'blefevre19@thetimes.co.uk');
insert into tortillero (CURP, RFC, id_Taqueria, Nombre, A_Paterno, A_Materno, Calle, Numero, Estado, C_Postal, Edad, NSS, Antiguedad, Telefono, Email) values ('KQIT857813TTFTHYF2', 'ETVH931740SFT', 84, 'Victoria', 'Alvarez', 'Vidal', 'Mayfield', '4813', 'Chiapas', '63024', 58, '82859571606', '2021-12-30', '1109058340', 'bhoworth1a@ucsd.edu');
insert into tortillero (CURP, RFC, id_Taqueria, Nombre, A_Paterno, A_Materno, Calle, Numero, Estado, C_Postal, Edad, NSS, Antiguedad, Telefono, Email) values ('XULH470319GLFHDUR3', 'VFIE946262UCM', 35, 'Magdalena', 'Vargas', 'Lopez', 'Prairie Rose', '60449', 'Yucatán', '01217', 29, '20966041601', '2021-06-30', '3809511323', 'mtudball1b@cbc.ca');
insert into tortillero (CURP, RFC, id_Taqueria, Nombre, A_Paterno, A_Materno, Calle, Numero, Estado, C_Postal, Edad, NSS, Antiguedad, Telefono, Email) values ('KZGD224122VFANBLR0', 'XOBI4096018IV', 9, 'Martina', 'Alonso', 'Olivera', '7th', '8321', 'Chiapas', '69273', 36, '67366309715', '2021-06-27', '8036082952', 'mdavidsson1c@netscape.com');
insert into tortillero (CURP, RFC, id_Taqueria, Nombre, A_Paterno, A_Materno, Calle, Numero, Estado, C_Postal, Edad, NSS, Antiguedad, Telefono, Email) values ('NVOB387458QRYYIAW8', 'OTGJ9433895CC', 69, 'Paula', 'Crespo', 'Santiago', 'Kings', '9049', 'Baja California', '02901', 39, '76788208175', '2020-07-14', '2439386657', 'msuarez1d@shop-pro.jp');
insert into tortillero (CURP, RFC, id_Taqueria, Nombre, A_Paterno, A_Materno, Calle, Numero, Estado, C_Postal, Edad, NSS, Antiguedad, Telefono, Email) values ('DOUY660965SNVLCWK6', 'IYZO798217EJU', 100, 'Carla', 'Flores', 'Sanz', 'Gale', '0403', 'Jalisco', '91384', 29, '65059368063', '2020-08-26', '7729920908', 'tshank1e@tmall.com');
insert into tortillero (CURP, RFC, id_Taqueria, Nombre, A_Paterno, A_Materno, Calle, Numero, Estado, C_Postal, Edad, NSS, Antiguedad, Telefono, Email) values ('WWCC420773VTRUTVT5', 'BRKX526198PDX', 25, 'Mohamed', 'Prieto', 'Hernandez', 'Tennyson', '133', 'Nayarit', '77680', 25, '46538962267', '2021-08-19', '9192114632', 'dpudsall1f@ning.com');
insert into tortillero (CURP, RFC, id_Taqueria, Nombre, A_Paterno, A_Materno, Calle, Numero, Estado, C_Postal, Edad, NSS, Antiguedad, Telefono, Email) values ('GLEI286256AOMCZMZ5', 'JENG827590CTE', 26, 'Angela', 'Vazquez', 'Gallardo', 'Menomonie', '87616', 'Tamaulipas', '99057', 23, '46351546276', '2022-02-25', '5143259823', 'mmacdowall1g@twitter.com');
insert into tortillero (CURP, RFC, id_Taqueria, Nombre, A_Paterno, A_Materno, Calle, Numero, Estado, C_Postal, Edad, NSS, Antiguedad, Telefono, Email) values ('WEZE931225MRVEGCS6', 'FCPR849278BJI', 9, 'Belen', 'Garcia', 'Ruiz', 'Graedel', '6909', 'Aguascalientes', '98232', 46, '78908454583', '2020-11-23', '5956361773', 'babramowsky1h@shareasale.com');
insert into tortillero (CURP, RFC, id_Taqueria, Nombre, A_Paterno, A_Materno, Calle, Numero, Estado, C_Postal, Edad, NSS, Antiguedad, Telefono, Email) values ('RPPP440265VDPGCT12', 'DGTN58353269E', 35, 'Sonia', 'Ruiz', 'Parra', 'Onsgard', '907', 'Baja California Sur', '13741', 62, '66460066680', '2021-01-09', '1935587938', 'dguthrum1i@jigsy.com');
insert into tortillero (CURP, RFC, id_Taqueria, Nombre, A_Paterno, A_Materno, Calle, Numero, Estado, C_Postal, Edad, NSS, Antiguedad, Telefono, Email) values ('KHXF376463ANCYKKE5', 'GIAZ499476M7P', 14, 'Mario', 'Aguilar', 'Gil', 'Briar Crest', '5', 'Yucatán', '70098', 55, '75579076876', '2021-06-09', '3977706919', 'cscholig1j@ehow.com');
insert into tortillero (CURP, RFC, id_Taqueria, Nombre, A_Paterno, A_Materno, Calle, Numero, Estado, C_Postal, Edad, NSS, Antiguedad, Telefono, Email) values ('GIUR359878OHUSDKX7', 'VIHJ417224XFV', 31, 'Nicolas', 'Martinez', 'Gonzalez', 'Acker', '70895', 'Ciudad de México', '05669', 35, '91263115432', '2022-04-30', '7548422448', 'amcateer1k@com.com');
insert into tortillero (CURP, RFC, id_Taqueria, Nombre, A_Paterno, A_Materno, Calle, Numero, Estado, C_Postal, Edad, NSS, Antiguedad, Telefono, Email) values ('EIZL812088NJXZRNW9', 'MOOC63972448M', 91, 'Francisca', 'Pastor', 'Reyes', 'Lighthouse Bay', '3', 'Jalisco', '04286', 38, '45059744160', '2019-03-15', '9401718427', 'fbene1l@ca.gov');
insert into tortillero (CURP, RFC, id_Taqueria, Nombre, A_Paterno, A_Materno, Calle, Numero, Estado, C_Postal, Edad, NSS, Antiguedad, Telefono, Email) values ('THST654954RLBVEFN0', 'APEL555470T2Q', 16, 'Mar', 'Rojas', 'Delgado', 'Fairfield', '1726', 'Nuevo León', '96111', 65, '79325500583', '2020-08-24', '5697421731', 'ofernier1m@globo.com');
insert into tortillero (CURP, RFC, id_Taqueria, Nombre, A_Paterno, A_Materno, Calle, Numero, Estado, C_Postal, Edad, NSS, Antiguedad, Telefono, Email) values ('BIAJ554987SHSKJW53', 'XJHV247356IA3', 44, 'Oscar', 'Carrasco', 'Alvarez', 'Comanche', '995', 'Nayarit', '68689', 45, '77006202506', '2021-02-12', '7442911764', 'csaby1n@ifeng.com');
insert into tortillero (CURP, RFC, id_Taqueria, Nombre, A_Paterno, A_Materno, Calle, Numero, Estado, C_Postal, Edad, NSS, Antiguedad, Telefono, Email) values ('GIEE022555MHKPBM07', 'LLNL323349M87', 23, 'Esperanza', 'Prieto', 'Roman', 'Comanche', '20', 'Guanajuato', '95593', 19, '11548474947', '2020-02-19', '6153839419', 'sabrahams1o@hp.com');
insert into tortillero (CURP, RFC, id_Taqueria, Nombre, A_Paterno, A_Materno, Calle, Numero, Estado, C_Postal, Edad, NSS, Antiguedad, Telefono, Email) values ('ESWN546908AMNPQZS8', 'UNSZ456231AAU', 59, 'Alexandra', 'Cortes', 'Diez', 'Evergreen', '37', 'Distrito Federal', '32225', 32, '46641568848', '2018-09-13', '4051749822', 'hjeff1p@un.org');
insert into tortillero (CURP, RFC, id_Taqueria, Nombre, A_Paterno, A_Materno, Calle, Numero, Estado, C_Postal, Edad, NSS, Antiguedad, Telefono, Email) values ('NXMH128574OYDYGIV8', 'MUWM156865C1D', 76, 'Albert', 'Liera', 'Castro', 'Upham', '64', 'Chiapas', '16978', 60, '97207356381', '2019-12-13', '8783442677', 'ehowchin1q@netscape.com');
insert into tortillero (CURP, RFC, id_Taqueria, Nombre, A_Paterno, A_Materno, Calle, Numero, Estado, C_Postal, Edad, NSS, Antiguedad, Telefono, Email) values ('VKTX605430KVSAIS64', 'FATX902432ER6', 22, 'Jesus', 'Rubio', 'Molina', 'Katie', '77209', 'Zacatecas', '03937', 45, '68123852527', '2019-05-21', '6107008799', 'vnancekivell1r@gov.uk');
insert into tortillero (CURP, RFC, id_Taqueria, Nombre, A_Paterno, A_Materno, Calle, Numero, Estado, C_Postal, Edad, NSS, Antiguedad, Telefono, Email) values ('ZDSD137195DRRAICM3', 'ICAA036823TEH', 86, 'Esperanza', 'Uriostegui', 'Fuentes', 'Birchwood', '6', 'Chihuahua', '45742', 66, '72581318371', '2021-05-05', '1333945313', 'smander1s@msn.com');
insert into tortillero (CURP, RFC, id_Taqueria, Nombre, A_Paterno, A_Materno, Calle, Numero, Estado, C_Postal, Edad, NSS, Antiguedad, Telefono, Email) values ('XNVJ809500ORLQUUI5', 'GXFU732405C00', 71, 'Manuel', 'Ruiz', 'Navarro', 'Meadow Vale', '01771', 'Yucatán', '88945', 40, '18847689518', '2018-10-13', '9127462056', 'ybrandon1t@biblegateway.com');
insert into tortillero (CURP, RFC, id_Taqueria, Nombre, A_Paterno, A_Materno, Calle, Numero, Estado, C_Postal, Edad, NSS, Antiguedad, Telefono, Email) values ('SVDJ394572QDQRCBL3', 'ZXFG732915DWM', 28, 'Inmaculada', 'Cano', 'Ortega', 'Bartillon', '615', 'Sonora', '08855', 49, '51834465546', '2021-08-23', '8885580769', 'wsheran1u@prlog.org');
insert into tortillero (CURP, RFC, id_Taqueria, Nombre, A_Paterno, A_Materno, Calle, Numero, Estado, C_Postal, Edad, NSS, Antiguedad, Telefono, Email) values ('ICQW261596GSWLUTX4', 'BSUO589855DCD', 85, 'Eva', 'Serrano', 'Serrano', 'Manitowish', '7804', 'Tlaxcala', '37937', 31, '95302553607', '2018-12-05', '1842208064', 'cfliege1v@sitemeter.com');
insert into tortillero (CURP, RFC, id_Taqueria, Nombre, A_Paterno, A_Materno, Calle, Numero, Estado, C_Postal, Edad, NSS, Antiguedad, Telefono, Email) values ('XTKM768630LDRICWO7', 'TEYI113413UYD', 9, 'Rosario', 'Garrido', 'Ramirez', 'Sullivan', '7', 'Nayarit', '83826', 21, '46663897646', '2021-01-01', '7172712346', 'kfarrimond1w@cloudflare.com');
insert into tortillero (CURP, RFC, id_Taqueria, Nombre, A_Paterno, A_Materno, Calle, Numero, Estado, C_Postal, Edad, NSS, Antiguedad, Telefono, Email) values ('JRBT193159QZOSXE69', 'FSEO3709588E0', 62, 'Silvia', 'Lorenzo', 'Santana', 'Anderson', '43988', 'Ciudad de México', '97205', 61, '45199886110', '2021-01-10', '1235363069', 'jjaan1x@ucsd.edu');
insert into tortillero (CURP, RFC, id_Taqueria, Nombre, A_Paterno, A_Materno, Calle, Numero, Estado, C_Postal, Edad, NSS, Antiguedad, Telefono, Email) values ('YALK673965CZINBXH7', 'KLZT395843OFI', 75, 'Sandra', 'Romero', 'Fernandez', 'Aberg', '509', 'Querétaro', '29688', 65, '38966450383', '2022-02-02', '5838063955', 'kwattinham1y@imdb.com');
insert into tortillero (CURP, RFC, id_Taqueria, Nombre, A_Paterno, A_Materno, Calle, Numero, Estado, C_Postal, Edad, NSS, Antiguedad, Telefono, Email) values ('GUFE443479EVOIVDO6', 'VOJX6878608GV', 14, 'Carlos', 'Martinez', 'Nieto', 'Hovde', '3', 'Morelos', '20938', 18, '91413956824', '2021-05-19', '4753331186', 'laspin1z@washingtonpost.com');
insert into tortillero (CURP, RFC, id_Taqueria, Nombre, A_Paterno, A_Materno, Calle, Numero, Estado, C_Postal, Edad, NSS, Antiguedad, Telefono, Email) values ('IDIR883818ZNGWEV76', 'EYXT547926SH2', 85, 'Anna', 'Nieto', 'Suarez', 'Arizona', '51010', 'Tabasco', '44148', 23, '37339445389', '2021-10-22', '4979606193', 'wharms20@ovh.net');
insert into tortillero (CURP, RFC, id_Taqueria, Nombre, A_Paterno, A_Materno, Calle, Numero, Estado, C_Postal, Edad, NSS, Antiguedad, Telefono, Email) values ('DEHP116988MRXEUP48', 'VQYK6715710QX', 29, 'Pablo', 'Marquez', 'Moya', 'Reindahl', '14206', 'Durango', '93112', 29, '91102280623', '2020-09-17', '6042492987', 'irolfs21@yellowpages.com');
insert into tortillero (CURP, RFC, id_Taqueria, Nombre, A_Paterno, A_Materno, Calle, Numero, Estado, C_Postal, Edad, NSS, Antiguedad, Telefono, Email) values ('DWHY337308UHTWWFC2', 'GNYX129014H1G', 22, 'Mar', 'Castro', 'Delgado', 'Kingsford', '3', 'Nuevo León', '23042', 56, '39451409118', '2018-08-11', '6473809051', 'jlivesay22@gizmodo.com');
insert into tortillero (CURP, RFC, id_Taqueria, Nombre, A_Paterno, A_Materno, Calle, Numero, Estado, C_Postal, Edad, NSS, Antiguedad, Telefono, Email) values ('IKNQ420282TBZFCHR7', 'JYTG898710AZQ', 71, 'Vanesa', 'Prieto', 'Iglesias', 'Brentwood', '4', 'Tabasco', '58853', 52, '05617968216', '2019-02-14', '2191759713', 'alanegran23@unc.edu');
insert into tortillero (CURP, RFC, id_Taqueria, Nombre, A_Paterno, A_Materno, Calle, Numero, Estado, C_Postal, Edad, NSS, Antiguedad, Telefono, Email) values ('GZTO720958YNAVWJ53', 'AIWR766221BWG', 65, 'Alejandro', 'Montero', 'Bravo', 'Fair Oaks', '96', 'Baja California Sur', '92831', 45, '45643949998', '2018-10-03', '2146120645', 'cneilson24@deviantart.com');
insert into tortillero (CURP, RFC, id_Taqueria, Nombre, A_Paterno, A_Materno, Calle, Numero, Estado, C_Postal, Edad, NSS, Antiguedad, Telefono, Email) values ('QZOX812131TMLOLG62', 'TTIE1293152OK', 30, 'Sara', 'Vazquez', 'Vicente', 'Golf', '99', 'Guerrero', '75451', 32, '98892220403', '2020-05-11', '5098570217', 'geckh25@google.cn');
insert into tortillero (CURP, RFC, id_Taqueria, Nombre, A_Paterno, A_Materno, Calle, Numero, Estado, C_Postal, Edad, NSS, Antiguedad, Telefono, Email) values ('LVPF520067OXHKFX96', 'UGIH4529778RK', 89, 'Agustin', 'Iglesias', 'Diez', 'Hoard', '92417', 'Quintana Roo', '59974', 42, '09532250363', '2020-06-07', '9175813516', 'spetasch26@usgs.gov');
insert into tortillero (CURP, RFC, id_Taqueria, Nombre, A_Paterno, A_Materno, Calle, Numero, Estado, C_Postal, Edad, NSS, Antiguedad, Telefono, Email) values ('PVCJ670753UHCRQAR5', 'PASR700145ML1', 20, 'Diana', 'Roman', 'Uriostegui', 'Buhler', '31', 'Oaxaca', '03960', 52, '19391627887', '2019-06-28', '5475830977', 'coswal27@sfgate.com');
insert into tortillero (CURP, RFC, id_Taqueria, Nombre, A_Paterno, A_Materno, Calle, Numero, Estado, C_Postal, Edad, NSS, Antiguedad, Telefono, Email) values ('GJNC038964RGFULVA6', 'RVCR0031869Y3', 19, 'Juana', 'Moreno', 'Marin', 'Eagle Crest', '3233', 'Oaxaca', '68397', 45, '50298478361', '2021-10-23', '3149937877', 'mbeer28@tuttocitta.it');
insert into tortillero (CURP, RFC, id_Taqueria, Nombre, A_Paterno, A_Materno, Calle, Numero, Estado, C_Postal, Edad, NSS, Antiguedad, Telefono, Email) values ('CDQQ677772EQDPBWB6', 'FRVY0093455GK', 64, 'Cristobal', 'Medina', 'Castro', 'Clemons', '14592', 'Quintana Roo', '16681', 42, '62350128315', '2019-04-21', '4699096816', 'dmccombe29@noaa.gov');
insert into tortillero (CURP, RFC, id_Taqueria, Nombre, A_Paterno, A_Materno, Calle, Numero, Estado, C_Postal, Edad, NSS, Antiguedad, Telefono, Email) values ('CKXZ792226SIVQUNQ6', 'TIHR135415JBC', 76, 'Emilio', 'Ramos', 'Ortega', 'Nobel', '39095', 'Baja California Sur', '19006', 42, '04616783388', '2022-04-21', '9427018733', 'rphilipet2a@apache.org');
insert into tortillero (CURP, RFC, id_Taqueria, Nombre, A_Paterno, A_Materno, Calle, Numero, Estado, C_Postal, Edad, NSS, Antiguedad, Telefono, Email) values ('FFOH343180MHXDKJ23', 'ZKEG122404EMZ', 14, 'Ana', 'Campos', 'Sanchez', 'Starling', '28', 'Morelos', '19658', 53, '21737140621', '2018-10-15', '8574164537', 'jmattea2b@economist.com');
insert into tortillero (CURP, RFC, id_Taqueria, Nombre, A_Paterno, A_Materno, Calle, Numero, Estado, C_Postal, Edad, NSS, Antiguedad, Telefono, Email) values ('ENAL135698CSITFKK1', 'ETUR1159807X9', 63, 'Carla', 'Arias', 'Hernandez', 'Armistice', '7909', 'Nayarit', '15059', 68, '13949042161', '2021-08-31', '5135259263', 'iheskin2c@webnode.com');
insert into tortillero (CURP, RFC, id_Taqueria, Nombre, A_Paterno, A_Materno, Calle, Numero, Estado, C_Postal, Edad, NSS, Antiguedad, Telefono, Email) values ('OGXC848685KJEBOH91', 'DLSR874464VNL', 81, 'Montserrat', 'Herrero', 'Fernandez', 'Harper', '7', 'Zacatecas', '51945', 39, '14708875032', '2019-08-31', '9367838541', 'cwestmarland2d@instagram.com');
insert into tortillero (CURP, RFC, id_Taqueria, Nombre, A_Paterno, A_Materno, Calle, Numero, Estado, C_Postal, Edad, NSS, Antiguedad, Telefono, Email) values ('PEDQ337884DYDXLCL0', 'NIXF474120OFV', 90, 'Pau', 'Santana', 'Rojas', 'Waubesa', '878', 'Baja California', '68758', 70, '80892580010', '2019-07-05', '4929857077', 'sesparza2e@umich.edu');
insert into tortillero (CURP, RFC, id_Taqueria, Nombre, A_Paterno, A_Materno, Calle, Numero, Estado, C_Postal, Edad, NSS, Antiguedad, Telefono, Email) values ('LABZ109536YGWPYZN4', 'FCTX2051774YC', 1, 'Aaron', 'Morales', 'Hernandez', 'Farmco', '91', 'Chihuahua', '78024', 38, '20716276288', '2022-05-05', '4504950525', 'mhuey2f@guardian.co.uk');
insert into tortillero (CURP, RFC, id_Taqueria, Nombre, A_Paterno, A_Materno, Calle, Numero, Estado, C_Postal, Edad, NSS, Antiguedad, Telefono, Email) values ('SNVU473010LKNKOYA6', 'YYNO493050BNX', 28, 'Catalina', 'Gonzalez', 'Vega', 'Bartelt', '117', 'Durango', '95243', 38, '96584412571', '2022-02-24', '2884185209', 'rnyssen2g@jugem.jp');
insert into tortillero (CURP, RFC, id_Taqueria, Nombre, A_Paterno, A_Materno, Calle, Numero, Estado, C_Postal, Edad, NSS, Antiguedad, Telefono, Email) values ('TIVC435973EOXVSXD7', 'SVQX016625LB6', 96, 'Catalina', 'Montez', 'Santiago', 'Badeau', '7', 'Zacatecas', '31223', 38, '99877417966', '2019-04-11', '4526371889', 'pgronou2h@instagram.com');
insert into tortillero (CURP, RFC, id_Taqueria, Nombre, A_Paterno, A_Materno, Calle, Numero, Estado, C_Postal, Edad, NSS, Antiguedad, Telefono, Email) values ('GVEF058245UPQASTI7', 'EINK1556497YV', 5, 'Alfredo', 'Delgado', 'Martin', 'Barnett', '969', 'Veracruz', '55886', 36, '23229725224', '2021-02-08', '2182163474', 'mrennie2i@wikipedia.org');
insert into tortillero (CURP, RFC, id_Taqueria, Nombre, A_Paterno, A_Materno, Calle, Numero, Estado, C_Postal, Edad, NSS, Antiguedad, Telefono, Email) values ('NBJL209299BCOCLOZ4', 'LEMB685777WOS', 63, 'Belen', 'Crespo', 'Garrido', 'Pierstorff', '9', 'Ciudad de México', '94657', 29, '59819740167', '2022-01-08', '4748720459', 'lhighman2j@wordpress.com');
insert into tortillero (CURP, RFC, id_Taqueria, Nombre, A_Paterno, A_Materno, Calle, Numero, Estado, C_Postal, Edad, NSS, Antiguedad, Telefono, Email) values ('TRLF574577DGAUCG37', 'AGNJ7115575RG', 13, 'Mohammed', 'Soto', 'Santos', 'Fairfield', '67018', 'Tlaxcala', '94158', 57, '68202807725', '2018-07-15', '4557803236', 'callsup2k@i2i.jp');
insert into tortillero (CURP, RFC, id_Taqueria, Nombre, A_Paterno, A_Materno, Calle, Numero, Estado, C_Postal, Edad, NSS, Antiguedad, Telefono, Email) values ('FPBP175685WCWYAA63', 'RAKA805746ZJ4', 75, 'Laura', 'Morales', 'Velasco', 'American Ash', '033', 'Querétaro', '90633', 34, '28937705328', '2019-04-30', '1186037687', 'acutbush2l@netscape.com');
insert into tortillero (CURP, RFC, id_Taqueria, Nombre, A_Paterno, A_Materno, Calle, Numero, Estado, C_Postal, Edad, NSS, Antiguedad, Telefono, Email) values ('SJXZ014756HYNLOXN9', 'EEJQ8131612H8', 75, 'Roberto', 'Rivera', 'Iglesias', 'Mendota', '8', 'estados', '66583', 18, '37577528510', '2021-01-09', '5191163773', 'bsummerrell2m@ucsd.edu');
insert into tortillero (CURP, RFC, id_Taqueria, Nombre, A_Paterno, A_Materno, Calle, Numero, Estado, C_Postal, Edad, NSS, Antiguedad, Telefono, Email) values ('VLCN506877TSZJIZT4', 'PDDI641157F2A', 61, 'Irene', 'Vazquez', 'Garrido', 'Gulseth', '82', 'Quintana Roo', '10231', 30, '50871732054', '2021-03-01', '5288174635', 'cbeisley2n@sohu.com');
insert into tortillero (CURP, RFC, id_Taqueria, Nombre, A_Paterno, A_Materno, Calle, Numero, Estado, C_Postal, Edad, NSS, Antiguedad, Telefono, Email) values ('LDGM239355UBQPERP9', 'LRCD237100V49', 84, 'Encarnacion', 'Carrasco', 'Romero', 'Dakota', '504', 'Querétaro', '39250', 66, '22650644097', '2018-08-26', '6086950816', 'xfilmer2o@ask.com');
insert into tortillero (CURP, RFC, id_Taqueria, Nombre, A_Paterno, A_Materno, Calle, Numero, Estado, C_Postal, Edad, NSS, Antiguedad, Telefono, Email) values ('LRFO611743XUWOABU7', 'JTDV259362XDG', 1, 'Amparo', 'Serrano', 'Fernandez', 'Eggendart', '9', 'Colima', '87396', 39, '21951281616', '2020-06-07', '5953181832', 'beteen2p@lycos.com');
insert into tortillero (CURP, RFC, id_Taqueria, Nombre, A_Paterno, A_Materno, Calle, Numero, Estado, C_Postal, Edad, NSS, Antiguedad, Telefono, Email) values ('BRNB580186PFJAOAR4', 'IYGQ9307057XG', 84, 'Sonia', 'Ferrer', 'Herrera', 'Westridge', '15', 'Michoacán', '29383', 45, '26616871826', '2018-07-31', '6086669963', 'abulloch2q@forbes.com');
insert into tortillero (CURP, RFC, id_Taqueria, Nombre, A_Paterno, A_Materno, Calle, Numero, Estado, C_Postal, Edad, NSS, Antiguedad, Telefono, Email) values ('PTWH730408UKNCCJ57', 'BWYP422113OSG', 96, 'Borja', 'Herrero', 'Rodriguez', 'Manley', '7511', 'Hidalgo', '76132', 20, '95090719043', '2020-09-08', '2254657151', 'ikincla2r@mail.ru');

-- REPARTIDOR

insert into repartidor (CURP, RFC, id_Taqueria, Nombre, A_Paterno, A_Materno, Calle, Numero, Estado, C_Postal, Edad, NSS, Antiguedad, Telefono, Email, tieneTransportePropio, marca, modelo, tipo) values ('INGJ803589BYXORHQ7', 'WZRO09047420Y', 89, 'Rafael', 'Lozano', 'Jimenez', 'Hovde', '2052', 'Nuevo León', '23399', 41, '98365835175', '2020-09-29', '6187937711', 'ngood0@addtoany.com', true, 'Pontiac', 'GTO', 'motociclete');
insert into repartidor (CURP, RFC, id_Taqueria, Nombre, A_Paterno, A_Materno, Calle, Numero, Estado, C_Postal, Edad, NSS, Antiguedad, Telefono, Email, tieneTransportePropio, marca, modelo, tipo) values ('QUPZ703116UXUPGNZ8', 'CNXG838799PA4', 36, 'Gabriel', 'Bravo', 'Cruz', 'Anhalt', '0070', 'Chiapas', '51646', 65, '75147702201', '2018-11-19', '8781452540', 'bprott1@zimbio.com', true, 'Mazda', 'Protege5', 'motociclete');
insert into repartidor (CURP, RFC, id_Taqueria, Nombre, A_Paterno, A_Materno, Calle, Numero, Estado, C_Postal, Edad, NSS, Antiguedad, Telefono, Email, tieneTransportePropio, marca, modelo, tipo) values ('WIPC663462LCGGMFJ7', 'YGCX8440952PU', 54, 'Aaron', 'Uriostegui', 'Hidalgo', 'Northport', '2016', 'Michoacán', '59984', 28, '53970070110', '2018-09-21', '6519057926', 'dkikke2@unc.edu', true, 'Hyundai', 'Sonata', 'bicicleta');
insert into repartidor (CURP, RFC, id_Taqueria, Nombre, A_Paterno, A_Materno, Calle, Numero, Estado, C_Postal, Edad, NSS, Antiguedad, Telefono, Email, tieneTransportePropio, marca, modelo, tipo) values ('GCHB211104GURPKR84', 'RAZK8945481RP', 4, 'Javier', 'Sanchez', 'Cabrera', 'Eggendart', '57', 'Campeche', '10628', 64, '04947885655', '2020-11-03', '6638415864', 'mtremaine3@miibeian.gov.cn', false, 'Hyundai', 'Entourage', 'motociclete');
insert into repartidor (CURP, RFC, id_Taqueria, Nombre, A_Paterno, A_Materno, Calle, Numero, Estado, C_Postal, Edad, NSS, Antiguedad, Telefono, Email, tieneTransportePropio, marca, modelo, tipo) values ('YQTM617521PCIHUV23', 'LPJP308425ZFF', 8, 'Claudia', 'Marquez', 'Ruiz', 'Westerfield', '8', 'Tabasco', '73965', 54, '09215838995', '2021-09-02', '9059041476', 'afudger4@squarespace.com', false, 'Ford', 'Thunderbird', 'bicicleta');
insert into repartidor (CURP, RFC, id_Taqueria, Nombre, A_Paterno, A_Materno, Calle, Numero, Estado, C_Postal, Edad, NSS, Antiguedad, Telefono, Email, tieneTransportePropio, marca, modelo, tipo) values ('TOSK695352SIHULGK7', 'ROCP156879G0Y', 60, 'Alejandra', 'Crespo', 'Diez', 'Kim', '49633', 'Puebla', '69445', 62, '46033409993', '2020-03-07', '4719194165', 'modea5@theglobeandmail.com', false, 'Buick', 'Century', 'bicicleta');
insert into repartidor (CURP, RFC, id_Taqueria, Nombre, A_Paterno, A_Materno, Calle, Numero, Estado, C_Postal, Edad, NSS, Antiguedad, Telefono, Email, tieneTransportePropio, marca, modelo, tipo) values ('KWDT466196TMKZECZ1', 'LNMD6574523L3', 79, 'Julia', 'Campos', 'Herrero', 'Arapahoe', '536', 'Baja California', '63905', 59, '69319522834', '2021-05-13', '8762305346', 'cglentz6@cafepress.com', false, 'Toyota', 'Matrix', 'bicicleta');
insert into repartidor (CURP, RFC, id_Taqueria, Nombre, A_Paterno, A_Materno, Calle, Numero, Estado, C_Postal, Edad, NSS, Antiguedad, Telefono, Email, tieneTransportePropio, marca, modelo, tipo) values ('FLMG468424CZWEAXA0', 'RWBB772992WX8', 52, 'Alejandro', 'Rojas', 'Jimenez', 'Transport', '3558', 'Jalisco', '90760', 68, '87244444990', '2021-12-01', '4427956128', 'rbontoft7@bloglovin.com', true, 'Plymouth', 'Colt', 'bicicleta');
insert into repartidor (CURP, RFC, id_Taqueria, Nombre, A_Paterno, A_Materno, Calle, Numero, Estado, C_Postal, Edad, NSS, Antiguedad, Telefono, Email, tieneTransportePropio, marca, modelo, tipo) values ('WFOG517692XCRWBJ20', 'YCQS4857853OE', 99, 'Amparo', 'Martin', 'Suarez', 'Shasta', '29431', 'Hidalgo', '79113', 29, '79359321074', '2021-09-11', '3282570845', 'ayantsurev8@youku.com', false, 'Audi', 'riolet', 'motociclete');
insert into repartidor (CURP, RFC, id_Taqueria, Nombre, A_Paterno, A_Materno, Calle, Numero, Estado, C_Postal, Edad, NSS, Antiguedad, Telefono, Email, tieneTransportePropio, marca, modelo, tipo) values ('ZSNL165033VEQOSL36', 'EZGY158353CWY', 25, 'Gregorio', 'Alonso', 'Cano', 'Vera', '2', 'Distrito Federal', '65221', 57, '97028719265', '2021-02-03', '4868662599', 'kklas9@yahoo.com', false, 'Maybach', 'Landaulet', 'motociclete');
insert into repartidor (CURP, RFC, id_Taqueria, Nombre, A_Paterno, A_Materno, Calle, Numero, Estado, C_Postal, Edad, NSS, Antiguedad, Telefono, Email, tieneTransportePropio, marca, modelo, tipo) values ('VHCQ764772PBNVBAR4', 'TJJJ706544XRK', 72, 'Luisa', 'Vargas', 'Herrero', 'Meadow Ridge', '88395', 'Jalisco', '69073', 49, '21916468783', '2020-09-04', '8504538294', 'jautena@mysql.com', false, 'Audi', 'A5', 'bicicleta');
insert into repartidor (CURP, RFC, id_Taqueria, Nombre, A_Paterno, A_Materno, Calle, Numero, Estado, C_Postal, Edad, NSS, Antiguedad, Telefono, Email, tieneTransportePropio, marca, modelo, tipo) values ('SRRI032407XPPWFS25', 'LEOB856461X6M', 25, 'Laura', 'Flores', 'Lozano', 'Troy', '4', 'Puebla', '94173', 36, '46756636118', '2018-11-23', '9395605581', 'sjohanssonb@nbcnews.com', true, 'Chevrolet', 'Express', 'motociclete');
insert into repartidor (CURP, RFC, id_Taqueria, Nombre, A_Paterno, A_Materno, Calle, Numero, Estado, C_Postal, Edad, NSS, Antiguedad, Telefono, Email, tieneTransportePropio, marca, modelo, tipo) values ('AAPF174912WKITEKA8', 'PBCQ333845EDK', 24, 'Eugenia', 'Gomez', 'Calvo', 'Browning', '24', 'Jalisco', '42532', 27, '32685918743', '2018-07-27', '1354110954', 'ecoonc@themeforest.net', false, 'Volkswagen', 'Eurovan', 'bicicleta');
insert into repartidor (CURP, RFC, id_Taqueria, Nombre, A_Paterno, A_Materno, Calle, Numero, Estado, C_Postal, Edad, NSS, Antiguedad, Telefono, Email, tieneTransportePropio, marca, modelo, tipo) values ('VCNU168080KQJFDUO3', 'HVNA926140IVE', 32, 'Jesus', 'Alvarez', 'Bravo', 'Straubel', '9983', 'Coahuila', '64013', 28, '39114293599', '2020-09-05', '8964043990', 'cgleaved@unesco.org', false, 'Lexus', 'GX', 'motociclete');
insert into repartidor (CURP, RFC, id_Taqueria, Nombre, A_Paterno, A_Materno, Calle, Numero, Estado, C_Postal, Edad, NSS, Antiguedad, Telefono, Email, tieneTransportePropio, marca, modelo, tipo) values ('WHVJ630530FRPZHE61', 'TGPL8032981Y3', 85, 'Martina', 'Ramirez', 'Soto', 'Bellgrove', '148', 'Coahuila', '69545', 53, '60202037512', '2019-09-04', '1871829790', 'aclausene@a8.net', true, 'Chevrolet', 'Blazer', 'bicicleta');
insert into repartidor (CURP, RFC, id_Taqueria, Nombre, A_Paterno, A_Materno, Calle, Numero, Estado, C_Postal, Edad, NSS, Antiguedad, Telefono, Email, tieneTransportePropio, marca, modelo, tipo) values ('JAPE546924JTDKLLO5', 'XCNK649216DU9', 41, 'Silvia', 'Martinez', 'Velasco', 'Kipling', '4', 'San Luis Potosí', '73552', 69, '52997304526', '2021-04-08', '5153909211', 'atorricinaf@who.int', true, 'Volkswagen', 'Routan', 'motociclete');
insert into repartidor (CURP, RFC, id_Taqueria, Nombre, A_Paterno, A_Materno, Calle, Numero, Estado, C_Postal, Edad, NSS, Antiguedad, Telefono, Email, tieneTransportePropio, marca, modelo, tipo) values ('SQMP962005PTXDSSQ0', 'TCWE3460197V6', 99, 'Milagros', 'Lorenzo', 'Cruz', 'Green Ridge', '3', 'Veracruz', '85299', 32, '36597854420', '2021-11-19', '3381432064', 'dhuthartg@youtu.be', true, 'Mitsubishi', 'Endeavor', 'bicicleta');
insert into repartidor (CURP, RFC, id_Taqueria, Nombre, A_Paterno, A_Materno, Calle, Numero, Estado, C_Postal, Edad, NSS, Antiguedad, Telefono, Email, tieneTransportePropio, marca, modelo, tipo) values ('UALO989774IQENAIO8', 'CHOJ252897RPJ', 79, 'Ruben', 'Alonso', 'Roman', 'Bay', '006', 'Jalisco', '90575', 62, '28601971086', '2019-10-29', '9598901477', 'bhurcheh@guardian.co.uk', false, 'Bentley', 'Continental Flying Spur', 'motociclete');
insert into repartidor (CURP, RFC, id_Taqueria, Nombre, A_Paterno, A_Materno, Calle, Numero, Estado, C_Postal, Edad, NSS, Antiguedad, Telefono, Email, tieneTransportePropio, marca, modelo, tipo) values ('DJSG762174LAVIDA24', 'FTFF09942774E', 32, 'Antonia', 'Perez', 'Liera', 'Clove', '57', 'México', '53348', 44, '18384029282', '2020-05-24', '7509193541', 'esessunsi@chicagotribune.com', true, 'Mercury', 'Monterey', 'bicicleta');
insert into repartidor (CURP, RFC, id_Taqueria, Nombre, A_Paterno, A_Materno, Calle, Numero, Estado, C_Postal, Edad, NSS, Antiguedad, Telefono, Email, tieneTransportePropio, marca, modelo, tipo) values ('FTUH822948GRRXECT8', 'KWKR177674QK6', 68, 'Carmen', 'Aguilar', 'Calvo', 'Heath', '38', 'Morelos', '94192', 68, '07178445846', '2021-04-15', '2489288656', 'wchisholmj@163.com', false, 'Hyundai', 'Excel', 'motociclete');
insert into repartidor (CURP, RFC, id_Taqueria, Nombre, A_Paterno, A_Materno, Calle, Numero, Estado, C_Postal, Edad, NSS, Antiguedad, Telefono, Email, tieneTransportePropio, marca, modelo, tipo) values ('QEYU350596NEFMLGZ4', 'JHZS1849368TV', 96, 'Elisa', 'Flores', 'Montero', 'Twin Pines', '22641', 'Baja California Sur', '62183', 39, '30304345645', '2020-12-26', '3978303057', 'scarask@engadget.com', false, 'Toyota', 'Corolla', 'motociclete');
insert into repartidor (CURP, RFC, id_Taqueria, Nombre, A_Paterno, A_Materno, Calle, Numero, Estado, C_Postal, Edad, NSS, Antiguedad, Telefono, Email, tieneTransportePropio, marca, modelo, tipo) values ('IHCJ212590UVSFTZI5', 'ZLCX237609P6S', 52, 'Irene', 'Fuentes', 'Vega', 'Glacier Hill', '65828', 'México', '45560', 67, '79646610098', '2020-11-14', '5396881488', 'tablewhitel@godaddy.com', false, 'Chrysler', 'Town & Country', 'bicicleta');
insert into repartidor (CURP, RFC, id_Taqueria, Nombre, A_Paterno, A_Materno, Calle, Numero, Estado, C_Postal, Edad, NSS, Antiguedad, Telefono, Email, tieneTransportePropio, marca, modelo, tipo) values ('OHWA239027OYBRWJ96', 'SCHW660143CDE', 83, 'Paula', 'Diez', 'Ortiz', 'Dunning', '45871', 'Zacatecas', '37946', 39, '82057291853', '2018-12-29', '5358773354', 'hreightleym@ameblo.jp', false, 'Spyker', 'C8 Spyder Wide Body', 'motociclete');
insert into repartidor (CURP, RFC, id_Taqueria, Nombre, A_Paterno, A_Materno, Calle, Numero, Estado, C_Postal, Edad, NSS, Antiguedad, Telefono, Email, tieneTransportePropio, marca, modelo, tipo) values ('LEJL105841NHUPVO89', 'YUED986751AND', 31, 'Gema', 'Marin', 'Duran', 'Rockefeller', '91', 'Coahuila', '87723', 54, '80836971128', '2021-12-20', '6186415773', 'rmaystonn@flickr.com', true, 'Chrysler', 'Concorde', 'motociclete');
insert into repartidor (CURP, RFC, id_Taqueria, Nombre, A_Paterno, A_Materno, Calle, Numero, Estado, C_Postal, Edad, NSS, Antiguedad, Telefono, Email, tieneTransportePropio, marca, modelo, tipo) values ('IGSZ549161HZGAHS78', 'ONHN434502Y5G', 6, 'Paula', 'Cabrera', 'Sanchez', 'Coolidge', '7393', 'Tlaxcala', '25327', 27, '90399491625', '2021-02-03', '6634004594', 'cmauroo@walmart.com', true, 'Ford', 'Aspire', 'bicicleta');
insert into repartidor (CURP, RFC, id_Taqueria, Nombre, A_Paterno, A_Materno, Calle, Numero, Estado, C_Postal, Edad, NSS, Antiguedad, Telefono, Email, tieneTransportePropio, marca, modelo, tipo) values ('HVAM627284EMADAIR6', 'KWQN626449P97', 10, 'Francisco', 'Fernandez', 'Torres', 'Anhalt', '17', 'Guanajuato', '78078', 40, '56190673492', '2018-10-07', '4264389978', 'kslatefordp@youtu.be', false, 'Audi', '90', 'bicicleta');
insert into repartidor (CURP, RFC, id_Taqueria, Nombre, A_Paterno, A_Materno, Calle, Numero, Estado, C_Postal, Edad, NSS, Antiguedad, Telefono, Email, tieneTransportePropio, marca, modelo, tipo) values ('XMHR868301IXZRVXT9', 'PJQM7679344DI', 2, 'Daniel', 'Hidalgo', 'Soler', 'Miller', '4', 'Guanajuato', '02660', 38, '27579804462', '2021-04-29', '6189495432', 'omcsarryq@comsenz.com', false, 'Lexus', 'LX', 'bicicleta');
insert into repartidor (CURP, RFC, id_Taqueria, Nombre, A_Paterno, A_Materno, Calle, Numero, Estado, C_Postal, Edad, NSS, Antiguedad, Telefono, Email, tieneTransportePropio, marca, modelo, tipo) values ('JFIS292245ZJEADMG9', 'AFMU528735DF1', 57, 'Jesus', 'Gonzalez', 'Medina', 'Main', '2', 'Tabasco', '25023', 51, '89647410521', '2018-10-03', '9884748014', 'rcrollyr@dell.com', true, 'Toyota', 'Sienna', 'bicicleta');
insert into repartidor (CURP, RFC, id_Taqueria, Nombre, A_Paterno, A_Materno, Calle, Numero, Estado, C_Postal, Edad, NSS, Antiguedad, Telefono, Email, tieneTransportePropio, marca, modelo, tipo) values ('VCPX300977SPGJNZ93', 'UZLT652785IGF', 32, 'Esperanza', 'Jimenez', 'Cruz', 'Daystar', '3940', 'Michoacán', '94633', 48, '80740332548', '2021-05-01', '5255095542', 'jhaviks@histats.com', true, 'Toyota', 'Camry', 'motociclete');
insert into repartidor (CURP, RFC, id_Taqueria, Nombre, A_Paterno, A_Materno, Calle, Numero, Estado, C_Postal, Edad, NSS, Antiguedad, Telefono, Email, tieneTransportePropio, marca, modelo, tipo) values ('NLKR968747GAOUGB30', 'SARZ458256B3W', 26, 'Marc', 'Saez', 'Benitez', 'Helena', '0232', 'Campeche', '35653', 46, '79606847533', '2018-07-01', '6139831479', 'mjaynet@canalblog.com', false, 'Ford', 'Explorer Sport', 'bicicleta');
insert into repartidor (CURP, RFC, id_Taqueria, Nombre, A_Paterno, A_Materno, Calle, Numero, Estado, C_Postal, Edad, NSS, Antiguedad, Telefono, Email, tieneTransportePropio, marca, modelo, tipo) values ('SQOS577351ALVTYYG1', 'OKBJ716362ER2', 40, 'Manuela', 'Alonso', 'Caballero', 'Atwood', '880', 'Jalisco', '22802', 56, '19371527401', '2018-10-20', '9189763772', 'cbetzu@baidu.com', true, 'Honda', 'Accord', 'bicicleta');
insert into repartidor (CURP, RFC, id_Taqueria, Nombre, A_Paterno, A_Materno, Calle, Numero, Estado, C_Postal, Edad, NSS, Antiguedad, Telefono, Email, tieneTransportePropio, marca, modelo, tipo) values ('BFAA633578TVZTRZU8', 'RIRE072100TYN', 62, 'Miguel', 'Gonzalez', 'Ramos', 'Toban', '47723', 'Nuevo León', '31699', 59, '44920622141', '2021-07-24', '5339521025', 'fbeushawv@latimes.com', true, 'Lamborghini', 'Reventón', 'bicicleta');
insert into repartidor (CURP, RFC, id_Taqueria, Nombre, A_Paterno, A_Materno, Calle, Numero, Estado, C_Postal, Edad, NSS, Antiguedad, Telefono, Email, tieneTransportePropio, marca, modelo, tipo) values ('OLFF853421LWZMCXT4', 'LQZJ815317403', 100, 'Yolanda', 'Gallardo', 'Marin', 'Hovde', '6479', 'Veracruz', '13567', 23, '05370424491', '2020-04-07', '8384636611', 'dneillansw@bloomberg.com', false, 'Infiniti', 'G', 'motociclete');
insert into repartidor (CURP, RFC, id_Taqueria, Nombre, A_Paterno, A_Materno, Calle, Numero, Estado, C_Postal, Edad, NSS, Antiguedad, Telefono, Email, tieneTransportePropio, marca, modelo, tipo) values ('THFJ298842CYEEVCA3', 'WLVS678923HJI', 92, 'Consuelo', 'Parra', 'Torres', 'Mendota', '82721', 'Tlaxcala', '09297', 32, '28594764277', '2018-08-03', '8986401055', 'csargex@dailymotion.com', false, 'Infiniti', 'FX', 'motociclete');
insert into repartidor (CURP, RFC, id_Taqueria, Nombre, A_Paterno, A_Materno, Calle, Numero, Estado, C_Postal, Edad, NSS, Antiguedad, Telefono, Email, tieneTransportePropio, marca, modelo, tipo) values ('CTYX383512SAOCSBB7', 'SHXD836436DWK', 42, 'Sandra', 'Gomez', 'Diez', 'Vahlen', '88014', 'estados', '18072', 42, '46939438012', '2020-09-07', '2769363770', 'wroseboroughy@mail.ru', true, 'Nissan', 'Quest', 'motociclete');
insert into repartidor (CURP, RFC, id_Taqueria, Nombre, A_Paterno, A_Materno, Calle, Numero, Estado, C_Postal, Edad, NSS, Antiguedad, Telefono, Email, tieneTransportePropio, marca, modelo, tipo) values ('TPLF545467AIEEAJ87', 'WACM644715AHH', 34, 'Jorge', 'Marquez', 'Caballero', 'Duke', '7', 'Colima', '69525', 51, '87466664456', '2019-01-29', '3949436785', 'kglandersz@samsung.com', false, 'Pontiac', 'Firebird', 'motociclete');
insert into repartidor (CURP, RFC, id_Taqueria, Nombre, A_Paterno, A_Materno, Calle, Numero, Estado, C_Postal, Edad, NSS, Antiguedad, Telefono, Email, tieneTransportePropio, marca, modelo, tipo) values ('ZIPL429136VHYLQAY5', 'MJPZ245972XJN', 89, 'Raquel', 'Carmona', 'Bravo', 'Texas', '7344', 'Yucatán', '06323', 27, '80079610443', '2020-02-26', '6608646643', 'bklimov10@netlog.com', true, 'Audi', 'S6', 'bicicleta');
insert into repartidor (CURP, RFC, id_Taqueria, Nombre, A_Paterno, A_Materno, Calle, Numero, Estado, C_Postal, Edad, NSS, Antiguedad, Telefono, Email, tieneTransportePropio, marca, modelo, tipo) values ('NEEI837697SWFQKOV4', 'AUET339217F1T', 91, 'Marc', 'Prieto', 'Ramos', 'Monument', '95', 'Oaxaca', '69717', 19, '77997548684', '2022-02-23', '2147144900', 'kcubin11@slate.com', false, 'Chevrolet', 'S10', 'bicicleta');
insert into repartidor (CURP, RFC, id_Taqueria, Nombre, A_Paterno, A_Materno, Calle, Numero, Estado, C_Postal, Edad, NSS, Antiguedad, Telefono, Email, tieneTransportePropio, marca, modelo, tipo) values ('LKIV200017ICTRXDX0', 'ASIN404706C84', 25, 'Elisa', 'Prieto', 'Reyes', 'Surrey', '470', 'Hidalgo', '46163', 32, '94302959404', '2018-08-19', '7274069487', 'pbillinge12@vimeo.com', true, 'Hyundai', 'Sonata', 'bicicleta');
insert into repartidor (CURP, RFC, id_Taqueria, Nombre, A_Paterno, A_Materno, Calle, Numero, Estado, C_Postal, Edad, NSS, Antiguedad, Telefono, Email, tieneTransportePropio, marca, modelo, tipo) values ('BVTW583906AYBWZO70', 'OOTK595104P5H', 73, 'Isabel', 'Velasco', 'Soto', 'Columbus', '05', 'Durango', '44592', 50, '41788329436', '2022-03-05', '3406403040', 'mhasted13@sphinn.com', true, 'Saturn', 'L-Series', 'motociclete');
insert into repartidor (CURP, RFC, id_Taqueria, Nombre, A_Paterno, A_Materno, Calle, Numero, Estado, C_Postal, Edad, NSS, Antiguedad, Telefono, Email, tieneTransportePropio, marca, modelo, tipo) values ('OSBC894570CTZIZK58', 'MRYI268156M5K', 85, 'Tomas', 'Iglesias', 'Velasco', 'Crowley', '37', 'Colima', '08689', 70, '27883959427', '2021-06-29', '5805257613', 'ncamp14@engadget.com', false, 'Dodge', 'Charger', 'bicicleta');
insert into repartidor (CURP, RFC, id_Taqueria, Nombre, A_Paterno, A_Materno, Calle, Numero, Estado, C_Postal, Edad, NSS, Antiguedad, Telefono, Email, tieneTransportePropio, marca, modelo, tipo) values ('IFVQ004345UUEIVK98', 'ZQUI211456IMZ', 72, 'Marina', 'Velasco', 'Castro', 'Holmberg', '786', 'Durango', '55534', 69, '63144566154', '2021-10-26', '5951293709', 'easkham15@chicagotribune.com', true, 'Lexus', 'LS', 'bicicleta');
insert into repartidor (CURP, RFC, id_Taqueria, Nombre, A_Paterno, A_Materno, Calle, Numero, Estado, C_Postal, Edad, NSS, Antiguedad, Telefono, Email, tieneTransportePropio, marca, modelo, tipo) values ('YGDD410520NEZDFX35', 'KWLS628832XLH', 17, 'Felipe', 'Vazquez', 'Moya', 'Saint Paul', '13409', 'Quintana Roo', '12240', 23, '41872546733', '2018-08-06', '5804563126', 'dscurrah16@jiathis.com', true, 'Volkswagen', 'Cabriolet', 'motociclete');
insert into repartidor (CURP, RFC, id_Taqueria, Nombre, A_Paterno, A_Materno, Calle, Numero, Estado, C_Postal, Edad, NSS, Antiguedad, Telefono, Email, tieneTransportePropio, marca, modelo, tipo) values ('PLSD540784QNDRDDD0', 'EMEY611792CPM', 83, 'Daniela', 'Lopez', 'Arias', 'Prairie Rose', '75080', 'Durango', '33387', 24, '62100894417', '2019-08-10', '9522089053', 'jdebruin17@example.com', true, 'Land Rover', 'Defender', 'bicicleta');
insert into repartidor (CURP, RFC, id_Taqueria, Nombre, A_Paterno, A_Materno, Calle, Numero, Estado, C_Postal, Edad, NSS, Antiguedad, Telefono, Email, tieneTransportePropio, marca, modelo, tipo) values ('ARSD432670LLBXZF36', 'GWAY901791S6S', 30, 'Joaquin', 'Ramirez', 'Suarez', 'Rockefeller', '35', 'Tabasco', '89851', 43, '30707460553', '2019-07-28', '6317308404', 'hbennedsen18@cbsnews.com', false, 'Pontiac', 'Solstice', 'motociclete');
insert into repartidor (CURP, RFC, id_Taqueria, Nombre, A_Paterno, A_Materno, Calle, Numero, Estado, C_Postal, Edad, NSS, Antiguedad, Telefono, Email, tieneTransportePropio, marca, modelo, tipo) values ('ZTFX651527XUUPPZY3', 'NAPL712183Y8V', 20, 'Diego', 'Marquez', 'Olivera', 'Kingsford', '0', 'Oaxaca', '01198', 54, '87599686687', '2021-02-14', '7237368934', 'brogister19@fotki.com', false, 'Ford', 'E250', 'motociclete');
insert into repartidor (CURP, RFC, id_Taqueria, Nombre, A_Paterno, A_Materno, Calle, Numero, Estado, C_Postal, Edad, NSS, Antiguedad, Telefono, Email, tieneTransportePropio, marca, modelo, tipo) values ('VWLZ012534YKTXTMS9', 'LQUY444313EX2', 78, 'Vanesa', 'Fuentes', 'Sanchez', 'Randy', '6', 'México', '35326', 22, '47423066599', '2020-02-15', '8162759642', 'pduthy1a@twitpic.com', false, 'Chevrolet', 'Camaro', 'bicicleta');
insert into repartidor (CURP, RFC, id_Taqueria, Nombre, A_Paterno, A_Materno, Calle, Numero, Estado, C_Postal, Edad, NSS, Antiguedad, Telefono, Email, tieneTransportePropio, marca, modelo, tipo) values ('RXFY841843UVNEGA31', 'PFYA985414GV8', 49, 'Raul', 'Morales', 'Mora', 'Manitowish', '7270', 'Tlaxcala', '91941', 23, '92053959600', '2021-11-27', '7648730103', 'rdorkins1b@wikispaces.com', true, 'BMW', '760', 'bicicleta');
insert into repartidor (CURP, RFC, id_Taqueria, Nombre, A_Paterno, A_Materno, Calle, Numero, Estado, C_Postal, Edad, NSS, Antiguedad, Telefono, Email, tieneTransportePropio, marca, modelo, tipo) values ('ZIIN145201HLCIPW75', 'ZJPY866566G1K', 74, 'Ramon', 'Gomez', 'Sanz', 'Novick', '9', 'Yucatán', '85895', 42, '22651819671', '2020-11-19', '5955797541', 'cstreeten1c@amazonaws.com', false, 'Honda', 'Accord', 'motociclete');
insert into repartidor (CURP, RFC, id_Taqueria, Nombre, A_Paterno, A_Materno, Calle, Numero, Estado, C_Postal, Edad, NSS, Antiguedad, Telefono, Email, tieneTransportePropio, marca, modelo, tipo) values ('AQWW190205CHYTHAS4', 'ZVTM1490620OA', 62, 'Ismael', 'Olivera', 'Iglesias', 'Heath', '3536', 'Guerrero', '71637', 27, '51920116782', '2020-11-03', '9366755994', 'bjosskovitz1d@163.com', true, 'Nissan', 'JUKE', 'motociclete');
insert into repartidor (CURP, RFC, id_Taqueria, Nombre, A_Paterno, A_Materno, Calle, Numero, Estado, C_Postal, Edad, NSS, Antiguedad, Telefono, Email, tieneTransportePropio, marca, modelo, tipo) values ('HGME837293NXHQWB33', 'SEMD668724QVC', 99, 'Xavier', 'Martinez', 'Moya', 'Colorado', '265', 'Puebla', '08223', 70, '46491659651', '2021-02-11', '5674976109', 'ggwatkins1e@pcworld.com', true, 'BMW', 'M3', 'motociclete');
insert into repartidor (CURP, RFC, id_Taqueria, Nombre, A_Paterno, A_Materno, Calle, Numero, Estado, C_Postal, Edad, NSS, Antiguedad, Telefono, Email, tieneTransportePropio, marca, modelo, tipo) values ('QUYD041950VMHXFFR1', 'LZAF09125635I', 88, 'Juana', 'Soler', 'Molina', 'Grayhawk', '6', 'Baja California Sur', '36019', 52, '57438674629', '2019-03-07', '8179103871', 'ccasse1f@so-net.ne.jp', true, 'Porsche', '911', 'motociclete');
insert into repartidor (CURP, RFC, id_Taqueria, Nombre, A_Paterno, A_Materno, Calle, Numero, Estado, C_Postal, Edad, NSS, Antiguedad, Telefono, Email, tieneTransportePropio, marca, modelo, tipo) values ('YLTS836685NVFWAXL5', 'SZEZ841343Z57', 33, 'Albert', 'Cruz', 'Fernandez', 'Judy', '783', 'Chiapas', '45062', 42, '12858091224', '2019-12-16', '3996058180', 'caulton1g@hugedomains.com', true, 'BMW', '3 Series', 'motociclete');
insert into repartidor (CURP, RFC, id_Taqueria, Nombre, A_Paterno, A_Materno, Calle, Numero, Estado, C_Postal, Edad, NSS, Antiguedad, Telefono, Email, tieneTransportePropio, marca, modelo, tipo) values ('ZHTO457993GAMSBTP3', 'WWMU456659YVD', 71, 'Elisa', 'Garrido', 'Olivera', 'Acker', '61020', 'San Luis Potosí', '99085', 41, '02005160281', '2022-02-25', '2709162451', 'rlatour1h@indiatimes.com', false, 'Mercedes-Benz', 'CL-Class', 'motociclete');
insert into repartidor (CURP, RFC, id_Taqueria, Nombre, A_Paterno, A_Materno, Calle, Numero, Estado, C_Postal, Edad, NSS, Antiguedad, Telefono, Email, tieneTransportePropio, marca, modelo, tipo) values ('ONRW588241FUISRJY2', 'CBFS362593SIH', 49, 'Rocio', 'Liera', 'Santiago', 'Harbort', '6166', 'Tabasco', '42141', 32, '91151838660', '2018-11-28', '1638699760', 'lisham1i@soundcloud.com', true, 'Suzuki', 'Esteem', 'motociclete');
insert into repartidor (CURP, RFC, id_Taqueria, Nombre, A_Paterno, A_Materno, Calle, Numero, Estado, C_Postal, Edad, NSS, Antiguedad, Telefono, Email, tieneTransportePropio, marca, modelo, tipo) values ('IZJK541984TNBHPCF8', 'WTJU598690B5E', 74, 'Virginia', 'Diaz', 'Vidal', 'Rusk', '1', 'Durango', '72646', 29, '80042362533', '2021-03-03', '6372667054', 'bsholl1j@jalbum.net', false, 'Honda', 'Insight', 'motociclete');
insert into repartidor (CURP, RFC, id_Taqueria, Nombre, A_Paterno, A_Materno, Calle, Numero, Estado, C_Postal, Edad, NSS, Antiguedad, Telefono, Email, tieneTransportePropio, marca, modelo, tipo) values ('HRRX003325HYHVUZ35', 'JZFE903904T3U', 47, 'Hector', 'Ramos', 'Moya', 'Merry', '4272', 'Baja California Sur', '47974', 27, '00866586182', '2019-04-09', '1207926141', 'akliesl1k@cisco.com', false, 'Audi', 'A8', 'bicicleta');
insert into repartidor (CURP, RFC, id_Taqueria, Nombre, A_Paterno, A_Materno, Calle, Numero, Estado, C_Postal, Edad, NSS, Antiguedad, Telefono, Email, tieneTransportePropio, marca, modelo, tipo) values ('ACGD111273VPQGTB50', 'OWMK028312T2Z', 23, 'Daniel', 'Campos', 'Montero', 'Vahlen', '32', 'Sonora', '37671', 30, '44263241409', '2018-09-23', '3745818215', 'btrethewey1l@huffingtonpost.com', false, 'Nissan', 'Altima', 'bicicleta');
insert into repartidor (CURP, RFC, id_Taqueria, Nombre, A_Paterno, A_Materno, Calle, Numero, Estado, C_Postal, Edad, NSS, Antiguedad, Telefono, Email, tieneTransportePropio, marca, modelo, tipo) values ('TYNS382379DEKVUXI9', 'ZEPC035934B5Z', 36, 'Inmaculada', 'Garrido', 'Ruiz', 'Crest Line', '8', 'Guerrero', '36173', 35, '25643054596', '2021-07-22', '9965843404', 'bnoseworthy1m@usatoday.com', false, 'Hyundai', 'Tucson', 'bicicleta');
insert into repartidor (CURP, RFC, id_Taqueria, Nombre, A_Paterno, A_Materno, Calle, Numero, Estado, C_Postal, Edad, NSS, Antiguedad, Telefono, Email, tieneTransportePropio, marca, modelo, tipo) values ('ETXK177477VOEVXWZ5', 'NXXR915912MU4', 31, 'Ainhoa', 'Crespo', 'Herrero', 'Haas', '16602', 'San Luis Potosí', '98228', 28, '72926971979', '2019-04-11', '3412385770', 'kalvarado1n@ucoz.com', false, 'GMC', '2500', 'motociclete');
insert into repartidor (CURP, RFC, id_Taqueria, Nombre, A_Paterno, A_Materno, Calle, Numero, Estado, C_Postal, Edad, NSS, Antiguedad, Telefono, Email, tieneTransportePropio, marca, modelo, tipo) values ('ECMW127856RRBVOYC1', 'VIMF5012348XX', 88, 'Domingo', 'Diez', 'Martin', 'Ohio', '2', 'Aguascalientes', '16960', 58, '39219163636', '2021-11-17', '7939167703', 'jsaket1o@devhub.com', false, 'Oldsmobile', 'Cutlass Supreme', 'bicicleta');
insert into repartidor (CURP, RFC, id_Taqueria, Nombre, A_Paterno, A_Materno, Calle, Numero, Estado, C_Postal, Edad, NSS, Antiguedad, Telefono, Email, tieneTransportePropio, marca, modelo, tipo) values ('VXOP549668LEMCJB41', 'FNRS457096MEX', 77, 'Tomas', 'Soler', 'Blanco', 'Dixon', '36', 'Querétaro', '84883', 53, '27043254395', '2020-10-22', '5897440663', 'nhendren1p@un.org', false, 'Mitsubishi', 'Pajero', 'bicicleta');
insert into repartidor (CURP, RFC, id_Taqueria, Nombre, A_Paterno, A_Materno, Calle, Numero, Estado, C_Postal, Edad, NSS, Antiguedad, Telefono, Email, tieneTransportePropio, marca, modelo, tipo) values ('WCFK931797ZIMXOCC7', 'XCVE408708HDM', 32, 'Sofia', 'Perez', 'Iglesias', 'Ohio', '84068', 'Querétaro', '11234', 67, '68391242998', '2021-05-07', '7868521835', 'mscutching1q@stanford.edu', true, 'Infiniti', 'M', 'motociclete');
insert into repartidor (CURP, RFC, id_Taqueria, Nombre, A_Paterno, A_Materno, Calle, Numero, Estado, C_Postal, Edad, NSS, Antiguedad, Telefono, Email, tieneTransportePropio, marca, modelo, tipo) values ('SKWV096161SYBWFHI0', 'ZRYN218651Q09', 67, 'Fernando', 'Santos', 'Soto', 'Dwight', '371', 'Tabasco', '29676', 60, '01295428504', '2022-03-27', '3678048521', 'atubby1r@fastcompany.com', true, 'Pontiac', 'Tempest', 'motociclete');
insert into repartidor (CURP, RFC, id_Taqueria, Nombre, A_Paterno, A_Materno, Calle, Numero, Estado, C_Postal, Edad, NSS, Antiguedad, Telefono, Email, tieneTransportePropio, marca, modelo, tipo) values ('QIWS744216KFGZOHD2', 'RARJ563032E3N', 25, 'Milagros', 'Martin', 'Mendez', '1st', '94', 'Distrito Federal', '26349', 69, '98189524813', '2019-05-07', '3239267936', 'sloakes1s@soundcloud.com', true, 'Holden', 'VS Commodore', 'motociclete');
insert into repartidor (CURP, RFC, id_Taqueria, Nombre, A_Paterno, A_Materno, Calle, Numero, Estado, C_Postal, Edad, NSS, Antiguedad, Telefono, Email, tieneTransportePropio, marca, modelo, tipo) values ('WTJV386328XKZERN45', 'FVJD5709433BA', 78, 'Daniel', 'Sanz', 'Soler', 'Quincy', '5726', 'Coahuila', '80612', 28, '73009277994', '2019-03-14', '3485717303', 'gimos1t@wikia.com', true, 'BMW', 'X5', 'motociclete');
insert into repartidor (CURP, RFC, id_Taqueria, Nombre, A_Paterno, A_Materno, Calle, Numero, Estado, C_Postal, Edad, NSS, Antiguedad, Telefono, Email, tieneTransportePropio, marca, modelo, tipo) values ('JSAF939965IFTIDVN7', 'CNEJ826375JSG', 12, 'Juana', 'Torres', 'Aguilar', 'Oneill', '09006', 'Sinaloa', '03373', 27, '16840976058', '2021-02-04', '6134917848', 'lroebottom1u@sciencedirect.com', true, 'Studebaker', 'Avanti', 'bicicleta');
insert into repartidor (CURP, RFC, id_Taqueria, Nombre, A_Paterno, A_Materno, Calle, Numero, Estado, C_Postal, Edad, NSS, Antiguedad, Telefono, Email, tieneTransportePropio, marca, modelo, tipo) values ('HMVH672752QCZNIAH6', 'ODEM963208VKS', 76, 'Luis', 'Crespo', 'Suarez', 'Northport', '41', 'Yucatán', '45647', 69, '72094418899', '2020-01-31', '2009684207', 'ddurrad1v@usgs.gov', true, 'Pontiac', 'Trans Sport', 'bicicleta');
insert into repartidor (CURP, RFC, id_Taqueria, Nombre, A_Paterno, A_Materno, Calle, Numero, Estado, C_Postal, Edad, NSS, Antiguedad, Telefono, Email, tieneTransportePropio, marca, modelo, tipo) values ('GQGJ215186YRSYXDP1', 'VTUS202828HCS', 22, 'Arturo', 'Alvarez', 'Gonzalez', 'Independence', '3329', 'Tlaxcala', '80447', 49, '08567228560', '2019-01-18', '1377454470', 'dbover1w@zdnet.com', true, 'Dodge', 'Ram 2500 Club', 'bicicleta');
insert into repartidor (CURP, RFC, id_Taqueria, Nombre, A_Paterno, A_Materno, Calle, Numero, Estado, C_Postal, Edad, NSS, Antiguedad, Telefono, Email, tieneTransportePropio, marca, modelo, tipo) values ('XNEL576903JRBOUSD1', 'BYCK754068EVA', 70, 'Esteban', 'Olivera', 'Velasco', 'Waubesa', '212', 'Durango', '66525', 59, '04650592915', '2020-05-22', '2154352449', 'byielding1x@sina.com.cn', true, 'Plymouth', 'Laser', 'motociclete');
insert into repartidor (CURP, RFC, id_Taqueria, Nombre, A_Paterno, A_Materno, Calle, Numero, Estado, C_Postal, Edad, NSS, Antiguedad, Telefono, Email, tieneTransportePropio, marca, modelo, tipo) values ('TQNJ475409SEYRZUD5', 'VVHE56211991K', 65, 'Lucia', 'Moya', 'Guerrero', 'Village Green', '8751', 'Nuevo León', '65845', 58, '20562718922', '2019-08-28', '7794459014', 'mmerida1y@ibm.com', false, 'Chevrolet', 'Colorado', 'motociclete');
insert into repartidor (CURP, RFC, id_Taqueria, Nombre, A_Paterno, A_Materno, Calle, Numero, Estado, C_Postal, Edad, NSS, Antiguedad, Telefono, Email, tieneTransportePropio, marca, modelo, tipo) values ('ESSE564501ZTXFGBB1', 'NJIA6104448OC', 2, 'Susana', 'Martin', 'Vargas', 'Schlimgen', '3179', 'Morelos', '82919', 23, '72840109304', '2018-09-13', '7373576285', 'easche1z@senate.gov', true, 'Dodge', 'Dakota Club', 'motociclete');
insert into repartidor (CURP, RFC, id_Taqueria, Nombre, A_Paterno, A_Materno, Calle, Numero, Estado, C_Postal, Edad, NSS, Antiguedad, Telefono, Email, tieneTransportePropio, marca, modelo, tipo) values ('MXOP098460VZWECWX6', 'KOKL054256DIP', 48, 'Juana', 'Perez', 'Cano', 'Del Mar', '82016', 'Querétaro', '81897', 45, '85211189622', '2018-09-03', '1419163518', 'wmatejic20@google.cn', false, 'Porsche', '928', 'bicicleta');
insert into repartidor (CURP, RFC, id_Taqueria, Nombre, A_Paterno, A_Materno, Calle, Numero, Estado, C_Postal, Edad, NSS, Antiguedad, Telefono, Email, tieneTransportePropio, marca, modelo, tipo) values ('EIMN139630FVKBLGM0', 'NUHL1002594GG', 1, 'Diana', 'Ortega', 'Nieto', 'Waubesa', '95', 'Veracruz', '92434', 48, '37000648872', '2021-03-19', '6225821276', 'dionnisian21@bandcamp.com', false, 'Land Rover', 'Discovery', 'motociclete');
insert into repartidor (CURP, RFC, id_Taqueria, Nombre, A_Paterno, A_Materno, Calle, Numero, Estado, C_Postal, Edad, NSS, Antiguedad, Telefono, Email, tieneTransportePropio, marca, modelo, tipo) values ('FIAE520573RBZTHHF2', 'AXWO2344633R1', 8, 'Carla', 'Lopez', 'Ortiz', 'Artisan', '1030', 'estados', '99313', 33, '21520162087', '2019-02-25', '4161778902', 'ddent22@columbia.edu', false, 'Mercedes-Benz', 'S-Class', 'motociclete');
insert into repartidor (CURP, RFC, id_Taqueria, Nombre, A_Paterno, A_Materno, Calle, Numero, Estado, C_Postal, Edad, NSS, Antiguedad, Telefono, Email, tieneTransportePropio, marca, modelo, tipo) values ('QHDU916416SOIISBK2', 'NRGY671208T3T', 35, 'Oscar', 'Vazquez', 'Carmona', 'Fairview', '120', 'Nayarit', '28265', 25, '35376146910', '2020-09-26', '9781840028', 'rellin23@ocn.ne.jp', true, 'Maybach', '57', 'bicicleta');
insert into repartidor (CURP, RFC, id_Taqueria, Nombre, A_Paterno, A_Materno, Calle, Numero, Estado, C_Postal, Edad, NSS, Antiguedad, Telefono, Email, tieneTransportePropio, marca, modelo, tipo) values ('ITJC601666SNUEBNC5', 'AWAZ3300946K4', 46, 'Mateo', 'Diaz', 'Nieto', 'Melby', '2130', 'Coahuila', '00415', 23, '19090947798', '2022-03-06', '9088653229', 'mkitchaside24@ask.com', true, 'Chevrolet', 'Tracker', 'motociclete');
insert into repartidor (CURP, RFC, id_Taqueria, Nombre, A_Paterno, A_Materno, Calle, Numero, Estado, C_Postal, Edad, NSS, Antiguedad, Telefono, Email, tieneTransportePropio, marca, modelo, tipo) values ('HZYN455684UTOFNUH7', 'OFUZ691149UW1', 72, 'Rafael', 'Iglesias', 'Alonso', 'Marquette', '27696', 'Baja California', '75929', 44, '58513762087', '2022-04-23', '8872938986', 'jwarrick25@diigo.com', true, 'Scion', 'xB', 'motociclete');
insert into repartidor (CURP, RFC, id_Taqueria, Nombre, A_Paterno, A_Materno, Calle, Numero, Estado, C_Postal, Edad, NSS, Antiguedad, Telefono, Email, tieneTransportePropio, marca, modelo, tipo) values ('NVHU506313OGRIIS39', 'QJHX122945VWE', 13, 'Lourdes', 'Prieto', 'Rivera', 'Hallows', '41253', 'Campeche', '71317', 18, '09875604962', '2021-11-08', '8871233073', 'adalgarnowch26@devhub.com', false, 'Volvo', 'S80', 'motociclete');
insert into repartidor (CURP, RFC, id_Taqueria, Nombre, A_Paterno, A_Materno, Calle, Numero, Estado, C_Postal, Edad, NSS, Antiguedad, Telefono, Email, tieneTransportePropio, marca, modelo, tipo) values ('PNQI675394TASLXE18', 'LOEK1993019RI', 81, 'Raquel', 'Garcia', 'Montero', 'Vahlen', '5103', 'Tlaxcala', '39718', 40, '37999985985', '2022-04-29', '8558088537', 'bsawart27@hc360.com', false, 'Lexus', 'RX', 'bicicleta');
insert into repartidor (CURP, RFC, id_Taqueria, Nombre, A_Paterno, A_Materno, Calle, Numero, Estado, C_Postal, Edad, NSS, Antiguedad, Telefono, Email, tieneTransportePropio, marca, modelo, tipo) values ('BGXB210721TMPXMPO5', 'TPZS556842GR5', 88, 'Angel', 'Parra', 'Cortes', 'Melody', '4603', 'Ciudad de México', '12379', 28, '33538928981', '2021-11-28', '5984566704', 'hlickess28@livejournal.com', true, 'Pontiac', 'Grand Prix', 'motociclete');
insert into repartidor (CURP, RFC, id_Taqueria, Nombre, A_Paterno, A_Materno, Calle, Numero, Estado, C_Postal, Edad, NSS, Antiguedad, Telefono, Email, tieneTransportePropio, marca, modelo, tipo) values ('DHYT235844CSBAPMC5', 'ILHS15048777N', 55, 'Carla', 'Saez', 'Lozano', 'Dakota', '62467', 'Guanajuato', '34415', 65, '27642611082', '2021-05-31', '9688103390', 'aatherley29@who.int', false, 'Chevrolet', 'Beretta', 'bicicleta');
insert into repartidor (CURP, RFC, id_Taqueria, Nombre, A_Paterno, A_Materno, Calle, Numero, Estado, C_Postal, Edad, NSS, Antiguedad, Telefono, Email, tieneTransportePropio, marca, modelo, tipo) values ('KOUS425847NDHVJMZ8', 'IHXU5628408DU', 6, 'Alejandra', 'Reyes', 'Pascual', 'Chinook', '5', 'San Luis Potosí', '16922', 46, '11491264665', '2018-12-22', '7725211846', 'dwehnerr2a@archive.org', true, 'Subaru', 'Forester', 'bicicleta');
insert into repartidor (CURP, RFC, id_Taqueria, Nombre, A_Paterno, A_Materno, Calle, Numero, Estado, C_Postal, Edad, NSS, Antiguedad, Telefono, Email, tieneTransportePropio, marca, modelo, tipo) values ('MAZQ031735BTWWISV3', 'LCJJ704078W8H', 18, 'Noelia', 'Diez', 'Perez', 'Vidon', '2', 'Guerrero', '33343', 60, '81284740487', '2020-06-23', '6468613702', 'cfayne2b@ucla.edu', true, 'Mercedes-Benz', 'Sprinter', 'bicicleta');
insert into repartidor (CURP, RFC, id_Taqueria, Nombre, A_Paterno, A_Materno, Calle, Numero, Estado, C_Postal, Edad, NSS, Antiguedad, Telefono, Email, tieneTransportePropio, marca, modelo, tipo) values ('SOCO870688HDNYJE08', 'BUIW2463598BR', 33, 'Asuncion', 'Jimenez', 'Gallego', 'Delaware', '6', 'Guanajuato', '26481', 49, '19816557279', '2018-06-13', '6924534574', 'lbrahms2c@comsenz.com', false, 'Mercedes-Benz', 'CL-Class', 'motociclete');
insert into repartidor (CURP, RFC, id_Taqueria, Nombre, A_Paterno, A_Materno, Calle, Numero, Estado, C_Postal, Edad, NSS, Antiguedad, Telefono, Email, tieneTransportePropio, marca, modelo, tipo) values ('AGBS416615NDQAVUX0', 'QJCW527329PZU', 59, 'Victor', 'Reyes', 'Molina', 'Hermina', '90679', 'Guerrero', '97150', 31, '69471529710', '2018-09-21', '8583860719', 'rgascoyen2d@wsj.com', false, 'Cadillac', 'Seville', 'bicicleta');
insert into repartidor (CURP, RFC, id_Taqueria, Nombre, A_Paterno, A_Materno, Calle, Numero, Estado, C_Postal, Edad, NSS, Antiguedad, Telefono, Email, tieneTransportePropio, marca, modelo, tipo) values ('ZRYV415630OMWSPDT1', 'IUFU660168IEZ', 35, 'Celia', 'Sanchez', 'Rubio', 'Manufacturers', '8087', 'Querétaro', '99078', 37, '19916607403', '2020-06-13', '7166206262', 'egosdin2e@blogtalkradio.com', true, 'Honda', 'CR-V', 'bicicleta');
insert into repartidor (CURP, RFC, id_Taqueria, Nombre, A_Paterno, A_Materno, Calle, Numero, Estado, C_Postal, Edad, NSS, Antiguedad, Telefono, Email, tieneTransportePropio, marca, modelo, tipo) values ('MHJG365644WLSLRUX1', 'RPBQ93564845E', 77, 'Julian', 'Hidalgo', 'Liera', 'Arapahoe', '36', 'Campeche', '96677', 68, '32477485976', '2019-05-10', '5825368996', 'rmasser2f@hao123.com', true, 'Buick', 'Reatta', 'bicicleta');
insert into repartidor (CURP, RFC, id_Taqueria, Nombre, A_Paterno, A_Materno, Calle, Numero, Estado, C_Postal, Edad, NSS, Antiguedad, Telefono, Email, tieneTransportePropio, marca, modelo, tipo) values ('FDKB832942UKIXUTN4', 'RBYD489833S97', 1, 'Consuelo', 'Delgado', 'Roman', 'Beilfuss', '37', 'Michoacán', '47681', 53, '38763122495', '2022-02-20', '9862479999', 'tbrazear2g@cloudflare.com', true, 'Land Rover', 'Freelander', 'motociclete');
insert into repartidor (CURP, RFC, id_Taqueria, Nombre, A_Paterno, A_Materno, Calle, Numero, Estado, C_Postal, Edad, NSS, Antiguedad, Telefono, Email, tieneTransportePropio, marca, modelo, tipo) values ('GRVU943920QKFRVJ16', 'MOMS706134ENW', 51, 'Antonio', 'Rojas', 'Lozano', 'Hudson', '6643', 'México', '20345', 48, '18619542825', '2020-07-18', '5413870425', 'lperschke2h@unicef.org', true, 'Lincoln', 'Town Car', 'motociclete');
insert into repartidor (CURP, RFC, id_Taqueria, Nombre, A_Paterno, A_Materno, Calle, Numero, Estado, C_Postal, Edad, NSS, Antiguedad, Telefono, Email, tieneTransportePropio, marca, modelo, tipo) values ('OKDL858957LXWVAGW7', 'AHEO975135ZLB', 6, 'Sofia', 'Cortes', 'Rodriguez', 'Lyons', '7765', 'Sinaloa', '01855', 37, '02237220901', '2019-04-21', '9926351603', 'eizzatt2i@harvard.edu', true, 'GMC', 'Vandura 1500', 'bicicleta');
insert into repartidor (CURP, RFC, id_Taqueria, Nombre, A_Paterno, A_Materno, Calle, Numero, Estado, C_Postal, Edad, NSS, Antiguedad, Telefono, Email, tieneTransportePropio, marca, modelo, tipo) values ('APIS640468RZRUJD96', 'KGVK035286EKA', 89, 'Virginia', 'Cortes', 'Herrera', 'Buhler', '3122', 'Jalisco', '11205', 61, '14433810057', '2019-09-14', '5254676158', 'irichfield2j@miibeian.gov.cn', true, 'Honda', 'Fit', 'motociclete');
insert into repartidor (CURP, RFC, id_Taqueria, Nombre, A_Paterno, A_Materno, Calle, Numero, Estado, C_Postal, Edad, NSS, Antiguedad, Telefono, Email, tieneTransportePropio, marca, modelo, tipo) values ('FNRK826626SSGEIWA3', 'DHKE620129C8D', 80, 'Mohamed', 'Bravo', 'Gil', 'Mifflin', '6', 'Morelos', '07673', 67, '22539145463', '2020-12-14', '3385847373', 'sslocombe2k@ox.ac.uk', false, 'Mercedes-Benz', 'E-Class', 'bicicleta');
insert into repartidor (CURP, RFC, id_Taqueria, Nombre, A_Paterno, A_Materno, Calle, Numero, Estado, C_Postal, Edad, NSS, Antiguedad, Telefono, Email, tieneTransportePropio, marca, modelo, tipo) values ('QNRN722218DPIIXJ69', 'QQBE001577IRW', 26, 'Julia', 'Uriostegui', 'Perez', 'Oneill', '8', 'Baja California', '28002', 23, '42248633585', '2020-06-16', '1258070954', 'vocarmody2l@state.tx.us', false, 'Ford', 'Explorer Sport Trac', 'bicicleta');
insert into repartidor (CURP, RFC, id_Taqueria, Nombre, A_Paterno, A_Materno, Calle, Numero, Estado, C_Postal, Edad, NSS, Antiguedad, Telefono, Email, tieneTransportePropio, marca, modelo, tipo) values ('MSBA289570SGTVZKM6', 'ULXT396750DIQ', 22, 'Alejandro', 'Ferrer', 'Benitez', 'Oxford', '04', 'Campeche', '63396', 67, '22777559980', '2021-07-27', '4983693935', 'kschoolcroft2m@ameblo.jp', false, 'Subaru', 'Justy', 'bicicleta');
insert into repartidor (CURP, RFC, id_Taqueria, Nombre, A_Paterno, A_Materno, Calle, Numero, Estado, C_Postal, Edad, NSS, Antiguedad, Telefono, Email, tieneTransportePropio, marca, modelo, tipo) values ('TOTF798222VWBMDVB5', 'URWO094105S6W', 73, 'Joel', 'Perez', 'Rojas', 'Meadow Ridge', '67', 'Hidalgo', '05142', 67, '23212078072', '2022-04-04', '9473066653', 'mdoerling2n@baidu.com', false, 'Toyota', 'Prius', 'bicicleta');
insert into repartidor (CURP, RFC, id_Taqueria, Nombre, A_Paterno, A_Materno, Calle, Numero, Estado, C_Postal, Edad, NSS, Antiguedad, Telefono, Email, tieneTransportePropio, marca, modelo, tipo) values ('FOTC450810WGTFAXB0', 'OFDR319480S7J', 17, 'Olga', 'Cano', 'Castillo', 'Amoth', '3', 'Veracruz', '74445', 33, '58056975228', '2022-03-08', '2758664746', 'cfadian2o@npr.org', false, 'Hyundai', 'Veloster', 'bicicleta');
insert into repartidor (CURP, RFC, id_Taqueria, Nombre, A_Paterno, A_Materno, Calle, Numero, Estado, C_Postal, Edad, NSS, Antiguedad, Telefono, Email, tieneTransportePropio, marca, modelo, tipo) values ('GCDV481931JTNUHGR3', 'KFOZ622723F5R', 70, 'Juan', 'Vazquez', 'Ferrer', 'Autumn Leaf', '027', 'Coahuila', '22990', 28, '95461648154', '2019-09-16', '2237316055', 'sgrishelyov2p@hp.com', true, 'Cadillac', 'Fleetwood', 'bicicleta');
insert into repartidor (CURP, RFC, id_Taqueria, Nombre, A_Paterno, A_Materno, Calle, Numero, Estado, C_Postal, Edad, NSS, Antiguedad, Telefono, Email, tieneTransportePropio, marca, modelo, tipo) values ('LUZM893248NAZJPR43', 'LHNR3478631C4', 32, 'Pilar', 'Guerrero', 'Delgado', 'Carberry', '22', 'San Luis Potosí', '99148', 23, '80205297654', '2020-06-18', '2176139164', 'blorden2q@is.gd', false, 'Lotus', 'Exige', 'bicicleta');
insert into repartidor (CURP, RFC, id_Taqueria, Nombre, A_Paterno, A_Materno, Calle, Numero, Estado, C_Postal, Edad, NSS, Antiguedad, Telefono, Email, tieneTransportePropio, marca, modelo, tipo) values ('YGDW223182VECSNBJ8', 'QJBT310678TO5', 25, 'Joel', 'Sanz', 'Prieto', 'Oakridge', '333', 'Guanajuato', '29256', 35, '04934341507', '2021-09-01', '6252164948', 'hrose2r@vistaprint.com', true, 'Cadillac', 'SRX', 'motociclete');

-- CLIENTE

insert into cliente (CURP, id_Taqueria, Nombre, A_Paterno, A_Materno, Calle, Numero, Estado, C_Postal, Telefono, Email, A_Domicilio, Puntos_Taquero_Corazon) values ('FJOG828360GNEPKEH2', 83, 'Salvador', 'Carrasco', 'Cabrera', 'Messerschmidt', 7830, 'Quintana Roo', '08948', 8546123306, 8546123306, false, 205.93);
insert into cliente (CURP, id_Taqueria, Nombre, A_Paterno, A_Materno, Calle, Numero, Estado, C_Postal, Telefono, Email, A_Domicilio, Puntos_Taquero_Corazon) values ('DKLO929702VYCDBM77', 50, 'Magdalena', 'Fuentes', 'Ruiz', 'Commercial', 3, 'Tabasco', '01536', 6532222701, 6532222701, false, 125.28);
insert into cliente (CURP, id_Taqueria, Nombre, A_Paterno, A_Materno, Calle, Numero, Estado, C_Postal, Telefono, Email, A_Domicilio, Puntos_Taquero_Corazon) values ('MGWI127823PYDFZN94', 65, 'Elena', 'Carrasco', 'Suarez', 'Nelson', 9827, 'Tlaxcala', '03624', 6999490535, 6999490535, true, 278.92);
insert into cliente (CURP, id_Taqueria, Nombre, A_Paterno, A_Materno, Calle, Numero, Estado, C_Postal, Telefono, Email, A_Domicilio, Puntos_Taquero_Corazon) values ('XBKU242629NEPWXDR4', 42, 'Alvaro', 'Vega', 'Iglesias', 'Manitowish', 9, 'Jalisco', '62902', 8261509061, 8261509061, true, 994.69);
insert into cliente (CURP, id_Taqueria, Nombre, A_Paterno, A_Materno, Calle, Numero, Estado, C_Postal, Telefono, Email, A_Domicilio, Puntos_Taquero_Corazon) values ('HMGR312920ZHLQPWJ7', 42, 'Paula', 'Castillo', 'Vargas', 'Trailsway', 4417, 'Yucatán', '50907', 8045275517, 8045275517, true, 292.49);
insert into cliente (CURP, id_Taqueria, Nombre, A_Paterno, A_Materno, Calle, Numero, Estado, C_Postal, Telefono, Email, A_Domicilio, Puntos_Taquero_Corazon) values ('STZB162136TEKMTGZ3', 90, 'Raul', 'Hidalgo', 'Parra', 'Carpenter', 33083, 'Querétaro', '54447', 8733356073, 8733356073, false, 733.08);
insert into cliente (CURP, id_Taqueria, Nombre, A_Paterno, A_Materno, Calle, Numero, Estado, C_Postal, Telefono, Email, A_Domicilio, Puntos_Taquero_Corazon) values ('ZQUV473924HNZXKBZ6', 44, 'Esteban', 'Sanz', 'Parra', 'Dwight', 223, 'Guerrero', '79018', 4335239789, 4335239789, true, 1.17);
insert into cliente (CURP, id_Taqueria, Nombre, A_Paterno, A_Materno, Calle, Numero, Estado, C_Postal, Telefono, Email, A_Domicilio, Puntos_Taquero_Corazon) values ('XWWI972614DRQCWK13', 27, 'Natalia', 'Saez', 'Gallardo', 'Homewood', 14, 'Baja California', '21170', 1138790515, 1138790515, false, 965.89);
insert into cliente (CURP, id_Taqueria, Nombre, A_Paterno, A_Materno, Calle, Numero, Estado, C_Postal, Telefono, Email, A_Domicilio, Puntos_Taquero_Corazon) values ('EHIS536073JRYMKFQ6', 15, 'Antonia', 'Montero', 'Rubio', 'Oxford', '067', 'Nayarit', '20629', 6164775278, 6164775278, true, 891.41);
insert into cliente (CURP, id_Taqueria, Nombre, A_Paterno, A_Materno, Calle, Numero, Estado, C_Postal, Telefono, Email, A_Domicilio, Puntos_Taquero_Corazon) values ('XSWH507035BRVKXJ17', 80, 'Eric', 'Santos', 'Arias', 'Hovde', '34', 'Tlaxcala', '83599', 1082513480, 1082513480, true, 116.19);
insert into cliente (CURP, id_Taqueria, Nombre, A_Paterno, A_Materno, Calle, Numero, Estado, C_Postal, Telefono, Email, A_Domicilio, Puntos_Taquero_Corazon) values ('BECL629793QPMDFIB8', 76, 'Javier', 'Montero', 'Caballero', 'Burrows', '1405', 'Ciudad de México', '56442', 4944481389, 4944481389, false, 177.78);
insert into cliente (CURP, id_Taqueria, Nombre, A_Paterno, A_Materno, Calle, Numero, Estado, C_Postal, Telefono, Email, A_Domicilio, Puntos_Taquero_Corazon) values ('RVDB976747KZARVJD9', 82, 'Eugenio', 'Fernandez', 'Castillo', 'Milwaukee', '59222', 'Baja California Sur', '78344', 5816902299, 5816902299, false, 423.59);
insert into cliente (CURP, id_Taqueria, Nombre, A_Paterno, A_Materno, Calle, Numero, Estado, C_Postal, Telefono, Email, A_Domicilio, Puntos_Taquero_Corazon) values ('LRBI092312QOCUCHY9', 52, 'Marcos', 'Diez', 'Uriostegui', 'Elka', '6529', 'Zacatecas', '32542', 8032100282, 8032100282, false, 640.92);
insert into cliente (CURP, id_Taqueria, Nombre, A_Paterno, A_Materno, Calle, Numero, Estado, C_Postal, Telefono, Email, A_Domicilio, Puntos_Taquero_Corazon) values ('LLHF505662VASZTWO3', 35, 'Isaac', 'Lopez', 'Olivera', 'Manley', '18321', 'Distrito Federal', '61143', 7096517877, 7096517877, false, 721.07);
insert into cliente (CURP, id_Taqueria, Nombre, A_Paterno, A_Materno, Calle, Numero, Estado, C_Postal, Telefono, Email, A_Domicilio, Puntos_Taquero_Corazon) values ('JPIQ843771RYCPBU16', 70, 'Luz', 'Blanco', 'Pascual', 'Service', '5239', 'Chihuahua', '74505', 2625990655, 2625990655, true, 771.75);
insert into cliente (CURP, id_Taqueria, Nombre, A_Paterno, A_Materno, Calle, Numero, Estado, C_Postal, Telefono, Email, A_Domicilio, Puntos_Taquero_Corazon) values ('FRRD818741VNHNLUY1', 17, 'Lorena', 'Liera', 'Sanz', 'Barnett', '662', 'estados', '86142', 7967709685, 7967709685, true, 757.19);
insert into cliente (CURP, id_Taqueria, Nombre, A_Paterno, A_Materno, Calle, Numero, Estado, C_Postal, Telefono, Email, A_Domicilio, Puntos_Taquero_Corazon) values ('GRVL718404UBNWAU22', 90, 'Miriam', 'Ortiz', 'Olivera', 'Hauk', '38', 'San Luis Potosí', '42446', 7508260235, 7508260235, false, 138.86);
insert into cliente (CURP, id_Taqueria, Nombre, A_Paterno, A_Materno, Calle, Numero, Estado, C_Postal, Telefono, Email, A_Domicilio, Puntos_Taquero_Corazon) values ('CYWY464086ZYRFYZM3', 1, 'Emilia', 'Castro', 'Montez', 'Rieder', '5024', 'Jalisco', '21884', 3682684424, 3682684424, true, 867.64);
insert into cliente (CURP, id_Taqueria, Nombre, A_Paterno, A_Materno, Calle, Numero, Estado, C_Postal, Telefono, Email, A_Domicilio, Puntos_Taquero_Corazon) values ('RHVY951544FUBBRPM5', 63, 'Luz', 'Lozano', 'Fernandez', 'Spaight', '658', 'Zacatecas', '71775', 7282651716, 7282651716, false, 493.58);
insert into cliente (CURP, id_Taqueria, Nombre, A_Paterno, A_Materno, Calle, Numero, Estado, C_Postal, Telefono, Email, A_Domicilio, Puntos_Taquero_Corazon) values ('GWBY505236PLKXSTS7', 12, 'Julio', 'Pascual', 'Moya', 'Clarendon', '91', 'Tlaxcala', '39428', 4053303042, 4053303042, true, 675.82);
insert into cliente (CURP, id_Taqueria, Nombre, A_Paterno, A_Materno, Calle, Numero, Estado, C_Postal, Telefono, Email, A_Domicilio, Puntos_Taquero_Corazon) values ('BZWJ480863AITFHSR7', 69, 'Miguel', 'Bravo', 'Marin', 'Kinsman', '899', 'Guanajuato', '51102', 7801135511, 7801135511, true, 91.04);
insert into cliente (CURP, id_Taqueria, Nombre, A_Paterno, A_Materno, Calle, Numero, Estado, C_Postal, Telefono, Email, A_Domicilio, Puntos_Taquero_Corazon) values ('LKUC713817GEVSYNY9', 73, 'Daniela', 'Ramirez', 'Mendez', 'Grim', '38185', 'Tabasco', '65194', 4812167500, 4812167500, true, 589.33);
insert into cliente (CURP, id_Taqueria, Nombre, A_Paterno, A_Materno, Calle, Numero, Estado, C_Postal, Telefono, Email, A_Domicilio, Puntos_Taquero_Corazon) values ('GJBH516472VCFZTPT7', 87, 'Rafael', 'Parra', 'Arias', 'Eastwood', '976', 'México', '39383', 1993773880, 1993773880, true, 308.54);
insert into cliente (CURP, id_Taqueria, Nombre, A_Paterno, A_Materno, Calle, Numero, Estado, C_Postal, Telefono, Email, A_Domicilio, Puntos_Taquero_Corazon) values ('CFJB318310TCWZPG89', 83, 'Ricardo', 'Navarro', 'Vega', 'Meadow Ridge', '04172', 'Durango', '41924', 2815928616, 2815928616, true, 914.13);
insert into cliente (CURP, id_Taqueria, Nombre, A_Paterno, A_Materno, Calle, Numero, Estado, C_Postal, Telefono, Email, A_Domicilio, Puntos_Taquero_Corazon) values ('QCTT761641ERDPCP27', 1, 'Isaac', 'Roman', 'Hidalgo', 'Cambridge', '0047', 'Chiapas', '78525', 3832358933, 3832358933, true, 963.73);
insert into cliente (CURP, id_Taqueria, Nombre, A_Paterno, A_Materno, Calle, Numero, Estado, C_Postal, Telefono, Email, A_Domicilio, Puntos_Taquero_Corazon) values ('KPTS420615DHNPOMB0', 59, 'Mariano', 'Molina', 'Saez', 'Jackson', '139', 'Puebla', '96406', '5319832727', 'dmussolini0@com.com', true, 358.17);
insert into cliente (CURP, id_Taqueria, Nombre, A_Paterno, A_Materno, Calle, Numero, Estado, C_Postal, Telefono, Email, A_Domicilio, Puntos_Taquero_Corazon) values ('NAQL036692FXAPULW8', 62, 'German', 'Moya', 'Molina', 'Ridge Oak', '571', 'Guerrero', '22905', '4975756360', 'ahounihan1@parallels.com', false, 263.92);
insert into cliente (CURP, id_Taqueria, Nombre, A_Paterno, A_Materno, Calle, Numero, Estado, C_Postal, Telefono, Email, A_Domicilio, Puntos_Taquero_Corazon) values ('IPWJ707802SYSZXVX9', 33, 'Cristobal', 'Fuentes', 'Fernandez', 'Armistice', '76', 'Ciudad de México', '28263', '3508042522', 'tbiesterfeld2@drupal.org', true, 714.91);
insert into cliente (CURP, id_Taqueria, Nombre, A_Paterno, A_Materno, Calle, Numero, Estado, C_Postal, Telefono, Email, A_Domicilio, Puntos_Taquero_Corazon) values ('JALK160205SZWALVU5', 70, 'Esperanza', 'Liera', 'Gimenez', 'Anhalt', '12302', 'Tamaulipas', '58800', '3387611258', 'tplester3@apache.org', false, 272.59);
insert into cliente (CURP, id_Taqueria, Nombre, A_Paterno, A_Materno, Calle, Numero, Estado, C_Postal, Telefono, Email, A_Domicilio, Puntos_Taquero_Corazon) values ('WBVM720929KSIVWY77', 42, 'Adolfo', 'Ortiz', 'Campos', 'Mccormick', '40', 'México', '27663', '5113141891', 'hcampo4@infoseek.co.jp', true, 188.1);
insert into cliente (CURP, id_Taqueria, Nombre, A_Paterno, A_Materno, Calle, Numero, Estado, C_Postal, Telefono, Email, A_Domicilio, Puntos_Taquero_Corazon) values ('OJEE793688GLHVOEV2', 28, 'Paula', 'Santana', 'Santiago', 'Sutteridge', '9', 'Guerrero', '77375', '9065816443', 'wshoute5@digg.com', false, 981.86);
insert into cliente (CURP, id_Taqueria, Nombre, A_Paterno, A_Materno, Calle, Numero, Estado, C_Postal, Telefono, Email, A_Domicilio, Puntos_Taquero_Corazon) values ('FYRJ428541LKBMEQQ7', 52, 'Alvaro', 'Martin', 'Moreno', 'Harbort', '8740', 'Sinaloa', '86728', '2174246695', 'rlatey6@phpbb.com', true, 825.97);
insert into cliente (CURP, id_Taqueria, Nombre, A_Paterno, A_Materno, Calle, Numero, Estado, C_Postal, Telefono, Email, A_Domicilio, Puntos_Taquero_Corazon) values ('BXLL367723XLQRIKI0', 21, 'Roberto', 'Torres', 'Cortes', 'Hazelcrest', '0796', 'Quintana Roo', '64880', '5223100601', 'nfeakins7@un.org', true, 221.13);
insert into cliente (CURP, id_Taqueria, Nombre, A_Paterno, A_Materno, Calle, Numero, Estado, C_Postal, Telefono, Email, A_Domicilio, Puntos_Taquero_Corazon) values ('ZFSC900613XDAZLPG9', 12, 'Daniel', 'Lorenzo', 'Parra', 'Morrow', '38', 'Ciudad de México', '88127', '4446682687', 'lviney8@uiuc.edu', true, 593.29);
insert into cliente (CURP, id_Taqueria, Nombre, A_Paterno, A_Materno, Calle, Numero, Estado, C_Postal, Telefono, Email, A_Domicilio, Puntos_Taquero_Corazon) values ('NOQO227139ORLFLP13', 35, 'Ines', 'Santiago', 'Campos', 'Fallview', '899', 'Querétaro', '28053', '5905991217', 'celegood9@dropbox.com', true, 268.0);
insert into cliente (CURP, id_Taqueria, Nombre, A_Paterno, A_Materno, Calle, Numero, Estado, C_Postal, Telefono, Email, A_Domicilio, Puntos_Taquero_Corazon) values ('HMWK339414OEKJETW3', 19, 'Irene', 'Ramos', 'Santana', 'Pierstorff', '32', 'Baja California', '01616', '9023761001', 'smabbsa@psu.edu', false, 27.36);
insert into cliente (CURP, id_Taqueria, Nombre, A_Paterno, A_Materno, Calle, Numero, Estado, C_Postal, Telefono, Email, A_Domicilio, Puntos_Taquero_Corazon) values ('YCAS284534HWAVWZL0', 99, 'Fernando', 'Olivera', 'Vazquez', 'Cambridge', '7', 'Michoacán', '82500', '9917035878', 'mmichinb@issuu.com', true, 57.49);
insert into cliente (CURP, id_Taqueria, Nombre, A_Paterno, A_Materno, Calle, Numero, Estado, C_Postal, Telefono, Email, A_Domicilio, Puntos_Taquero_Corazon) values ('BPMX023711ODUIOV80', 75, 'Esteban', 'Sanchez', 'Uriostegui', 'Kedzie', '42755', 'Tlaxcala', '68392', '8538680496', 'npetaschc@netscape.com', false, 593.01);
insert into cliente (CURP, id_Taqueria, Nombre, A_Paterno, A_Materno, Calle, Numero, Estado, C_Postal, Telefono, Email, A_Domicilio, Puntos_Taquero_Corazon) values ('HVQU254916NOYMKKC9', 44, 'Alfredo', 'Moya', 'Garcia', 'Lakewood Gardens', '58', 'Chihuahua', '10910', '8184317506', 'phastlerd@foxnews.com', true, 514.63);
insert into cliente (CURP, id_Taqueria, Nombre, A_Paterno, A_Materno, Calle, Numero, Estado, C_Postal, Telefono, Email, A_Domicilio, Puntos_Taquero_Corazon) values ('PIBV495179UTKAQRD7', 59, 'Noelia', 'Nieto', 'Soler', 'Warner', '873', 'Nuevo León', '15055', '6172852547', 'gladene@wiley.com', false, 665.18);
insert into cliente (CURP, id_Taqueria, Nombre, A_Paterno, A_Materno, Calle, Numero, Estado, C_Postal, Telefono, Email, A_Domicilio, Puntos_Taquero_Corazon) values ('OFSY321242ZNIZWMB8', 86, 'Guillermo', 'Santiago', 'Vidal', 'Namekagon', '829', 'Tabasco', '62347', '1653519604', 'ocrittenf@latimes.com', true, 760.53);
insert into cliente (CURP, id_Taqueria, Nombre, A_Paterno, A_Materno, Calle, Numero, Estado, C_Postal, Telefono, Email, A_Domicilio, Puntos_Taquero_Corazon) values ('BDYG659560TBURHML9', 35, 'Rodrigo', 'Garrido', 'Mendez', 'Dryden', '2', 'Jalisco', '74865', '4844701973', 'ibroadleyg@upenn.edu', true, 886.16);
insert into cliente (CURP, id_Taqueria, Nombre, A_Paterno, A_Materno, Calle, Numero, Estado, C_Postal, Telefono, Email, A_Domicilio, Puntos_Taquero_Corazon) values ('OECN012931FOQXBDC0', 44, 'Rosa', 'Rodriguez', 'Soler', 'Dunning', '097', 'Jalisco', '06423', '8646409832', 'pstradlingh@pinterest.com', true, 912.87);
insert into cliente (CURP, id_Taqueria, Nombre, A_Paterno, A_Materno, Calle, Numero, Estado, C_Postal, Telefono, Email, A_Domicilio, Puntos_Taquero_Corazon) values ('QWLB024823JNHLUZM0', 49, 'Marta', 'Fernandez', 'Flores', 'Heffernan', '17233', 'Baja California Sur', '39434', '2291755337', 'gbarthi@uol.com.br', false, 886.34);
insert into cliente (CURP, id_Taqueria, Nombre, A_Paterno, A_Materno, Calle, Numero, Estado, C_Postal, Telefono, Email, A_Domicilio, Puntos_Taquero_Corazon) values ('FSXI197283ZXRHUK27', 66, 'Ismael', 'Romero', 'Medina', 'Hanover', '0', 'Aguascalientes', '11031', '4392875593', 'hwinningj@uol.com.br', true, 951.64);
insert into cliente (CURP, id_Taqueria, Nombre, A_Paterno, A_Materno, Calle, Numero, Estado, C_Postal, Telefono, Email, A_Domicilio, Puntos_Taquero_Corazon) values ('MGAB837953FXJERC79', 1, 'Felipe', 'Marquez', 'Santana', 'Caliangt', '68', 'Coahuila', '87701', '5722418125', 'mflippenk@mozilla.com', true, 420.03);
insert into cliente (CURP, id_Taqueria, Nombre, A_Paterno, A_Materno, Calle, Numero, Estado, C_Postal, Telefono, Email, A_Domicilio, Puntos_Taquero_Corazon) values ('QBNO509254WCAVPDC0', 33, 'Andres', 'Velasco', 'Benitez', 'Vahlen', '798', 'Nuevo León', '79633', '3036591586', 'kshivlinl@stumbleupon.com', true, 78.64);
insert into cliente (CURP, id_Taqueria, Nombre, A_Paterno, A_Materno, Calle, Numero, Estado, C_Postal, Telefono, Email, A_Domicilio, Puntos_Taquero_Corazon) values ('SGJD318467LUUGWXY8', 43, 'Joaquin', 'Crespo', 'Fernandez', 'Toban', '02', 'Sonora', '42969', '7836142702', 'anavarom@blog.com', true, 531.4);
insert into cliente (CURP, id_Taqueria, Nombre, A_Paterno, A_Materno, Calle, Numero, Estado, C_Postal, Telefono, Email, A_Domicilio, Puntos_Taquero_Corazon) values ('RTYO467121MPUUXXC5', 66, 'Esteban', 'Dominguez', 'Ferrer', 'Morrow', '2', 'Hidalgo', '65801', '6056109880', 'poteaguen@a8.net', false, 657.71);
insert into cliente (CURP, id_Taqueria, Nombre, A_Paterno, A_Materno, Calle, Numero, Estado, C_Postal, Telefono, Email, A_Domicilio, Puntos_Taquero_Corazon) values ('VNIV211834VMQUYK22', 18, 'Rafael', 'Montero', 'Pastor', 'Ludington', '1585', 'Chiapas', '62544', '2782020879', 'sfenbyo@twitpic.com', false, 166.61);
insert into cliente (CURP, id_Taqueria, Nombre, A_Paterno, A_Materno, Calle, Numero, Estado, C_Postal, Telefono, Email, A_Domicilio, Puntos_Taquero_Corazon) values ('AWPL010741GZIKVWY4', 24, 'Martin', 'Marin', 'Gimenez', 'Doe Crossing', '09', 'Baja California Sur', '25545', '4157655929', 'sthackwrayp@gov.uk', false, 390.99);
insert into cliente (CURP, id_Taqueria, Nombre, A_Paterno, A_Materno, Calle, Numero, Estado, C_Postal, Telefono, Email, A_Domicilio, Puntos_Taquero_Corazon) values ('VGVT423109VUAMMK33', 49, 'Jose', 'Reyes', 'Marin', 'Mariners Cove', '97', 'Querétaro', '70841', '8147947773', 'llotsq@google.pl', true, 836.9);
insert into cliente (CURP, id_Taqueria, Nombre, A_Paterno, A_Materno, Calle, Numero, Estado, C_Postal, Telefono, Email, A_Domicilio, Puntos_Taquero_Corazon) values ('ZVQQ429207HUPDZYU8', 70, 'Manuela', 'Herrero', 'Aguilar', 'Roth', '717', 'San Luis Potosí', '94899', '4478752273', 'agatfieldr@pinterest.com', true, 299.38);
insert into cliente (CURP, id_Taqueria, Nombre, A_Paterno, A_Materno, Calle, Numero, Estado, C_Postal, Telefono, Email, A_Domicilio, Puntos_Taquero_Corazon) values ('IKKR270981ROFGFLI6', 45, 'Alejandra', 'Duran', 'Cruz', 'Cascade', '66', 'Zacatecas', '94817', '3289098224', 'cburys@reddit.com', false, 442.97);
insert into cliente (CURP, id_Taqueria, Nombre, A_Paterno, A_Materno, Calle, Numero, Estado, C_Postal, Telefono, Email, A_Domicilio, Puntos_Taquero_Corazon) values ('IIDR360366LPEHRHG1', 62, 'Marco', 'Vargas', 'Fuentes', 'Mockingbird', '3472', 'Sonora', '42333', '9337254721', 'hbonert@bing.com', true, 110.34);
insert into cliente (CURP, id_Taqueria, Nombre, A_Paterno, A_Materno, Calle, Numero, Estado, C_Postal, Telefono, Email, A_Domicilio, Puntos_Taquero_Corazon) values ('YLGG166953HJZQVKT5', 7, 'Julio', 'Montero', 'Hidalgo', 'Hooker', '89', 'Campeche', '47777', '7112350125', 'ddaethu@t-online.de', false, 499.2);
insert into cliente (CURP, id_Taqueria, Nombre, A_Paterno, A_Materno, Calle, Numero, Estado, C_Postal, Telefono, Email, A_Domicilio, Puntos_Taquero_Corazon) values ('WGXO780217YFQNAMK8', 77, 'Pilar', 'Jimenez', 'Alonso', 'Nancy', '81259', 'Baja California', '52233', '2278121331', 'chaltv@lycos.com', false, 426.16);
insert into cliente (CURP, id_Taqueria, Nombre, A_Paterno, A_Materno, Calle, Numero, Estado, C_Postal, Telefono, Email, A_Domicilio, Puntos_Taquero_Corazon) values ('MISV935468UHVMVGJ8', 28, 'Maria', 'Calvo', 'Calvo', 'Division', '479', 'Hidalgo', '10730', '1523448786', 'bdoumerquew@newyorker.com', true, 417.39);
insert into cliente (CURP, id_Taqueria, Nombre, A_Paterno, A_Materno, Calle, Numero, Estado, C_Postal, Telefono, Email, A_Domicilio, Puntos_Taquero_Corazon) values ('XIHT451168CABKJF35', 58, 'Adolfo', 'Rodriguez', 'Rubio', 'Merrick', '0', 'Baja California Sur', '70678', '1684290752', 'smaystonx@ucoz.ru', false, 446.32);
insert into cliente (CURP, id_Taqueria, Nombre, A_Paterno, A_Materno, Calle, Numero, Estado, C_Postal, Telefono, Email, A_Domicilio, Puntos_Taquero_Corazon) values ('ZBEX381128KBTEOSG4', 52, 'Vicente', 'Leon', 'Martinez', 'Nevada', '3077', 'Tabasco', '70726', '8934609413', 'bwoolamy@ifeng.com', true, 475.77);
insert into cliente (CURP, id_Taqueria, Nombre, A_Paterno, A_Materno, Calle, Numero, Estado, C_Postal, Telefono, Email, A_Domicilio, Puntos_Taquero_Corazon) values ('EEGE734832AQCAVPG2', 17, 'Virginia', 'Perez', 'Iglesias', 'Morrow', '22', 'Sinaloa', '48122', '1187516771', 'lcobsonz@salon.com', false, 178.81);
insert into cliente (CURP, id_Taqueria, Nombre, A_Paterno, A_Materno, Calle, Numero, Estado, C_Postal, Telefono, Email, A_Domicilio, Puntos_Taquero_Corazon) values ('IOEY515241SLCRIUY0', 3, 'Aitor', 'Montero', 'Santos', 'Quincy', '881', 'Chiapas', '61347', '4035800100', 'rboissier10@yellowpages.com', true, 910.17);
insert into cliente (CURP, id_Taqueria, Nombre, A_Paterno, A_Materno, Calle, Numero, Estado, C_Postal, Telefono, Email, A_Domicilio, Puntos_Taquero_Corazon) values ('MLRN550900ESEEBGA5', 90, 'Marina', 'Nieto', 'Santiago', 'Myrtle', '2822', 'México', '77377', '9121478982', 'npetigrew11@apple.com', false, 621.2);
insert into cliente (CURP, id_Taqueria, Nombre, A_Paterno, A_Materno, Calle, Numero, Estado, C_Postal, Telefono, Email, A_Domicilio, Puntos_Taquero_Corazon) values ('IMIN702443JNQCMQS0', 80, 'Lorena', 'Leon', 'Santana', 'Debra', '3016', 'Coahuila', '37614', '6355881599', 'pbowser12@wiley.com', true, 32.77);
insert into cliente (CURP, id_Taqueria, Nombre, A_Paterno, A_Materno, Calle, Numero, Estado, C_Postal, Telefono, Email, A_Domicilio, Puntos_Taquero_Corazon) values ('RHFG817480DGMJCZ83', 77, 'Francisco', 'Montero', 'Liera', 'Butterfield', '682', 'Jalisco', '48505', '5928204959', 'mlaverock13@yelp.com', false, 803.83);
insert into cliente (CURP, id_Taqueria, Nombre, A_Paterno, A_Materno, Calle, Numero, Estado, C_Postal, Telefono, Email, A_Domicilio, Puntos_Taquero_Corazon) values ('SFOU915646LCOWAAH5', 50, 'Jaime', 'Vega', 'Velasco', 'Mcguire', '783', 'Tlaxcala', '92457', '3884960608', 'gbedboro14@sitemeter.com', true, 391.21);
insert into cliente (CURP, id_Taqueria, Nombre, A_Paterno, A_Materno, Calle, Numero, Estado, C_Postal, Telefono, Email, A_Domicilio, Puntos_Taquero_Corazon) values ('XJCC428379BZYAZGA0', 82, 'Cristina', 'Diez', 'Marin', 'Lindbergh', '02', 'Tabasco', '58733', '8599937746', 'sschwieso15@guardian.co.uk', true, 871.87);
insert into cliente (CURP, id_Taqueria, Nombre, A_Paterno, A_Materno, Calle, Numero, Estado, C_Postal, Telefono, Email, A_Domicilio, Puntos_Taquero_Corazon) values ('LJMT396556WVFINEW0', 70, 'Sergio', 'Castillo', 'Serrano', 'Graedel', '24268', 'Oaxaca', '32556', '4987987285', 'cewbanke16@china.com.cn', true, 159.83);
insert into cliente (CURP, id_Taqueria, Nombre, A_Paterno, A_Materno, Calle, Numero, Estado, C_Postal, Telefono, Email, A_Domicilio, Puntos_Taquero_Corazon) values ('GSUC394013FSKTIAE1', 63, 'Miriam', 'Sanchez', 'Carrasco', 'Sycamore', '81', 'Tamaulipas', '06408', '6489459746', 'nblackstock17@wikimedia.org', false, 630.28);
insert into cliente (CURP, id_Taqueria, Nombre, A_Paterno, A_Materno, Calle, Numero, Estado, C_Postal, Telefono, Email, A_Domicilio, Puntos_Taquero_Corazon) values ('LKHW171910AJFDVPK5', 7, 'Soledad', 'Marquez', 'Calvo', 'Dottie', '055', 'Veracruz', '48558', '1059454591', 'rflook18@naver.com', false, 221.67);
insert into cliente (CURP, id_Taqueria, Nombre, A_Paterno, A_Materno, Calle, Numero, Estado, C_Postal, Telefono, Email, A_Domicilio, Puntos_Taquero_Corazon) values ('NDLX223539IHJPSX91', 45, 'Mercedes', 'Santana', 'Arias', 'Badeau', '248', 'Michoacán', '20561', '3321265123', 'neliesco19@dailymotion.com', true, 184.47);
insert into cliente (CURP, id_Taqueria, Nombre, A_Paterno, A_Materno, Calle, Numero, Estado, C_Postal, Telefono, Email, A_Domicilio, Puntos_Taquero_Corazon) values ('RZHK963743YCUXSBX2', 64, 'Adriana', 'Caballero', 'Soler', 'Cambridge', '6', 'Michoacán', '50387', '6193340888', 'ggrinyov1a@youtu.be', true, 708.65);
insert into cliente (CURP, id_Taqueria, Nombre, A_Paterno, A_Materno, Calle, Numero, Estado, C_Postal, Telefono, Email, A_Domicilio, Puntos_Taquero_Corazon) values ('ZQAU620979LFLTPB41', 19, 'Andrea', 'Hidalgo', 'Vidal', 'Jenna', '89165', 'Zacatecas', '25419', '9304831489', 'helkin1b@mapy.cz', true, 357.28);
insert into cliente (CURP, id_Taqueria, Nombre, A_Paterno, A_Materno, Calle, Numero, Estado, C_Postal, Telefono, Email, A_Domicilio, Puntos_Taquero_Corazon) values ('VNYE882659DDHZMUY0', 93, 'Ismael', 'Arias', 'Aguilar', 'Stoughton', '65', 'Campeche', '64141', '9852024437', 'kmordie1c@berkeley.edu', true, 793.53);
insert into cliente (CURP, id_Taqueria, Nombre, A_Paterno, A_Materno, Calle, Numero, Estado, C_Postal, Telefono, Email, A_Domicilio, Puntos_Taquero_Corazon) values ('BZIA565027KMPBJSW9', 73, 'Mateo', 'Molina', 'Iglesias', 'Spohn', '6', 'estados', '68936', '6748364994', 'abrendel1d@4shared.com', true, 556.44);
insert into cliente (CURP, id_Taqueria, Nombre, A_Paterno, A_Materno, Calle, Numero, Estado, C_Postal, Telefono, Email, A_Domicilio, Puntos_Taquero_Corazon) values ('KEAW036582WRWZEK04', 33, 'Mohamed', 'Cano', 'Martin', 'Dayton', '8034', 'Yucatán', '84588', '2436656991', 'rspilsted1e@paginegialle.it', true, 140.89);
insert into cliente (CURP, id_Taqueria, Nombre, A_Paterno, A_Materno, Calle, Numero, Estado, C_Postal, Telefono, Email, A_Domicilio, Puntos_Taquero_Corazon) values ('HXHC966777TGGDLGQ5', 4, 'Rafael', 'Hernandez', 'Fernandez', 'Dayton', '43', 'Baja California', '33626', '2797054316', 'kboldero1f@europa.eu', false, 653.46);
insert into cliente (CURP, id_Taqueria, Nombre, A_Paterno, A_Materno, Calle, Numero, Estado, C_Postal, Telefono, Email, A_Domicilio, Puntos_Taquero_Corazon) values ('IXXM928400XDGNQZI6', 40, 'Felix', 'Gimenez', 'Ortega', 'Algoma', '717', 'México', '81895', '1058764526', 'szealander1g@admin.ch', false, 461.91);
insert into cliente (CURP, id_Taqueria, Nombre, A_Paterno, A_Materno, Calle, Numero, Estado, C_Postal, Telefono, Email, A_Domicilio, Puntos_Taquero_Corazon) values ('DUHE945727ZEQUWYN2', 9, 'Alberto', 'Hernandez', 'Cortes', 'Talmadge', '6808', 'Veracruz', '44426', '3463393645', 'rblackshaw1h@blogspot.com', false, 283.71);
insert into cliente (CURP, id_Taqueria, Nombre, A_Paterno, A_Materno, Calle, Numero, Estado, C_Postal, Telefono, Email, A_Domicilio, Puntos_Taquero_Corazon) values ('NOID539165RXYFEFF9', 70, 'Rafael', 'Marin', 'Serrano', 'Di Loreto', '8760', 'Tamaulipas', '70003', '8094832812', 'darmsby1i@i2i.jp', false, 108.16);
insert into cliente (CURP, id_Taqueria, Nombre, A_Paterno, A_Materno, Calle, Numero, Estado, C_Postal, Telefono, Email, A_Domicilio, Puntos_Taquero_Corazon) values ('IAAT789156PQHZZCV2', 15, 'Francisca', 'Delgado', 'Vega', 'Arrowood', '7', 'Yucatán', '44765', '1166685230', 'ltomaskov1j@bluehost.com', true, 251.84);
insert into cliente (CURP, id_Taqueria, Nombre, A_Paterno, A_Materno, Calle, Numero, Estado, C_Postal, Telefono, Email, A_Domicilio, Puntos_Taquero_Corazon) values ('OHJZ000315VVCKYJ82', 83, 'Eduardo', 'Cabrera', 'Rojas', 'Butterfield', '9', 'Ciudad de México', '55338', '9237946656', 'tdixson1k@ihg.com', true, 434.96);
insert into cliente (CURP, id_Taqueria, Nombre, A_Paterno, A_Materno, Calle, Numero, Estado, C_Postal, Telefono, Email, A_Domicilio, Puntos_Taquero_Corazon) values ('XMVT121574DRJIOEX3', 75, 'Roberto', 'Roman', 'Cano', 'Grim', '04', 'Coahuila', '84424', '9569374904', 'ldeaton1l@blinklist.com', true, 420.6);
insert into cliente (CURP, id_Taqueria, Nombre, A_Paterno, A_Materno, Calle, Numero, Estado, C_Postal, Telefono, Email, A_Domicilio, Puntos_Taquero_Corazon) values ('GZUD105732XOWEKYN0', 99, 'Raul', 'Flores', 'Moreno', '1st', '07966', 'Guanajuato', '31811', '2421516932', 'gscrowton1m@vimeo.com', true, 97.57);
insert into cliente (CURP, id_Taqueria, Nombre, A_Paterno, A_Materno, Calle, Numero, Estado, C_Postal, Telefono, Email, A_Domicilio, Puntos_Taquero_Corazon) values ('YBLQ310462KDUITB42', 12, 'Claudia', 'Morales', 'Pastor', 'Acker', '8082', 'estados', '55534', '8882034214', 'atybalt1n@marriott.com', false, 35.38);
insert into cliente (CURP, id_Taqueria, Nombre, A_Paterno, A_Materno, Calle, Numero, Estado, C_Postal, Telefono, Email, A_Domicilio, Puntos_Taquero_Corazon) values ('UQOE337676PGDNRLR7', 44, 'Francisco', 'Mendez', 'Mendez', 'Milwaukee', '37708', 'Nayarit', '14845', '6159217119', 'zcorringham1o@studiopress.com', false, 859.95);
insert into cliente (CURP, id_Taqueria, Nombre, A_Paterno, A_Materno, Calle, Numero, Estado, C_Postal, Telefono, Email, A_Domicilio, Puntos_Taquero_Corazon) values ('BNFS187984UKZYTLP1', 82, 'Francisca', 'Sanchez', 'Torres', 'Carey', '28441', 'San Luis Potosí', '71962', '9214406671', 'jgodrich1p@amazon.de', true, 562.78);
insert into cliente (CURP, id_Taqueria, Nombre, A_Paterno, A_Materno, Calle, Numero, Estado, C_Postal, Telefono, Email, A_Domicilio, Puntos_Taquero_Corazon) values ('SHOM154937MAMKJMQ5', 70, 'Marcos', 'Lorenzo', 'Santos', 'Northview', '05', 'Baja California Sur', '01023', '1963358518', 'jschindler1q@goo.gl', true, 640.61);
insert into cliente (CURP, id_Taqueria, Nombre, A_Paterno, A_Materno, Calle, Numero, Estado, C_Postal, Telefono, Email, A_Domicilio, Puntos_Taquero_Corazon) values ('KDOS212221CARVZRY1', 18, 'Daniel', 'Carmona', 'Herrero', 'David', '257', 'Sonora', '65879', '4978505592', 'cfaithorn1r@slashdot.org', false, 224.32);
insert into cliente (CURP, id_Taqueria, Nombre, A_Paterno, A_Materno, Calle, Numero, Estado, C_Postal, Telefono, Email, A_Domicilio, Puntos_Taquero_Corazon) values ('KUQV452526LFJTZST0', 44, 'Joaquin', 'Garrido', 'Ruiz', 'Summer Ridge', '05', 'Chihuahua', '57393', '7553724188', 'kscini1s@google.com.br', false, 51.44);
insert into cliente (CURP, id_Taqueria, Nombre, A_Paterno, A_Materno, Calle, Numero, Estado, C_Postal, Telefono, Email, A_Domicilio, Puntos_Taquero_Corazon) values ('EFUW978688KMOIDYN5', 21, 'Angeles', 'Rojas', 'Marquez', 'Cardinal', '9', 'Querétaro', '97069', '4032711340', 'bhawke1t@is.gd', true, 233.24);
insert into cliente (CURP, id_Taqueria, Nombre, A_Paterno, A_Materno, Calle, Numero, Estado, C_Postal, Telefono, Email, A_Domicilio, Puntos_Taquero_Corazon) values ('JYII089831SHGVOD98', 52, 'Angela', 'Gil', 'Vargas', 'Morning', '56', 'Campeche', '21333', '8023716987', 'gfoulds1u@paypal.com', false, 918.38);
insert into cliente (CURP, id_Taqueria, Nombre, A_Paterno, A_Materno, Calle, Numero, Estado, C_Postal, Telefono, Email, A_Domicilio, Puntos_Taquero_Corazon) values ('WQYK768206PBHEFZY7', 70, 'Concepcion', 'Moreno', 'Sanchez', 'Anzinger', '33', 'Yucatán', '00772', '6905036540', 'tbissiker1v@arizona.edu', false, 604.16);
insert into cliente (CURP, id_Taqueria, Nombre, A_Paterno, A_Materno, Calle, Numero, Estado, C_Postal, Telefono, Email, A_Domicilio, Puntos_Taquero_Corazon) values ('FKPB662550FXPFFC96', 100, 'Rodrigo', 'Carrasco', 'Garrido', 'Lunder', '25', 'Baja California', '26896', '3523907772', 'dbachelar1w@eepurl.com', false, 432.99);
insert into cliente (CURP, id_Taqueria, Nombre, A_Paterno, A_Materno, Calle, Numero, Estado, C_Postal, Telefono, Email, A_Domicilio, Puntos_Taquero_Corazon) values ('DGKG176941WTZEPIO2', 3, 'Olga', 'Crespo', 'Rodriguez', 'Hermina', '476', 'Aguascalientes', '70451', '3848586235', 'tdunford1x@ifeng.com', false, 815.77);
insert into cliente (CURP, id_Taqueria, Nombre, A_Paterno, A_Materno, Calle, Numero, Estado, C_Postal, Telefono, Email, A_Domicilio, Puntos_Taquero_Corazon) values ('WDFH485362KPMIJZF4', 3, 'Pedro', 'Gallardo', 'Saez', 'Boyd', '94547', 'Veracruz', '01661', '7673909985', 'vbarrowcliffe1y@nba.com', false, 840.07);
insert into cliente (CURP, id_Taqueria, Nombre, A_Paterno, A_Materno, Calle, Numero, Estado, C_Postal, Telefono, Email, A_Domicilio, Puntos_Taquero_Corazon) values ('OBEY211005GBZSMOR6', 82, 'Raquel', 'Rubio', 'Garrido', 'Shopko', '89341', 'Oaxaca', '44305', '3061554355', 'vloffel1z@nifty.com', true, 620.99);
insert into cliente (CURP, id_Taqueria, Nombre, A_Paterno, A_Materno, Calle, Numero, Estado, C_Postal, Telefono, Email, A_Domicilio, Puntos_Taquero_Corazon) values ('NROY049261KKFFXMM1', 5, 'Marta', 'Santana', 'Castillo', 'Helena', '28', 'Chiapas', '50588', '7765587712', 'ahuttley20@archive.org', true, 859.29);
insert into cliente (CURP, id_Taqueria, Nombre, A_Paterno, A_Materno, Calle, Numero, Estado, C_Postal, Telefono, Email, A_Domicilio, Puntos_Taquero_Corazon) values ('VGZJ803624ESUXCB58', 1, 'Alvaro', 'Lozano', 'Crespo', 'Corry', '61240', 'Colima', '20480', '9627948324', 'asnuggs21@wired.com', false, 547.16);
insert into cliente (CURP, id_Taqueria, Nombre, A_Paterno, A_Materno, Calle, Numero, Estado, C_Postal, Telefono, Email, A_Domicilio, Puntos_Taquero_Corazon) values ('RKFX302014ZRMXZEX8', 44, 'Lidia', 'Ferrer', 'Martin', 'Canary', '664', 'Yucatán', '68890', '5873928022', 'lpeschka22@mapquest.com', true, 475.23);
insert into cliente (CURP, id_Taqueria, Nombre, A_Paterno, A_Materno, Calle, Numero, Estado, C_Postal, Telefono, Email, A_Domicilio, Puntos_Taquero_Corazon) values ('SNLC713460NHWTYO23', 76, 'Alfonso', 'Suarez', 'Blanco', 'Manufacturers', '16108', 'Guerrero', '34451', '5062919072', 'tmapplebeck23@biglobe.ne.jp', true, 348.01);
insert into cliente (CURP, id_Taqueria, Nombre, A_Paterno, A_Materno, Calle, Numero, Estado, C_Postal, Telefono, Email, A_Domicilio, Puntos_Taquero_Corazon) values ('YHBE201147DSTZSNG7', 58, 'Juana', 'Flores', 'Guerrero', 'Morningstar', '029', 'Querétaro', '33553', '1627331069', 'cattenbrow24@shop-pro.jp', false, 374.6);
insert into cliente (CURP, id_Taqueria, Nombre, A_Paterno, A_Materno, Calle, Numero, Estado, C_Postal, Telefono, Email, A_Domicilio, Puntos_Taquero_Corazon) values ('XDRM091640CSARERY6', 52, 'Olga', 'Vicente', 'Hidalgo', 'Fallview', '75349', 'estados', '33773', '5234372451', 'rpowlett25@upenn.edu', false, 711.0);
insert into cliente (CURP, id_Taqueria, Nombre, A_Paterno, A_Materno, Calle, Numero, Estado, C_Postal, Telefono, Email, A_Domicilio, Puntos_Taquero_Corazon) values ('WJVV121469KICBIE28', 83, 'Virginia', 'Velasco', 'Herrero', 'Lake View', '5', 'Morelos', '55893', '7713827539', 'ahackleton26@sphinn.com', false, 681.04);
insert into cliente (CURP, id_Taqueria, Nombre, A_Paterno, A_Materno, Calle, Numero, Estado, C_Postal, Telefono, Email, A_Domicilio, Puntos_Taquero_Corazon) values ('EACL894746JUAKLUN3', 70, 'Luz', 'Diez', 'Delgado', 'New Castle', '01', 'Sonora', '44847', '6856829526', 'tburgh27@51.la', true, 130.71);
insert into cliente (CURP, id_Taqueria, Nombre, A_Paterno, A_Materno, Calle, Numero, Estado, C_Postal, Telefono, Email, A_Domicilio, Puntos_Taquero_Corazon) values ('JVKI859084WPQSXCE2', 97, 'Mar', 'Garrido', 'Ortiz', 'Northridge', '313', 'Durango', '15612', '6081187411', 'dgelsthorpe28@utexas.edu', true, 970.53);
insert into cliente (CURP, id_Taqueria, Nombre, A_Paterno, A_Materno, Calle, Numero, Estado, C_Postal, Telefono, Email, A_Domicilio, Puntos_Taquero_Corazon) values ('OPQY788511WHTFIH49', 90, 'Esther', 'Caballero', 'Dominguez', 'Ryan', '5181', 'Aguascalientes', '57604', '3811880394', 'cnorthall29@yolasite.com', false, 219.04);
insert into cliente (CURP, id_Taqueria, Nombre, A_Paterno, A_Materno, Calle, Numero, Estado, C_Postal, Telefono, Email, A_Domicilio, Puntos_Taquero_Corazon) values ('WSAC868497DUWFZTV9', 90, 'Francisco', 'Morales', 'Lopez', '5th', '781', 'Michoacán', '88489', '9003406046', 'cfuxman2a@hatena.ne.jp', false, 262.99);
insert into cliente (CURP, id_Taqueria, Nombre, A_Paterno, A_Materno, Calle, Numero, Estado, C_Postal, Telefono, Email, A_Domicilio, Puntos_Taquero_Corazon) values ('XAUM241899ZCPFLS49', 19, 'Julian', 'Arias', 'Delgado', 'Rieder', '31', 'estados', '27270', '1626501224', 'apeascod2b@answers.com', true, 836.62);
insert into cliente (CURP, id_Taqueria, Nombre, A_Paterno, A_Materno, Calle, Numero, Estado, C_Postal, Telefono, Email, A_Domicilio, Puntos_Taquero_Corazon) values ('WTCQ031399JGMDVQ17', 42, 'Manuela', 'Duran', 'Santos', 'Mallard', '15934', 'Aguascalientes', '45393', '6237845186', 'jstood2c@paginegialle.it', true, 380.61);
insert into cliente (CURP, id_Taqueria, Nombre, A_Paterno, A_Materno, Calle, Numero, Estado, C_Postal, Telefono, Email, A_Domicilio, Puntos_Taquero_Corazon) values ('FMUY142032MMOTEUE4', 24, 'Carla', 'Liera', 'Diaz', 'Montana', '9151', 'Chihuahua', '42992', '4189198357', 'mhuws2d@ning.com', true, 661.19);
insert into cliente (CURP, id_Taqueria, Nombre, A_Paterno, A_Materno, Calle, Numero, Estado, C_Postal, Telefono, Email, A_Domicilio, Puntos_Taquero_Corazon) values ('JDKH742007MJMIEIC8', 33, 'Jonathan', 'Vargas', 'Martinez', 'Tennyson', '2', 'Aguascalientes', '81429', '4541123144', 'dgradly2e@soundcloud.com', false, 357.54);
insert into cliente (CURP, id_Taqueria, Nombre, A_Paterno, A_Materno, Calle, Numero, Estado, C_Postal, Telefono, Email, A_Domicilio, Puntos_Taquero_Corazon) values ('UCOC832858SQBOMBU9', 7, 'Emilio', 'Ortega', 'Morales', 'Sloan', '61', 'Guerrero', '02966', '8741936016', 'dcage2f@time.com', true, 53.48);
insert into cliente (CURP, id_Taqueria, Nombre, A_Paterno, A_Materno, Calle, Numero, Estado, C_Postal, Telefono, Email, A_Domicilio, Puntos_Taquero_Corazon) values ('YFRR104428YDHPFVW3', 93, 'Ignacio', 'Romero', 'Montero', 'Lakeland', '14745', 'Zacatecas', '76851', '6228391631', 'ibottelstone2g@columbia.edu', false, 342.0);
insert into cliente (CURP, id_Taqueria, Nombre, A_Paterno, A_Materno, Calle, Numero, Estado, C_Postal, Telefono, Email, A_Domicilio, Puntos_Taquero_Corazon) values ('LVNS294142DOXSMPT4', 27, 'Julia', 'Carrasco', 'Marin', 'Pierstorff', '73', 'Jalisco', '57106', '7223675829', 'aslate2h@163.com', true, 11.49);
insert into cliente (CURP, id_Taqueria, Nombre, A_Paterno, A_Materno, Calle, Numero, Estado, C_Postal, Telefono, Email, A_Domicilio, Puntos_Taquero_Corazon) values ('XMOA149440FHKQXAD9', 100, 'Adolfo', 'Sanz', 'Garcia', 'Vermont', '9775', 'Sonora', '66764', '3932936628', 'robrogane2i@blinklist.com', true, 370.69);
insert into cliente (CURP, id_Taqueria, Nombre, A_Paterno, A_Materno, Calle, Numero, Estado, C_Postal, Telefono, Email, A_Domicilio, Puntos_Taquero_Corazon) values ('JPNT241998BJVCRPZ9', 42, 'Pau', 'Gomez', 'Alvarez', 'Burrows', '77', 'Quintana Roo', '75242', '3344798039', 'tbethell2j@vk.com', true, 370.88);
insert into cliente (CURP, id_Taqueria, Nombre, A_Paterno, A_Materno, Calle, Numero, Estado, C_Postal, Telefono, Email, A_Domicilio, Puntos_Taquero_Corazon) values ('TFDP383353MAAQHW22', 45, 'Francisco', 'Vazquez', 'Hernandez', 'Leroy', '34527', 'Aguascalientes', '26747', '6096772835', 'wabriani2k@booking.com', false, 624.26);
insert into cliente (CURP, id_Taqueria, Nombre, A_Paterno, A_Materno, Calle, Numero, Estado, C_Postal, Telefono, Email, A_Domicilio, Puntos_Taquero_Corazon) values ('XHBQ762806OQZRHI14', 41, 'Juana', 'Gomez', 'Santiago', 'Northland', '86', 'Chihuahua', '22579', '4976154349', 'ifullick2l@cnet.com', true, 967.92);
insert into cliente (CURP, id_Taqueria, Nombre, A_Paterno, A_Materno, Calle, Numero, Estado, C_Postal, Telefono, Email, A_Domicilio, Puntos_Taquero_Corazon) values ('ATDD319420ADDOSGK9', 33, 'Joaquin', 'Calvo', 'Reyes', 'Bellgrove', '3112', 'Puebla', '07821', '3855552115', 'ddulake2m@discovery.com', true, 408.35);
insert into cliente (CURP, id_Taqueria, Nombre, A_Paterno, A_Materno, Calle, Numero, Estado, C_Postal, Telefono, Email, A_Domicilio, Puntos_Taquero_Corazon) values ('XTRB458510SKGSPYL2', 58, 'Julian', 'Lorenzo', 'Vicente', 'Westport', '75183', 'Hidalgo', '82151', '5115746627', 'dwield2n@people.com.cn', true, 316.61);
insert into cliente (CURP, id_Taqueria, Nombre, A_Paterno, A_Materno, Calle, Numero, Estado, C_Postal, Telefono, Email, A_Domicilio, Puntos_Taquero_Corazon) values ('HODH000399HJMOMGR2', 82, 'Fernando', 'Carrasco', 'Caballero', 'Dennis', '775', 'Veracruz', '76561', '4647403791', 'zhargraves2o@webs.com', true, 801.08);
insert into cliente (CURP, id_Taqueria, Nombre, A_Paterno, A_Materno, Calle, Numero, Estado, C_Postal, Telefono, Email, A_Domicilio, Puntos_Taquero_Corazon) values ('WVBM209129UCIVBPC7', 44, 'Esteban', 'Guerrero', 'Flores', 'Fuller', '422', 'Tamaulipas', '52676', '9885995815', 'rachurch2p@nasa.gov', true, 719.39);
insert into cliente (CURP, id_Taqueria, Nombre, A_Paterno, A_Materno, Calle, Numero, Estado, C_Postal, Telefono, Email, A_Domicilio, Puntos_Taquero_Corazon) values ('EVSB370942XJQJTZS9', 44, 'Sandra', 'Bravo', 'Crespo', 'Esch', '35442', 'Chihuahua', '08663', '5001271697', 'spineaux2q@yale.edu', true, 877.88);
insert into cliente (CURP, id_Taqueria, Nombre, A_Paterno, A_Materno, Calle, Numero, Estado, C_Postal, Telefono, Email, A_Domicilio, Puntos_Taquero_Corazon) values ('XSAV815472WVAIYZV2', 87, 'Julio', 'Aguilar', 'Cano', 'Myrtle', '2', 'San Luis Potosí', '39398', '4577055630', 'nwayon2r@163.com', true, 841.58);
insert into cliente (CURP, id_Taqueria, Nombre, A_Paterno, A_Materno, Calle, Numero, Estado, C_Postal, Telefono, Email, A_Domicilio, Puntos_Taquero_Corazon) values ('YIXT746772NAIZRDI1', 50, 'Consuelo', 'Hidalgo', 'Guerrero', 'Calypso', '34322', 'Hidalgo', '95386', '4271664637', 'owallenger2s@princeton.edu', true, 388.19);
insert into cliente (CURP, id_Taqueria, Nombre, A_Paterno, A_Materno, Calle, Numero, Estado, C_Postal, Telefono, Email, A_Domicilio, Puntos_Taquero_Corazon) values ('TLSC835301AXAZYWG5', 33, 'German', 'Ortega', 'Ortiz', 'Pierstorff', '4', 'Hidalgo', '32417', '2586374518', 'jdomesday2t@ovh.net', true, 856.11);
insert into cliente (CURP, id_Taqueria, Nombre, A_Paterno, A_Materno, Calle, Numero, Estado, C_Postal, Telefono, Email, A_Domicilio, Puntos_Taquero_Corazon) values ('WHCX465359ZWEYIXX8', 62, 'Aitor', 'Roman', 'Vazquez', 'Golf', '7704', 'Tabasco', '15569', '3232400333', 'cstonehouse2u@ucoz.com', false, 344.54);
insert into cliente (CURP, id_Taqueria, Nombre, A_Paterno, A_Materno, Calle, Numero, Estado, C_Postal, Telefono, Email, A_Domicilio, Puntos_Taquero_Corazon) values ('IVPJ152039MXIMOXP2', 42, 'Natalia', 'Montez', 'Ortiz', 'Basil', '2', 'Chiapas', '33199', '1541344683', 'emattingly2v@123-reg.co.uk', false, 124.11);
insert into cliente (CURP, id_Taqueria, Nombre, A_Paterno, A_Materno, Calle, Numero, Estado, C_Postal, Telefono, Email, A_Domicilio, Puntos_Taquero_Corazon) values ('NMMK480613WDFLNT66', 59, 'Alejandra', 'Cano', 'Garcia', 'Daystar', '9862', 'Distrito Federal', '17451', '4839169718', 'dtriggol2w@sphinn.com', false, 925.25);
insert into cliente (CURP, id_Taqueria, Nombre, A_Paterno, A_Materno, Calle, Numero, Estado, C_Postal, Telefono, Email, A_Domicilio, Puntos_Taquero_Corazon) values ('ANGY061229IEDPYW28', 100, 'Raul', 'Ortega', 'Rubio', 'Drewry', '71070', 'Jalisco', '87867', '6376493567', 'jringham2x@phoca.cz', true, 690.86);
insert into cliente (CURP, id_Taqueria, Nombre, A_Paterno, A_Materno, Calle, Numero, Estado, C_Postal, Telefono, Email, A_Domicilio, Puntos_Taquero_Corazon) values ('JVUA745017DQFPAWG5', 33, 'Veronica', 'Montez', 'Roman', 'High Crossing', '2', 'Puebla', '18212', '7074977207', 'rjuza2y@topsy.com', true, 56.53);
insert into cliente (CURP, id_Taqueria, Nombre, A_Paterno, A_Materno, Calle, Numero, Estado, C_Postal, Telefono, Email, A_Domicilio, Puntos_Taquero_Corazon) values ('ROOA115083MYNUBOB8', 5, 'Alejandra', 'Saez', 'Martinez', 'Kropf', '517', 'Chiapas', '13867', '4814903574', 'snorridge2z@bloglines.com', true, 125.1);
insert into cliente (CURP, id_Taqueria, Nombre, A_Paterno, A_Materno, Calle, Numero, Estado, C_Postal, Telefono, Email, A_Domicilio, Puntos_Taquero_Corazon) values ('YPDO732671VORQSD00', 1, 'Alejandra', 'Lopez', 'Gomez', 'Lillian', '695', 'Ciudad de México', '96051', '2453397583', 'lperview30@businessweek.com', false, 520.29);
insert into cliente (CURP, id_Taqueria, Nombre, A_Paterno, A_Materno, Calle, Numero, Estado, C_Postal, Telefono, Email, A_Domicilio, Puntos_Taquero_Corazon) values ('SLTI610342PVUABSF6', 59, 'Maria', 'Rodriguez', 'Campos', 'Randy', '5836', 'Sonora', '92023', '3747647900', 'srummer31@rambler.ru', true, 934.15);
insert into cliente (CURP, id_Taqueria, Nombre, A_Paterno, A_Materno, Calle, Numero, Estado, C_Postal, Telefono, Email, A_Domicilio, Puntos_Taquero_Corazon) values ('TMRO301152RIHIUAJ2', 43, 'David', 'Alonso', 'Garcia', 'Stuart', '7496', 'Durango', '56055', '1416181502', 'ndigginson32@clickbank.net', true, 635.63);
insert into cliente (CURP, id_Taqueria, Nombre, A_Paterno, A_Materno, Calle, Numero, Estado, C_Postal, Telefono, Email, A_Domicilio, Puntos_Taquero_Corazon) values ('CRPJ967930TKCEZZQ1', 42, 'Salvador', 'Vazquez', 'Cruz', 'Rusk', '06', 'Michoacán', '90942', '7953979068', 'tpettyfer33@yale.edu', false, 483.41);
insert into cliente (CURP, id_Taqueria, Nombre, A_Paterno, A_Materno, Calle, Numero, Estado, C_Postal, Telefono, Email, A_Domicilio, Puntos_Taquero_Corazon) values ('BMUN295755KHQVSB53', 24, 'Martina', 'Santana', 'Vazquez', 'Merrick', '47', 'Colima', '53117', '7295480599', 'lshovel34@shop-pro.jp', false, 214.5);
insert into cliente (CURP, id_Taqueria, Nombre, A_Paterno, A_Materno, Calle, Numero, Estado, C_Postal, Telefono, Email, A_Domicilio, Puntos_Taquero_Corazon) values ('JJTU068386JVEFDEY3', 43, 'Raquel', 'Diaz', 'Diez', 'Texas', '99073', 'Jalisco', '02119', '4532920854', 'kmatignon35@youtube.com', false, 168.96);
insert into cliente (CURP, id_Taqueria, Nombre, A_Paterno, A_Materno, Calle, Numero, Estado, C_Postal, Telefono, Email, A_Domicilio, Puntos_Taquero_Corazon) values ('YRXR153901SUICWJ45', 44, 'Alicia', 'Duran', 'Prieto', 'Brown', '52342', 'Aguascalientes', '70851', '6071274770', 'echatain36@artisteer.com', false, 275.67);
insert into cliente (CURP, id_Taqueria, Nombre, A_Paterno, A_Materno, Calle, Numero, Estado, C_Postal, Telefono, Email, A_Domicilio, Puntos_Taquero_Corazon) values ('TVEX938120YOPTZF00', 40, 'Mohamed', 'Medina', 'Molina', 'Di Loreto', '4', 'Distrito Federal', '75781', '1624249036', 'sceresa37@bizjournals.com', true, 16.27);
insert into cliente (CURP, id_Taqueria, Nombre, A_Paterno, A_Materno, Calle, Numero, Estado, C_Postal, Telefono, Email, A_Domicilio, Puntos_Taquero_Corazon) values ('ZMTS807541TBVEDHR2', 1, 'Ines', 'Martinez', 'Cruz', 'Clove', '4', 'Jalisco', '45797', '4401755386', 'jfeacham38@godaddy.com', false, 895.32);
insert into cliente (CURP, id_Taqueria, Nombre, A_Paterno, A_Materno, Calle, Numero, Estado, C_Postal, Telefono, Email, A_Domicilio, Puntos_Taquero_Corazon) values ('CKVM799468YWVNZUQ0', 90, 'Ana', 'Ortega', 'Gomez', 'Manufacturers', '1785', 'Tabasco', '45897', '7111677857', 'waleshintsev39@weebly.com', true, 961.55);
insert into cliente (CURP, id_Taqueria, Nombre, A_Paterno, A_Materno, Calle, Numero, Estado, C_Postal, Telefono, Email, A_Domicilio, Puntos_Taquero_Corazon) values ('OEKG604015VHHNAPT9', 62, 'Martin', 'Lozano', 'Castro', 'Kennedy', '013', 'Colima', '78848', '5252951553', 'ddecourcey3a@google.ca', false, 927.61);
insert into cliente (CURP, id_Taqueria, Nombre, A_Paterno, A_Materno, Calle, Numero, Estado, C_Postal, Telefono, Email, A_Domicilio, Puntos_Taquero_Corazon) values ('HKVY350944WKUWVWK1', 21, 'Isaac', 'Lorenzo', 'Castro', 'Commercial', '4417', 'Morelos', '88043', '6605865601', 'kgooda3b@friendfeed.com', true, 698.78);
insert into cliente (CURP, id_Taqueria, Nombre, A_Paterno, A_Materno, Calle, Numero, Estado, C_Postal, Telefono, Email, A_Domicilio, Puntos_Taquero_Corazon) values ('LQZB392397KMFFIXX6', 11, 'Isaac', 'Garrido', 'Duran', 'Melody', '91', 'San Luis Potosí', '57225', '3129903977', 'agreenroyd3c@amazonaws.com', false, 118.22);
insert into cliente (CURP, id_Taqueria, Nombre, A_Paterno, A_Materno, Calle, Numero, Estado, C_Postal, Telefono, Email, A_Domicilio, Puntos_Taquero_Corazon) values ('MKQG053782KFGUDR96', 86, 'Alfredo', 'Carrasco', 'Ramos', 'Schiller', '5756', 'Guerrero', '86486', '3485835791', 'ckirkpatrick3d@hao123.com', true, 513.11);
insert into cliente (CURP, id_Taqueria, Nombre, A_Paterno, A_Materno, Calle, Numero, Estado, C_Postal, Telefono, Email, A_Domicilio, Puntos_Taquero_Corazon) values ('AASZ591703UUQTLEA3', 82, 'David', 'Delgado', 'Vazquez', 'Lerdahl', '4124', 'Nayarit', '26694', '5096926754', 'gtonge3e@usa.gov', true, 137.59);
insert into cliente (CURP, id_Taqueria, Nombre, A_Paterno, A_Materno, Calle, Numero, Estado, C_Postal, Telefono, Email, A_Domicilio, Puntos_Taquero_Corazon) values ('LONR560797EGGGLM39', 21, 'Margarita', 'Reyes', 'Alvarez', 'Maryland', '474', 'Zacatecas', '89910', '4922356757', 'imongin3f@issuu.com', false, 795.53);
insert into cliente (CURP, id_Taqueria, Nombre, A_Paterno, A_Materno, Calle, Numero, Estado, C_Postal, Telefono, Email, A_Domicilio, Puntos_Taquero_Corazon) values ('EFPT151698RMOGBXK1', 44, 'Joshua', 'Uriostegui', 'Ferrer', 'Browning', '7', 'Nuevo León', '70774', '2864282701', 'ugargett3g@acquirethisname.com', true, 601.36);
insert into cliente (CURP, id_Taqueria, Nombre, A_Paterno, A_Materno, Calle, Numero, Estado, C_Postal, Telefono, Email, A_Domicilio, Puntos_Taquero_Corazon) values ('DCZZ063089QYYFGPC1', 76, 'Martina', 'Leon', 'Delgado', 'Doe Crossing', '5467', 'Hidalgo', '32587', '8841490810', 'fknight3h@blogs.com', true, 843.85);
insert into cliente (CURP, id_Taqueria, Nombre, A_Paterno, A_Materno, Calle, Numero, Estado, C_Postal, Telefono, Email, A_Domicilio, Puntos_Taquero_Corazon) values ('OEBA124282MQRLBJL5', 24, 'Teresa', 'Moya', 'Diez', 'Mifflin', '5026', 'Campeche', '02664', '5464541112', 'fbere3i@baidu.com', true, 564.69);
insert into cliente (CURP, id_Taqueria, Nombre, A_Paterno, A_Materno, Calle, Numero, Estado, C_Postal, Telefono, Email, A_Domicilio, Puntos_Taquero_Corazon) values ('JHOM819244EKPPPBF6', 49, 'Oscar', 'Parra', 'Herrero', 'Village Green', '574', 'Yucatán', '19391', '8085439198', 'cbranson3j@wikia.com', false, 116.21);
insert into cliente (CURP, id_Taqueria, Nombre, A_Paterno, A_Materno, Calle, Numero, Estado, C_Postal, Telefono, Email, A_Domicilio, Puntos_Taquero_Corazon) values ('RVLO346438FLUXUNP4', 83, 'Noelia', 'Medina', 'Ortiz', 'Artisan', '6', 'Quintana Roo', '06920', '1041952434', 'gmaddinon3k@opera.com', true, 266.1);
insert into cliente (CURP, id_Taqueria, Nombre, A_Paterno, A_Materno, Calle, Numero, Estado, C_Postal, Telefono, Email, A_Domicilio, Puntos_Taquero_Corazon) values ('YNKH976720GADHMU24', 70, 'Teresa', 'Gutierrez', 'Delgado', 'Duke', '7511', 'Distrito Federal', '05171', '6095531166', 'tceschini3l@homestead.com', false, 290.21);
insert into cliente (CURP, id_Taqueria, Nombre, A_Paterno, A_Materno, Calle, Numero, Estado, C_Postal, Telefono, Email, A_Domicilio, Puntos_Taquero_Corazon) values ('HGJZ566704JMCPZOP7', 97, 'Alex', 'Jimenez', 'Castro', 'Dovetail', '623', 'Sinaloa', '52267', '2626078539', 'ewaterfall3m@redcross.org', true, 209.29);
insert into cliente (CURP, id_Taqueria, Nombre, A_Paterno, A_Materno, Calle, Numero, Estado, C_Postal, Telefono, Email, A_Domicilio, Puntos_Taquero_Corazon) values ('OZYX959055UEZZGKT2', 90, 'Gema', 'Martinez', 'Dominguez', 'Melby', '51', 'Durango', '00579', '6644946741', 'ccabera3n@imgur.com', true, 934.0);
insert into cliente (CURP, id_Taqueria, Nombre, A_Paterno, A_Materno, Calle, Numero, Estado, C_Postal, Telefono, Email, A_Domicilio, Puntos_Taquero_Corazon) values ('QHVK908357PQLQQEJ9', 43, 'Xavier', 'Hernandez', 'Fuentes', 'Fairview', '0', 'Baja California', '49160', '8447439868', 'bkerfut3o@tripod.com', false, 364.34);
insert into cliente (CURP, id_Taqueria, Nombre, A_Paterno, A_Materno, Calle, Numero, Estado, C_Postal, Telefono, Email, A_Domicilio, Puntos_Taquero_Corazon) values ('EBOH699439NMRIGJD1', 19, 'Alvaro', 'Ferrer', 'Arias', 'Merry', '1713', 'Chiapas', '95762', '6061322146', 'scrumley3p@t.co', false, 302.74);
insert into cliente (CURP, id_Taqueria, Nombre, A_Paterno, A_Materno, Calle, Numero, Estado, C_Postal, Telefono, Email, A_Domicilio, Puntos_Taquero_Corazon) values ('EHJG258274THDZHA78', 24, 'Gregorio', 'Cabrera', 'Garcia', 'Tony', '94069', 'Quintana Roo', '91410', '9472781856', 'mgreville3q@ucsd.edu', false, 688.25);
insert into cliente (CURP, id_Taqueria, Nombre, A_Paterno, A_Materno, Calle, Numero, Estado, C_Postal, Telefono, Email, A_Domicilio, Puntos_Taquero_Corazon) values ('ZOQG497218QRLNCOC0', 76, 'Emilia', 'Nieto', 'Vega', 'Iowa', '8', 'Morelos', '41775', '9254956009', 'rdulany3r@rakuten.co.jp', true, 987.74);
insert into cliente (CURP, id_Taqueria, Nombre, A_Paterno, A_Materno, Calle, Numero, Estado, C_Postal, Telefono, Email, A_Domicilio, Puntos_Taquero_Corazon) values ('ASSL722136MSHEFRP1', 5, 'Nicolas', 'Gil', 'Aguilar', 'Katie', '389', 'Chihuahua', '84401', '9087065174', 'breinert3s@vimeo.com', true, 34.69);
insert into cliente (CURP, id_Taqueria, Nombre, A_Paterno, A_Materno, Calle, Numero, Estado, C_Postal, Telefono, Email, A_Domicilio, Puntos_Taquero_Corazon) values ('NXZA397312AZXWEP80', 77, 'Esther', 'Navarro', 'Fuentes', 'Shoshone', '3', 'Ciudad de México', '61400', '7694588106', 'strillo3t@oakley.com', false, 925.01);
insert into cliente (CURP, id_Taqueria, Nombre, A_Paterno, A_Materno, Calle, Numero, Estado, C_Postal, Telefono, Email, A_Domicilio, Puntos_Taquero_Corazon) values ('EFYV019108TXFSJPV3', 66, 'Josefa', 'Cabrera', 'Gutierrez', 'Dottie', '4', 'Colima', '38100', '7351049195', 'aharraway3u@va.gov', true, 242.24);
insert into cliente (CURP, id_Taqueria, Nombre, A_Paterno, A_Materno, Calle, Numero, Estado, C_Postal, Telefono, Email, A_Domicilio, Puntos_Taquero_Corazon) values ('TCSK946858KHXJFPP6', 65, 'Eugenio', 'Pastor', 'Pascual', 'Grayhawk', '58', 'Baja California', '45180', '8016426278', 'tmarcos3v@zimbio.com', true, 175.61);
insert into cliente (CURP, id_Taqueria, Nombre, A_Paterno, A_Materno, Calle, Numero, Estado, C_Postal, Telefono, Email, A_Domicilio, Puntos_Taquero_Corazon) values ('DHQW301553NCDIBFM9', 52, 'Vanesa', 'Marquez', 'Uriostegui', 'Sheridan', '24849', 'Querétaro', '65621', '4454780303', 'cmcgrale3w@yandex.ru', true, 160.54);
insert into cliente (CURP, id_Taqueria, Nombre, A_Paterno, A_Materno, Calle, Numero, Estado, C_Postal, Telefono, Email, A_Domicilio, Puntos_Taquero_Corazon) values ('QRPX972001QTOYZI26', 70, 'Jonathan', 'Ortiz', 'Morales', 'Bunting', '2', 'Chihuahua', '03295', '8668746904', 'gbrothwell3x@oracle.com', false, 520.06);
insert into cliente (CURP, id_Taqueria, Nombre, A_Paterno, A_Materno, Calle, Numero, Estado, C_Postal, Telefono, Email, A_Domicilio, Puntos_Taquero_Corazon) values ('QHXQ084957BDBRNOH4', 58, 'Milagros', 'Rivera', 'Calvo', 'Brown', '3', 'Jalisco', '32924', '9552873732', 'asholl3y@sogou.com', false, 773.65);
insert into cliente (CURP, id_Taqueria, Nombre, A_Paterno, A_Materno, Calle, Numero, Estado, C_Postal, Telefono, Email, A_Domicilio, Puntos_Taquero_Corazon) values ('UCGI437931QALTKZJ4', 83, 'Clara', 'Rodriguez', 'Vicente', 'Donald', '85', 'San Luis Potosí', '64390', '1011964390', 'vdurbyn3z@google.com.br', false, 459.11);
insert into cliente (CURP, id_Taqueria, Nombre, A_Paterno, A_Materno, Calle, Numero, Estado, C_Postal, Telefono, Email, A_Domicilio, Puntos_Taquero_Corazon) values ('NAYP134285RKJYIPT6', 31, 'Gonzalo', 'Nieto', 'Garcia', 'Aberg', '61', 'Coahuila', '42904', '9741333873', 'djudd40@etsy.com', true, 986.04);
insert into cliente (CURP, id_Taqueria, Nombre, A_Paterno, A_Materno, Calle, Numero, Estado, C_Postal, Telefono, Email, A_Domicilio, Puntos_Taquero_Corazon) values ('GUDP888737DCGVSJH4', 5, 'Clara', 'Vicente', 'Rojas', 'Chinook', '24393', 'Chiapas', '23808', '6232011595', 'pmacrae41@wufoo.com', false, 627.56);
insert into cliente (CURP, id_Taqueria, Nombre, A_Paterno, A_Materno, Calle, Numero, Estado, C_Postal, Telefono, Email, A_Domicilio, Puntos_Taquero_Corazon) values ('ZLRI653562WDLKVZL6', 42, 'Miguel', 'Santana', 'Bravo', 'Sunbrook', '7', 'Distrito Federal', '09183', '9342402055', 'cdensie42@theguardian.com', true, 274.63);
insert into cliente (CURP, id_Taqueria, Nombre, A_Paterno, A_Materno, Calle, Numero, Estado, C_Postal, Telefono, Email, A_Domicilio, Puntos_Taquero_Corazon) values ('THVJ079170KLXVDD24', 90, 'Rosa', 'Santiago', 'Montero', 'Transport', '4460', 'Chiapas', '57896', '4757259925', 'dgilffillan43@usgs.gov', true, 9.76);
insert into cliente (CURP, id_Taqueria, Nombre, A_Paterno, A_Materno, Calle, Numero, Estado, C_Postal, Telefono, Email, A_Domicilio, Puntos_Taquero_Corazon) values ('JING061822KWKKALJ1', 17, 'Cesar', 'Crespo', 'Herrero', 'Di Loreto', '9', 'Zacatecas', '61994', '7203864951', 'kbarthrop44@usa.gov', true, 995.68);
insert into cliente (CURP, id_Taqueria, Nombre, A_Paterno, A_Materno, Calle, Numero, Estado, C_Postal, Telefono, Email, A_Domicilio, Puntos_Taquero_Corazon) values ('GIQV116439GPFFLQC9', 59, 'Aitor', 'Aguilar', 'Santiago', 'Messerschmidt', '323', 'Zacatecas', '18794', '9773173169', 'cduggan45@barnesandnoble.com', false, 302.96);
insert into cliente (CURP, id_Taqueria, Nombre, A_Paterno, A_Materno, Calle, Numero, Estado, C_Postal, Telefono, Email, A_Domicilio, Puntos_Taquero_Corazon) values ('NXRD420792FHPBIDK0', 42, 'Consuelo', 'Lopez', 'Martin', 'Farmco', '77032', 'Aguascalientes', '31144', '7292695074', 'smcquode46@independent.co.uk', false, 411.9);
insert into cliente (CURP, id_Taqueria, Nombre, A_Paterno, A_Materno, Calle, Numero, Estado, C_Postal, Telefono, Email, A_Domicilio, Puntos_Taquero_Corazon) values ('LNII850270GHDJWH84', 4, 'Adolfo', 'Suarez', 'Marquez', 'Carpenter', '6', 'Distrito Federal', '61460', '3392684781', 'gcelier47@cisco.com', false, 902.51);
insert into cliente (CURP, id_Taqueria, Nombre, A_Paterno, A_Materno, Calle, Numero, Estado, C_Postal, Telefono, Email, A_Domicilio, Puntos_Taquero_Corazon) values ('JJZP007478SXHTIZ55', 49, 'Luis', 'Vargas', 'Rivera', 'Center', '7456', 'Chiapas', '34194', '2691263428', 'rhurn48@free.fr', false, 237.9);
insert into cliente (CURP, id_Taqueria, Nombre, A_Paterno, A_Materno, Calle, Numero, Estado, C_Postal, Telefono, Email, A_Domicilio, Puntos_Taquero_Corazon) values ('GJWI658520RQCPDGJ5', 42, 'Paula', 'Carmona', 'Flores', 'Eagan', '88', 'Yucatán', '90736', '1622205455', 'dhaldin49@cnbc.com', false, 841.1);
insert into cliente (CURP, id_Taqueria, Nombre, A_Paterno, A_Materno, Calle, Numero, Estado, C_Postal, Telefono, Email, A_Domicilio, Puntos_Taquero_Corazon) values ('THZF640780ZGLEJYK1', 63, 'Josefina', 'Vidal', 'Jimenez', 'Beilfuss', '062', 'Puebla', '94880', '3918624522', 'hmaskelyne4a@wired.com', false, 577.39);
insert into cliente (CURP, id_Taqueria, Nombre, A_Paterno, A_Materno, Calle, Numero, Estado, C_Postal, Telefono, Email, A_Domicilio, Puntos_Taquero_Corazon) values ('ERQZ016585JGPOHIX0', 43, 'Ana', 'Gomez', 'Romero', 'Charing Cross', '7', 'Tamaulipas', '44961', '7668840005', 'asparkwell4b@hubpages.com', true, 240.3);
insert into cliente (CURP, id_Taqueria, Nombre, A_Paterno, A_Materno, Calle, Numero, Estado, C_Postal, Telefono, Email, A_Domicilio, Puntos_Taquero_Corazon) values ('UWAN989843QXJBFH73', 60, 'Felix', 'Delgado', 'Saez', 'Di Loreto', '52', 'Querétaro', '23444', '7336459936', 'mduffy4c@furl.net', false, 694.79);
insert into cliente (CURP, id_Taqueria, Nombre, A_Paterno, A_Materno, Calle, Numero, Estado, C_Postal, Telefono, Email, A_Domicilio, Puntos_Taquero_Corazon) values ('LBJC797260ECXNRLU0', 3, 'Julia', 'Pascual', 'Alvarez', 'John Wall', '173', 'Aguascalientes', '16343', '5597594006', 'mstilwell4d@geocities.com', true, 686.98);
insert into cliente (CURP, id_Taqueria, Nombre, A_Paterno, A_Materno, Calle, Numero, Estado, C_Postal, Telefono, Email, A_Domicilio, Puntos_Taquero_Corazon) values ('SXPY387550YZLVCKW0', 49, 'Nieves', 'Rivera', 'Herrera', 'Eastwood', '137', 'Veracruz', '27309', '6992380651', 'htoomer4e@mediafire.com', false, 729.4);
insert into cliente (CURP, id_Taqueria, Nombre, A_Paterno, A_Materno, Calle, Numero, Estado, C_Postal, Telefono, Email, A_Domicilio, Puntos_Taquero_Corazon) values ('HMIS146315LVAUUGH3', 27, 'Elena', 'Garrido', 'Uriostegui', 'Sage', '7', 'Guanajuato', '50425', '7076760554', 'ldymidowski4f@bbc.co.uk', false, 558.08);
insert into cliente (CURP, id_Taqueria, Nombre, A_Paterno, A_Materno, Calle, Numero, Estado, C_Postal, Telefono, Email, A_Domicilio, Puntos_Taquero_Corazon) values ('YWJY591864WYACEWZ6', 3, 'Sonia', 'Sanchez', 'Lopez', 'Artisan', '38720', 'Coahuila', '24625', '3591235170', 'sturfitt4g@phoca.cz', true, 857.92);
insert into cliente (CURP, id_Taqueria, Nombre, A_Paterno, A_Materno, Calle, Numero, Estado, C_Postal, Telefono, Email, A_Domicilio, Puntos_Taquero_Corazon) values ('ZAZG706935ZDUXQWT3', 90, 'Angeles', 'Reyes', 'Herrero', 'Straubel', '7', 'Tlaxcala', '71485', '6662198997', 'sbehrendsen4h@imageshack.us', false, 178.93);
insert into cliente (CURP, id_Taqueria, Nombre, A_Paterno, A_Materno, Calle, Numero, Estado, C_Postal, Telefono, Email, A_Domicilio, Puntos_Taquero_Corazon) values ('PPKW456722EDMHDL16', 52, 'Mercedes', 'Vargas', 'Rubio', 'Old Gate', '633', 'Puebla', '24074', '2851019413', 'dfielding4i@digg.com', false, 430.38);
insert into cliente (CURP, id_Taqueria, Nombre, A_Paterno, A_Materno, Calle, Numero, Estado, C_Postal, Telefono, Email, A_Domicilio, Puntos_Taquero_Corazon) values ('EVZV201138VOIXLX21', 75, 'Silvia', 'Cruz', 'Bravo', 'Bay', '72', 'Sinaloa', '31657', '9557611497', 'rmacgiollapheadair4j@feedburner.com', false, 736.57);
insert into cliente (CURP, id_Taqueria, Nombre, A_Paterno, A_Materno, Calle, Numero, Estado, C_Postal, Telefono, Email, A_Domicilio, Puntos_Taquero_Corazon) values ('HBWV397074NOPRJAD3', 40, 'Concepcion', 'Medina', 'Mendez', 'Memorial', '7440', 'Jalisco', '74497', '1977045699', 'ashemmin4k@yale.edu', false, 823.95);
insert into cliente (CURP, id_Taqueria, Nombre, A_Paterno, A_Materno, Calle, Numero, Estado, C_Postal, Telefono, Email, A_Domicilio, Puntos_Taquero_Corazon) values ('YRYS805632QRRGKVD1', 66, 'Jose', 'Morales', 'Morales', 'Susan', '56745', 'Veracruz', '57462', '5172375181', 'bbrainsby4l@macromedia.com', true, 676.9);
insert into cliente (CURP, id_Taqueria, Nombre, A_Paterno, A_Materno, Calle, Numero, Estado, C_Postal, Telefono, Email, A_Domicilio, Puntos_Taquero_Corazon) values ('SSIN260831YQNEIAF2', 73, 'Nieves', 'Fernandez', 'Medina', 'Morning', '924', 'Tamaulipas', '63935', '1785639289', 'schapleo4m@sciencedaily.com', false, 471.72);
insert into cliente (CURP, id_Taqueria, Nombre, A_Paterno, A_Materno, Calle, Numero, Estado, C_Postal, Telefono, Email, A_Domicilio, Puntos_Taquero_Corazon) values ('YKBK976157FLIMUV30', 65, 'Sergio', 'Montez', 'Alonso', 'Merry', '19585', 'Guerrero', '91029', '8393310150', 'uhelder4n@yahoo.co.jp', false, 225.57);
insert into cliente (CURP, id_Taqueria, Nombre, A_Paterno, A_Materno, Calle, Numero, Estado, C_Postal, Telefono, Email, A_Domicilio, Puntos_Taquero_Corazon) values ('KSHO993207SEOQFFO2', 9, 'Teresa', 'Ferrer', 'Perez', 'Morning', '4', 'Sonora', '77021', '7608720178', 'rrooksby4o@yandex.ru', false, 944.03);
insert into cliente (CURP, id_Taqueria, Nombre, A_Paterno, A_Materno, Calle, Numero, Estado, C_Postal, Telefono, Email, A_Domicilio, Puntos_Taquero_Corazon) values ('ETUZ571036TBMEHNJ8', 41, 'Jorge', 'Rojas', 'Hidalgo', 'Independence', '48', 'Veracruz', '50688', '9326464066', 'nwright4p@yahoo.co.jp', false, 452.49);
insert into cliente (CURP, id_Taqueria, Nombre, A_Paterno, A_Materno, Calle, Numero, Estado, C_Postal, Telefono, Email, A_Domicilio, Puntos_Taquero_Corazon) values ('TZXR228812YDZPBGN3', 31, 'Maria', 'Fuentes', 'Soler', 'Surrey', '97', 'Colima', '26636', '3232059143', 'mjarrad4q@jiathis.com', false, 98.93);
insert into cliente (CURP, id_Taqueria, Nombre, A_Paterno, A_Materno, Calle, Numero, Estado, C_Postal, Telefono, Email, A_Domicilio, Puntos_Taquero_Corazon) values ('JGAN041957BOOAHWL2', 43, 'Joan', 'Carmona', 'Gomez', 'Fairfield', '5', 'Veracruz', '35438', '1813657343', 'zlanglois4r@mozilla.com', true, 587.42);
insert into cliente (CURP, id_Taqueria, Nombre, A_Paterno, A_Materno, Calle, Numero, Estado, C_Postal, Telefono, Email, A_Domicilio, Puntos_Taquero_Corazon) values ('ZOBF046529XSXKLRH1', 75, 'Adolfo', 'Herrero', 'Crespo', 'Hollow Ridge', '76948', 'Jalisco', '12794', '3178464554', 'codulchonta4s@symantec.com', false, 665.55);
insert into cliente (CURP, id_Taqueria, Nombre, A_Paterno, A_Materno, Calle, Numero, Estado, C_Postal, Telefono, Email, A_Domicilio, Puntos_Taquero_Corazon) values ('QOCJ432019XEGMUQU3', 80, 'Margarita', 'Caballero', 'Calvo', 'Nevada', '5595', 'Sonora', '65678', '5051612009', 'wluety4t@time.com', true, 645.28);
insert into cliente (CURP, id_Taqueria, Nombre, A_Paterno, A_Materno, Calle, Numero, Estado, C_Postal, Telefono, Email, A_Domicilio, Puntos_Taquero_Corazon) values ('BJBW309063ZHRWHW25', 45, 'Milagros', 'Gil', 'Lozano', 'Eagle Crest', '24', 'Veracruz', '02726', '7417488697', 'thachette4u@sbwire.com', true, 182.85);
insert into cliente (CURP, id_Taqueria, Nombre, A_Paterno, A_Materno, Calle, Numero, Estado, C_Postal, Telefono, Email, A_Domicilio, Puntos_Taquero_Corazon) values ('LXTT636818ZIEZZYR4', 97, 'Agustin', 'Vargas', 'Moya', 'Haas', '16526', 'Sonora', '98741', '3668132245', 'celey4v@wisc.edu', true, 962.77);
insert into cliente (CURP, id_Taqueria, Nombre, A_Paterno, A_Materno, Calle, Numero, Estado, C_Postal, Telefono, Email, A_Domicilio, Puntos_Taquero_Corazon) values ('XGTM627706MZAYKXK9', 24, 'Mar', 'Calvo', 'Blanco', 'Monument', '28835', 'Baja California', '97551', '2481001192', 'cgentle4w@t.co', false, 250.64);
insert into cliente (CURP, id_Taqueria, Nombre, A_Paterno, A_Materno, Calle, Numero, Estado, C_Postal, Telefono, Email, A_Domicilio, Puntos_Taquero_Corazon) values ('PEGR343506MRECHBL4', 100, 'Borja', 'Velasco', 'Duran', 'Waubesa', '629', 'Sonora', '48540', '6341719372', 'stowse4x@wired.com', false, 467.41);
insert into cliente (CURP, id_Taqueria, Nombre, A_Paterno, A_Materno, Calle, Numero, Estado, C_Postal, Telefono, Email, A_Domicilio, Puntos_Taquero_Corazon) values ('YUQW451922NRXSSJJ9', 19, 'Adriana', 'Ruiz', 'Roman', 'Lotheville', '304', 'Aguascalientes', '37925', '5577558845', 'ccastagne4y@bizjournals.com', true, 834.95);
insert into cliente (CURP, id_Taqueria, Nombre, A_Paterno, A_Materno, Calle, Numero, Estado, C_Postal, Telefono, Email, A_Domicilio, Puntos_Taquero_Corazon) values ('XNQU003118THFVOQ56', 82, 'Ignacio', 'Mendez', 'Leon', 'Donald', '554', 'Morelos', '78067', '6603521242', 'averlinde4z@wikipedia.org', true, 919.48);
insert into cliente (CURP, id_Taqueria, Nombre, A_Paterno, A_Materno, Calle, Numero, Estado, C_Postal, Telefono, Email, A_Domicilio, Puntos_Taquero_Corazon) values ('PIOS388847USSDBO72', 52, 'Cristina', 'Montero', 'Ortega', 'High Crossing', '7915', 'Michoacán', '36564', '1222686839', 'dupstell50@oakley.com', false, 950.18);
insert into cliente (CURP, id_Taqueria, Nombre, A_Paterno, A_Materno, Calle, Numero, Estado, C_Postal, Telefono, Email, A_Domicilio, Puntos_Taquero_Corazon) values ('EPEM577886XYNOKXF0', 42, 'Pedro', 'Ruiz', 'Santos', 'Golden Leaf', '25504', 'Jalisco', '72616', '2763952859', 'aeringey51@house.gov', true, 478.98);
insert into cliente (CURP, id_Taqueria, Nombre, A_Paterno, A_Materno, Calle, Numero, Estado, C_Postal, Telefono, Email, A_Domicilio, Puntos_Taquero_Corazon) values ('APQI336877AWRBBBO7', 15, 'Javier', 'Morales', 'Caballero', 'Bowman', '09572', 'Chihuahua', '83601', '4525023198', 'tgiovannetti52@wired.com', false, 423.27);
insert into cliente (CURP, id_Taqueria, Nombre, A_Paterno, A_Materno, Calle, Numero, Estado, C_Postal, Telefono, Email, A_Domicilio, Puntos_Taquero_Corazon) values ('HBTU429087IKZWROQ0', 4, 'Roberto', 'Nieto', 'Olivera', 'Mitchell', '432', 'Baja California Sur', '38657', '2785684241', 'nkohtler53@bbc.co.uk', true, 42.36);
insert into cliente (CURP, id_Taqueria, Nombre, A_Paterno, A_Materno, Calle, Numero, Estado, C_Postal, Telefono, Email, A_Domicilio, Puntos_Taquero_Corazon) values ('GJES593603GJGIOD12', 33, 'Carla', 'Benitez', 'Gallego', 'Karstens', '035', 'Veracruz', '60107', '4637931980', 'emccallion54@people.com.cn', true, 460.96);
insert into cliente (CURP, id_Taqueria, Nombre, A_Paterno, A_Materno, Calle, Numero, Estado, C_Postal, Telefono, Email, A_Domicilio, Puntos_Taquero_Corazon) values ('CIQB200852QQKJLYC9', 8, 'Miguel', 'Herrera', 'Suarez', 'Clyde Gallagher', '78763', 'Yucatán', '86166', '4649062925', 'jfrail55@va.gov', false, 816.58);
insert into cliente (CURP, id_Taqueria, Nombre, A_Paterno, A_Materno, Calle, Numero, Estado, C_Postal, Telefono, Email, A_Domicilio, Puntos_Taquero_Corazon) values ('ZOBC337238LKYEEQU4', 100, 'Yolanda', 'Jimenez', 'Vega', 'Jay', '6541', 'México', '80432', '7655033538', 'doslar56@omniture.com', false, 894.38);
insert into cliente (CURP, id_Taqueria, Nombre, A_Paterno, A_Materno, Calle, Numero, Estado, C_Postal, Telefono, Email, A_Domicilio, Puntos_Taquero_Corazon) values ('UHQG399601CTNGJUB3', 21, 'Sandra', 'Sanz', 'Garcia', 'Evergreen', '93', 'Nayarit', '90295', '9415102026', 'gmcomish57@twitpic.com', true, 536.01);
insert into cliente (CURP, id_Taqueria, Nombre, A_Paterno, A_Materno, Calle, Numero, Estado, C_Postal, Telefono, Email, A_Domicilio, Puntos_Taquero_Corazon) values ('SUFM986551FXWPCE05', 63, 'Sergio', 'Navarro', 'Santana', 'East', '08', 'Veracruz', '68604', '3869235954', 'avlasin58@paginegialle.it', false, 396.96);
insert into cliente (CURP, id_Taqueria, Nombre, A_Paterno, A_Materno, Calle, Numero, Estado, C_Postal, Telefono, Email, A_Domicilio, Puntos_Taquero_Corazon) values ('PBRO585229QAASMR19', 21, 'Vicente', 'Duran', 'Sanchez', 'Hooker', '97', 'Zacatecas', '34426', '5753441731', 'cizakson59@ox.ac.uk', false, 888.63);
insert into cliente (CURP, id_Taqueria, Nombre, A_Paterno, A_Materno, Calle, Numero, Estado, C_Postal, Telefono, Email, A_Domicilio, Puntos_Taquero_Corazon) values ('MUXI757343ANWCAHH4', 76, 'Jaime', 'Santos', 'Cano', 'Graceland', '78630', 'Nuevo León', '26194', '9729183794', 'jbearman5a@tuttocitta.it', false, 555.94);
insert into cliente (CURP, id_Taqueria, Nombre, A_Paterno, A_Materno, Calle, Numero, Estado, C_Postal, Telefono, Email, A_Domicilio, Puntos_Taquero_Corazon) values ('BXWL230416LNTSTRG9', 86, 'Domingo', 'Martin', 'Molina', 'Buena Vista', '12', 'Yucatán', '76179', '3138964511', 'yerett5b@qq.com', true, 49.97);
insert into cliente (CURP, id_Taqueria, Nombre, A_Paterno, A_Materno, Calle, Numero, Estado, C_Postal, Telefono, Email, A_Domicilio, Puntos_Taquero_Corazon) values ('FJRH184746OZIWSLX1', 44, 'Ricardo', 'Parra', 'Vicente', 'Mitchell', '613', 'Chihuahua', '77648', '8657245241', 'amarcussen5c@addthis.com', false, 566.22);
insert into cliente (CURP, id_Taqueria, Nombre, A_Paterno, A_Materno, Calle, Numero, Estado, C_Postal, Telefono, Email, A_Domicilio, Puntos_Taquero_Corazon) values ('LSSM855469NYYFKXD5', 100, 'Adriana', 'Moya', 'Dominguez', 'Grasskamp', '55', 'Nuevo León', '02152', '4891239396', 'abossingham5d@amazon.com', false, 921.29);
insert into cliente (CURP, id_Taqueria, Nombre, A_Paterno, A_Materno, Calle, Numero, Estado, C_Postal, Telefono, Email, A_Domicilio, Puntos_Taquero_Corazon) values ('VSKF346554WTPULWR1', 4, 'Andres', 'Garrido', 'Lorenzo', 'Hudson', '6', 'Nayarit', '23832', '9881422008', 'dboorne5e@seesaa.net', true, 808.51);
insert into cliente (CURP, id_Taqueria, Nombre, A_Paterno, A_Materno, Calle, Numero, Estado, C_Postal, Telefono, Email, A_Domicilio, Puntos_Taquero_Corazon) values ('ILYR774738YAGYBTA2', 50, 'Amparo', 'Liera', 'Bravo', 'Stuart', '380', 'Sinaloa', '02099', '8227708260', 'bdyhouse5f@aol.com', false, 876.27);
insert into cliente (CURP, id_Taqueria, Nombre, A_Paterno, A_Materno, Calle, Numero, Estado, C_Postal, Telefono, Email, A_Domicilio, Puntos_Taquero_Corazon) values ('OFKF112078WWMZFEY2', 99, 'Susana', 'Garcia', 'Ortiz', 'Lukken', '3634', 'Nuevo León', '55080', '5276512837', 'jsimenet5g@sakura.ne.jp', false, 441.61);
insert into cliente (CURP, id_Taqueria, Nombre, A_Paterno, A_Materno, Calle, Numero, Estado, C_Postal, Telefono, Email, A_Domicilio, Puntos_Taquero_Corazon) values ('ZJLT942624QDHJSMV3', 42, 'Borja', 'Ortega', 'Lozano', 'Meadow Valley', '2', 'Michoacán', '76113', '1756345374', 'itackes5h@webnode.com', true, 546.61);
insert into cliente (CURP, id_Taqueria, Nombre, A_Paterno, A_Materno, Calle, Numero, Estado, C_Postal, Telefono, Email, A_Domicilio, Puntos_Taquero_Corazon) values ('XBUZ346491QPXKJVV8', 63, 'Ramon', 'Romero', 'Saez', 'Tennessee', '9848', 'Nuevo León', '13105', '1989927484', 'eeldin5i@geocities.jp', false, 168.8);
insert into cliente (CURP, id_Taqueria, Nombre, A_Paterno, A_Materno, Calle, Numero, Estado, C_Postal, Telefono, Email, A_Domicilio, Puntos_Taquero_Corazon) values ('OOMB471248AGZPCGE0', 19, 'Alejandra', 'Martinez', 'Ramos', 'Northridge', '3109', 'Tabasco', '63436', '8818605094', 'lskillicorn5j@wordpress.org', true, 251.74);

-- TICKET

insert into ticket (id, id_Cliente, Fecha, RFC_Mesero, Es_Efectivo, Es_Tarjeta, Es_Puntos, Total) values ('1152', 'ZAZG706935ZDUXQWT3', '2022-05-28', 'FYUQ016780QZR', true, false, false, 650.95);
insert into ticket (id, id_Cliente, Fecha, RFC_Mesero, Es_Efectivo, Es_Tarjeta, Es_Puntos, Total) values ('3200', 'ROOA115083MYNUBOB8', '2021-12-21', 'XHIX245662XU9', true, false, false, 470.5);
insert into ticket (id, id_Cliente, Fecha, RFC_Mesero, Es_Efectivo, Es_Tarjeta, Es_Puntos, Total) values ('9735', 'WHCX465359ZWEYIXX8', '2021-12-20', 'XLMX501606OUA', true, false, false, 901.39);
insert into ticket (id, id_Cliente, Fecha, RFC_Mesero, Es_Efectivo, Es_Tarjeta, Es_Puntos, Total) values ('8026', 'GJES593603GJGIOD12', '2018-11-01', 'TJYU514688KQI', true, false, false, 750.66);
insert into ticket (id, id_Cliente, Fecha, RFC_Mesero, Es_Efectivo, Es_Tarjeta, Es_Puntos, Total) values ('2803', 'YLGG166953HJZQVKT5', '2019-09-07', 'SYFY860221X9P', true, false, false, 567.28);
insert into ticket (id, id_Cliente, Fecha, RFC_Mesero, Es_Efectivo, Es_Tarjeta, Es_Puntos, Total) values ('0164', 'BDYG659560TBURHML9', '2021-01-14', 'TKNS166433PCE', true, false, false, 308.39);
insert into ticket (id, id_Cliente, Fecha, RFC_Mesero, Es_Efectivo, Es_Tarjeta, Es_Puntos, Total) values ('8707', 'XDRM091640CSARERY6', '2021-12-08', 'IMAK326557PKY', true, false, false, 479.05);
insert into ticket (id, id_Cliente, Fecha, RFC_Mesero, Es_Efectivo, Es_Tarjeta, Es_Puntos, Total) values ('2793', 'OEBA124282MQRLBJL5', '2022-05-03', 'ILTI569485HX6', true, false, false, 256.64);
insert into ticket (id, id_Cliente, Fecha, RFC_Mesero, Es_Efectivo, Es_Tarjeta, Es_Puntos, Total) values ('9632', 'OOMB471248AGZPCGE0', '2019-06-08', 'LTWG0672559ZZ', true, false, false, 258.39);
insert into ticket (id, id_Cliente, Fecha, RFC_Mesero, Es_Efectivo, Es_Tarjeta, Es_Puntos, Total) values ('8212', 'GIQV116439GPFFLQC9', '2020-05-07', 'XXGB730122QNP', true, false, false, 273.72);
insert into ticket (id, id_Cliente, Fecha, RFC_Mesero, Es_Efectivo, Es_Tarjeta, Es_Puntos, Total) values ('4996', 'IPWJ707802SYSZXVX9', '2020-04-30', 'WVRO817769FLI', true, false, false, 287.0);
insert into ticket (id, id_Cliente, Fecha, RFC_Mesero, Es_Efectivo, Es_Tarjeta, Es_Puntos, Total) values ('3776', 'GIQV116439GPFFLQC9', '2020-04-03', 'GPPW335859EDN', true, false, false, 52.01);
insert into ticket (id, id_Cliente, Fecha, RFC_Mesero, Es_Efectivo, Es_Tarjeta, Es_Puntos, Total) values ('8249', 'NROY049261KKFFXMM1', '2021-10-02', 'QLHQ288185T5D', true, false, false, 136.33);
insert into ticket (id, id_Cliente, Fecha, RFC_Mesero, Es_Efectivo, Es_Tarjeta, Es_Puntos, Total) values ('5727', 'APQI336877AWRBBBO7', '2022-04-21', 'KPFO12496241R', true, false, false, 430.82);
insert into ticket (id, id_Cliente, Fecha, RFC_Mesero, Es_Efectivo, Es_Tarjeta, Es_Puntos, Total) values ('9128', 'BZIA565027KMPBJSW9', '2020-11-20', 'DYWK965529C3A', true, false, false, 887.09);
insert into ticket (id, id_Cliente, Fecha, RFC_Mesero, Es_Efectivo, Es_Tarjeta, Es_Puntos, Total) values ('3384', 'JVUA745017DQFPAWG5', '2022-02-14', 'EPTT486658PZH', true, false, false, 634.74);
insert into ticket (id, id_Cliente, Fecha, RFC_Mesero, Es_Efectivo, Es_Tarjeta, Es_Puntos, Total) values ('2301', 'HODH000399HJMOMGR2', '2019-04-01', 'WXVR6886871D3', true, false, false, 83.47);
insert into ticket (id, id_Cliente, Fecha, RFC_Mesero, Es_Efectivo, Es_Tarjeta, Es_Puntos, Total) values ('2927', 'GSUC394013FSKTIAE1', '2021-12-01', 'QAXF178006W3Z', true, false, false, 282.77);
insert into ticket (id, id_Cliente, Fecha, RFC_Mesero, Es_Efectivo, Es_Tarjeta, Es_Puntos, Total) values ('9849', 'YNKH976720GADHMU24', '2019-04-29', 'NUSX5380723C6', true, false, false, 520.21);
insert into ticket (id, id_Cliente, Fecha, RFC_Mesero, Es_Efectivo, Es_Tarjeta, Es_Puntos, Total) values ('5994', 'ZOBC337238LKYEEQU4', '2020-10-04', 'CZQI301083HLA', true, false, false, 967.08);
insert into ticket (id, id_Cliente, Fecha, RFC_Mesero, Es_Efectivo, Es_Tarjeta, Es_Puntos, Total) values ('0478', 'GJES593603GJGIOD12', '2020-06-21', 'CDXZ147940HQ4', true, false, false, 234.36);
insert into ticket (id, id_Cliente, Fecha, RFC_Mesero, Es_Efectivo, Es_Tarjeta, Es_Puntos, Total) values ('7500', 'YIXT746772NAIZRDI1', '2020-11-28', 'XXWJ65948099S', true, false, false, 785.79);
insert into ticket (id, id_Cliente, Fecha, RFC_Mesero, Es_Efectivo, Es_Tarjeta, Es_Puntos, Total) values ('6199', 'WSAC868497DUWFZTV9', '2019-02-25', 'NIRX4060611ZG', true, false, false, 140.55);
insert into ticket (id, id_Cliente, Fecha, RFC_Mesero, Es_Efectivo, Es_Tarjeta, Es_Puntos, Total) values ('2628', 'GIQV116439GPFFLQC9', '2021-11-20', 'NCTW568729XBW', true, false, false, 517.03);
insert into ticket (id, id_Cliente, Fecha, RFC_Mesero, Es_Efectivo, Es_Tarjeta, Es_Puntos, Total) values ('4500', 'MGAB837953FXJERC79', '2021-10-07', 'UEOZ893360X4A', true, false, false, 151.43);
insert into ticket (id, id_Cliente, Fecha, RFC_Mesero, Es_Efectivo, Es_Tarjeta, Es_Puntos, Total) values ('9672', 'XGTM627706MZAYKXK9', '2020-03-02', 'QLQF277853GEQ', true, false, false, 984.05);
insert into ticket (id, id_Cliente, Fecha, RFC_Mesero, Es_Efectivo, Es_Tarjeta, Es_Puntos, Total) values ('4201', 'HXHC966777TGGDLGQ5', '2022-01-12', 'LTWG0672559ZZ', true, false, false, 95.65);
insert into ticket (id, id_Cliente, Fecha, RFC_Mesero, Es_Efectivo, Es_Tarjeta, Es_Puntos, Total) values ('7173', 'LJMT396556WVFINEW0', '2020-04-22', 'QTUE7684504FY', true, false, false, 755.92);
insert into ticket (id, id_Cliente, Fecha, RFC_Mesero, Es_Efectivo, Es_Tarjeta, Es_Puntos, Total) values ('7371', 'SNLC713460NHWTYO23', '2019-08-23', 'JOYZ597991GW5', true, false, false, 194.98);
insert into ticket (id, id_Cliente, Fecha, RFC_Mesero, Es_Efectivo, Es_Tarjeta, Es_Puntos, Total) values ('6384', 'RKFX302014ZRMXZEX8', '2021-12-07', 'BMSH096993863', true, false, false, 767.39);
insert into ticket (id, id_Cliente, Fecha, RFC_Mesero, Es_Efectivo, Es_Tarjeta, Es_Puntos, Total) values ('7460', 'YPDO732671VORQSD00', '2022-03-03', 'WVRO817769FLI', true, false, false, 379.6);
insert into ticket (id, id_Cliente, Fecha, RFC_Mesero, Es_Efectivo, Es_Tarjeta, Es_Puntos, Total) values ('4975', 'QHVK908357PQLQQEJ9', '2019-02-16', 'CKJT277099FVT', true, false, false, 642.32);
insert into ticket (id, id_Cliente, Fecha, RFC_Mesero, Es_Efectivo, Es_Tarjeta, Es_Puntos, Total) values ('3784', 'XAUM241899ZCPFLS49', '2020-01-29', 'XXGB730122QNP', true, false, false, 248.61);
insert into ticket (id, id_Cliente, Fecha, RFC_Mesero, Es_Efectivo, Es_Tarjeta, Es_Puntos, Total) values ('6365', 'IXXM928400XDGNQZI6', '2020-05-01', 'QAXF178006W3Z', true, false, false, 646.61);
insert into ticket (id, id_Cliente, Fecha, RFC_Mesero, Es_Efectivo, Es_Tarjeta, Es_Puntos, Total) values ('9779', 'IAAT789156PQHZZCV2', '2019-11-10', 'ZEPS87377188L', true, false, false, 91.66);
insert into ticket (id, id_Cliente, Fecha, RFC_Mesero, Es_Efectivo, Es_Tarjeta, Es_Puntos, Total) values ('6353', 'LBJC797260ECXNRLU0', '2020-08-19', 'FYUQ016780QZR', true, false, false, 221.56);
insert into ticket (id, id_Cliente, Fecha, RFC_Mesero, Es_Efectivo, Es_Tarjeta, Es_Puntos, Total) values ('4083', 'NMMK480613WDFLNT66', '2021-01-20', 'ZEPS87377188L', true, false, false, 825.59);
insert into ticket (id, id_Cliente, Fecha, RFC_Mesero, Es_Efectivo, Es_Tarjeta, Es_Puntos, Total) values ('4286', 'OECN012931FOQXBDC0', '2020-11-06', 'QUDS336417CKE', true, false, false, 666.3);
insert into ticket (id, id_Cliente, Fecha, RFC_Mesero, Es_Efectivo, Es_Tarjeta, Es_Puntos, Total) values ('5114', 'EFPT151698RMOGBXK1', '2019-08-25', 'XNUQ981500UTE', true, false, false, 643.24);
insert into ticket (id, id_Cliente, Fecha, RFC_Mesero, Es_Efectivo, Es_Tarjeta, Es_Puntos, Total) values ('7011', 'MKQG053782KFGUDR96', '2019-12-10', 'ESVI993131NMG', true, false, false, 590.79);
insert into ticket (id, id_Cliente, Fecha, RFC_Mesero, Es_Efectivo, Es_Tarjeta, Es_Puntos, Total) values ('9173', 'NAQL036692FXAPULW8', '2018-08-23', 'JRNL5675418QS', true, false, false, 71.5);
insert into ticket (id, id_Cliente, Fecha, RFC_Mesero, Es_Efectivo, Es_Tarjeta, Es_Puntos, Total) values ('0113', 'JVKI859084WPQSXCE2', '2019-10-25', 'TJYU514688KQI', true, false, false, 629.6);
insert into ticket (id, id_Cliente, Fecha, RFC_Mesero, Es_Efectivo, Es_Tarjeta, Es_Puntos, Total) values ('8796', 'XMVT121574DRJIOEX3', '2018-07-30', 'NIRX4060611ZG', true, false, false, 765.73);
insert into ticket (id, id_Cliente, Fecha, RFC_Mesero, Es_Efectivo, Es_Tarjeta, Es_Puntos, Total) values ('9916', 'OBEY211005GBZSMOR6', '2019-04-17', 'VLAC718418L9Q', true, false, false, 555.81);
insert into ticket (id, id_Cliente, Fecha, RFC_Mesero, Es_Efectivo, Es_Tarjeta, Es_Puntos, Total) values ('1987', 'ZBEX381128KBTEOSG4', '2018-11-24', 'FCBF025454DJV', true, false, false, 834.41);
insert into ticket (id, id_Cliente, Fecha, RFC_Mesero, Es_Efectivo, Es_Tarjeta, Es_Puntos, Total) values ('4785', 'MKQG053782KFGUDR96', '2020-12-06', 'GFSQ079254CGR', true, false, false, 240.93);
insert into ticket (id, id_Cliente, Fecha, RFC_Mesero, Es_Efectivo, Es_Tarjeta, Es_Puntos, Total) values ('5806', 'UHQG399601CTNGJUB3', '2020-11-11', 'NFWA060487867', true, false, false, 615.9);
insert into ticket (id, id_Cliente, Fecha, RFC_Mesero, Es_Efectivo, Es_Tarjeta, Es_Puntos, Total) values ('8874', 'SUFM986551FXWPCE05', '2019-04-24', 'IZTO2068467GA', true, false, false, 556.4);
insert into ticket (id, id_Cliente, Fecha, RFC_Mesero, Es_Efectivo, Es_Tarjeta, Es_Puntos, Total) values ('8070', 'ASSL722136MSHEFRP1', '2021-06-15', 'NCTW568729XBW', true, false, false, 827.0);
insert into ticket (id, id_Cliente, Fecha, RFC_Mesero, Es_Efectivo, Es_Tarjeta, Es_Puntos, Total) values ('0654', 'EHJG258274THDZHA78', '2018-08-27', 'NBWH008024RDJ', true, false, false, 111.01);
insert into ticket (id, id_Cliente, Fecha, RFC_Mesero, Es_Efectivo, Es_Tarjeta, Es_Puntos, Total) values ('3476', 'TVEX938120YOPTZF00', '2020-12-23', 'UEOZ893360X4A', true, false, false, 681.56);
insert into ticket (id, id_Cliente, Fecha, RFC_Mesero, Es_Efectivo, Es_Tarjeta, Es_Puntos, Total) values ('9166', 'JYII089831SHGVOD98', '2021-05-11', 'ZJZD695765OQF', true, false, false, 107.77);
insert into ticket (id, id_Cliente, Fecha, RFC_Mesero, Es_Efectivo, Es_Tarjeta, Es_Puntos, Total) values ('6477', 'FJRH184746OZIWSLX1', '2018-10-07', 'JRNL5675418QS', true, false, false, 836.87);
insert into ticket (id, id_Cliente, Fecha, RFC_Mesero, Es_Efectivo, Es_Tarjeta, Es_Puntos, Total) values ('0649', 'VGVT423109VUAMMK33', '2020-04-17', 'RUWC272531D28', true, false, false, 477.04);
insert into ticket (id, id_Cliente, Fecha, RFC_Mesero, Es_Efectivo, Es_Tarjeta, Es_Puntos, Total) values ('7258', 'LQZB392397KMFFIXX6', '2020-03-03', 'ICDN377282H5R', true, false, false, 108.94);
insert into ticket (id, id_Cliente, Fecha, RFC_Mesero, Es_Efectivo, Es_Tarjeta, Es_Puntos, Total) values ('0258', 'NOID539165RXYFEFF9', '2020-02-02', 'VHUN020307YYW', true, false, false, 896.15);
insert into ticket (id, id_Cliente, Fecha, RFC_Mesero, Es_Efectivo, Es_Tarjeta, Es_Puntos, Total) values ('9048', 'MUXI757343ANWCAHH4', '2018-09-06', 'CDXZ147940HQ4', true, false, false, 57.19);
insert into ticket (id, id_Cliente, Fecha, RFC_Mesero, Es_Efectivo, Es_Tarjeta, Es_Puntos, Total) values ('6938', 'VGZJ803624ESUXCB58', '2020-04-22', 'RWGS1306282U4', true, false, false, 933.18);
insert into ticket (id, id_Cliente, Fecha, RFC_Mesero, Es_Efectivo, Es_Tarjeta, Es_Puntos, Total) values ('1262', 'WDFH485362KPMIJZF4', '2020-05-28', 'NPNI189327TFW', true, false, false, 212.95);
insert into ticket (id, id_Cliente, Fecha, RFC_Mesero, Es_Efectivo, Es_Tarjeta, Es_Puntos, Total) values ('6694', 'SXPY387550YZLVCKW0', '2018-10-12', 'SYFY860221X9P', true, false, false, 716.65);
insert into ticket (id, id_Cliente, Fecha, RFC_Mesero, Es_Efectivo, Es_Tarjeta, Es_Puntos, Total) values ('0765', 'YKBK976157FLIMUV30', '2019-09-03', 'XPGX035642FPP', true, false, false, 695.48);
insert into ticket (id, id_Cliente, Fecha, RFC_Mesero, Es_Efectivo, Es_Tarjeta, Es_Puntos, Total) values ('2335', 'EACL894746JUAKLUN3', '2019-11-25', 'KSST768535N1W', true, false, false, 154.19);
insert into ticket (id, id_Cliente, Fecha, RFC_Mesero, Es_Efectivo, Es_Tarjeta, Es_Puntos, Total) values ('7307', 'ZQAU620979LFLTPB41', '2020-12-23', 'KPFO12496241R', true, false, false, 249.02);
insert into ticket (id, id_Cliente, Fecha, RFC_Mesero, Es_Efectivo, Es_Tarjeta, Es_Puntos, Total) values ('7723', 'EVZV201138VOIXLX21', '2021-08-07', 'WXVR6886871D3', true, false, false, 230.88);
insert into ticket (id, id_Cliente, Fecha, RFC_Mesero, Es_Efectivo, Es_Tarjeta, Es_Puntos, Total) values ('5435', 'GUDP888737DCGVSJH4', '2021-10-13', 'BMSH096993863', true, false, false, 777.93);
insert into ticket (id, id_Cliente, Fecha, RFC_Mesero, Es_Efectivo, Es_Tarjeta, Es_Puntos, Total) values ('6594', 'MKQG053782KFGUDR96', '2021-05-19', 'BSEV696101XJ6', true, false, false, 370.8);
insert into ticket (id, id_Cliente, Fecha, RFC_Mesero, Es_Efectivo, Es_Tarjeta, Es_Puntos, Total) values ('3515', 'IPWJ707802SYSZXVX9', '2018-08-16', 'WXEZ682503XBH', true, false, false, 538.57);
insert into ticket (id, id_Cliente, Fecha, RFC_Mesero, Es_Efectivo, Es_Tarjeta, Es_Puntos, Total) values ('7407', 'JYII089831SHGVOD98', '2019-09-06', 'BSEV696101XJ6', true, false, false, 830.15);
insert into ticket (id, id_Cliente, Fecha, RFC_Mesero, Es_Efectivo, Es_Tarjeta, Es_Puntos, Total) values ('1751', 'OBEY211005GBZSMOR6', '2020-08-05', 'WQWN163333293', true, false, false, 306.32);
insert into ticket (id, id_Cliente, Fecha, RFC_Mesero, Es_Efectivo, Es_Tarjeta, Es_Puntos, Total) values ('7092', 'BDYG659560TBURHML9', '2020-02-13', 'NCTW568729XBW', true, false, false, 403.95);
insert into ticket (id, id_Cliente, Fecha, RFC_Mesero, Es_Efectivo, Es_Tarjeta, Es_Puntos, Total) values ('8959', 'ANGY061229IEDPYW28', '2019-04-04', 'XGYE216543QWB', true, false, false, 454.12);
insert into ticket (id, id_Cliente, Fecha, RFC_Mesero, Es_Efectivo, Es_Tarjeta, Es_Puntos, Total) values ('2349', 'GSUC394013FSKTIAE1', '2019-07-14', 'JVNL722921NDV', true, false, false, 915.45);
insert into ticket (id, id_Cliente, Fecha, RFC_Mesero, Es_Efectivo, Es_Tarjeta, Es_Puntos, Total) values ('2097', 'KEAW036582WRWZEK04', '2019-08-29', 'NSOQ484131E6C', true, false, false, 839.25);
insert into ticket (id, id_Cliente, Fecha, RFC_Mesero, Es_Efectivo, Es_Tarjeta, Es_Puntos, Total) values ('3657', 'EPEM577886XYNOKXF0', '2022-03-02', 'NIRX4060611ZG', true, false, false, 633.65);
insert into ticket (id, id_Cliente, Fecha, RFC_Mesero, Es_Efectivo, Es_Tarjeta, Es_Puntos, Total) values ('9005', 'CIQB200852QQKJLYC9', '2021-08-11', 'CSNC427041DW6', true, false, false, 132.36);
insert into ticket (id, id_Cliente, Fecha, RFC_Mesero, Es_Efectivo, Es_Tarjeta, Es_Puntos, Total) values ('2804', 'DHQW301553NCDIBFM9', '2019-05-04', 'NIRX4060611ZG', false, true, false, 151.26);
insert into ticket (id, id_Cliente, Fecha, RFC_Mesero, Es_Efectivo, Es_Tarjeta, Es_Puntos, Total) values ('5794', 'OHJZ000315VVCKYJ82', '2021-09-10', 'TKNS166433PCE', false, true, false, 592.88);
insert into ticket (id, id_Cliente, Fecha, RFC_Mesero, Es_Efectivo, Es_Tarjeta, Es_Puntos, Total) values ('8791', 'PBRO585229QAASMR19', '2020-01-10', 'WEZT2653900AD', false, true, false, 673.63);
insert into ticket (id, id_Cliente, Fecha, RFC_Mesero, Es_Efectivo, Es_Tarjeta, Es_Puntos, Total) values ('2495', 'RKFX302014ZRMXZEX8', '2020-01-23', 'FCBF025454DJV', false, true, false, 992.95);
insert into ticket (id, id_Cliente, Fecha, RFC_Mesero, Es_Efectivo, Es_Tarjeta, Es_Puntos, Total) values ('5061', 'CKVM799468YWVNZUQ0', '2021-08-28', 'VLAC718418L9Q', false, true, false, 706.77);
insert into ticket (id, id_Cliente, Fecha, RFC_Mesero, Es_Efectivo, Es_Tarjeta, Es_Puntos, Total) values ('5393', 'VGVT423109VUAMMK33', '2022-04-18', 'XXWJ65948099S', false, true, false, 374.57);
insert into ticket (id, id_Cliente, Fecha, RFC_Mesero, Es_Efectivo, Es_Tarjeta, Es_Puntos, Total) values ('8732', 'QRPX972001QTOYZI26', '2021-04-29', 'WXVR6886871D3', false, true, false, 76.77);
insert into ticket (id, id_Cliente, Fecha, RFC_Mesero, Es_Efectivo, Es_Tarjeta, Es_Puntos, Total) values ('4605', 'MUXI757343ANWCAHH4', '2019-12-08', 'LLDJ800879VMY', false, true, false, 299.51);
insert into ticket (id, id_Cliente, Fecha, RFC_Mesero, Es_Efectivo, Es_Tarjeta, Es_Puntos, Total) values ('7653', 'VSKF346554WTPULWR1', '2018-08-16', 'YFOS7187119HJ', false, true, false, 123.78);
insert into ticket (id, id_Cliente, Fecha, RFC_Mesero, Es_Efectivo, Es_Tarjeta, Es_Puntos, Total) values ('7454', 'UHQG399601CTNGJUB3', '2018-06-19', 'WEDI687994TL8', false, true, false, 421.39);
insert into ticket (id, id_Cliente, Fecha, RFC_Mesero, Es_Efectivo, Es_Tarjeta, Es_Puntos, Total) values ('4909', 'YRXR153901SUICWJ45', '2022-03-25', 'ZLTP094338N0R', false, true, false, 201.49);
insert into ticket (id, id_Cliente, Fecha, RFC_Mesero, Es_Efectivo, Es_Tarjeta, Es_Puntos, Total) values ('5831', 'UCGI437931QALTKZJ4', '2019-10-04', 'ZJZD695765OQF', false, true, false, 451.34);
insert into ticket (id, id_Cliente, Fecha, RFC_Mesero, Es_Efectivo, Es_Tarjeta, Es_Puntos, Total) values ('9036', 'LQZB392397KMFFIXX6', '2019-02-13', 'WXEZ682503XBH', false, true, false, 601.91);
insert into ticket (id, id_Cliente, Fecha, RFC_Mesero, Es_Efectivo, Es_Tarjeta, Es_Puntos, Total) values ('5339', 'XBUZ346491QPXKJVV8', '2020-07-21', 'NSOQ484131E6C', false, true, false, 176.36);
insert into ticket (id, id_Cliente, Fecha, RFC_Mesero, Es_Efectivo, Es_Tarjeta, Es_Puntos, Total) values ('6566', 'GIQV116439GPFFLQC9', '2018-08-29', 'SSWP434936XMT', false, true, false, 903.38);
insert into ticket (id, id_Cliente, Fecha, RFC_Mesero, Es_Efectivo, Es_Tarjeta, Es_Puntos, Total) values ('5694', 'EHJG258274THDZHA78', '2019-11-28', 'NRRD793888QTA', false, true, false, 811.1);
insert into ticket (id, id_Cliente, Fecha, RFC_Mesero, Es_Efectivo, Es_Tarjeta, Es_Puntos, Total) values ('2955', 'YCAS284534HWAVWZL0', '2020-04-03', 'RWGS1306282U4', false, true, false, 416.77);
insert into ticket (id, id_Cliente, Fecha, RFC_Mesero, Es_Efectivo, Es_Tarjeta, Es_Puntos, Total) values ('9082', 'OEBA124282MQRLBJL5', '2019-05-31', 'NPNI189327TFW', false, true, false, 571.23);
insert into ticket (id, id_Cliente, Fecha, RFC_Mesero, Es_Efectivo, Es_Tarjeta, Es_Puntos, Total) values ('3686', 'JVKI859084WPQSXCE2', '2019-08-11', 'NFWA060487867', false, true, false, 692.95);
insert into ticket (id, id_Cliente, Fecha, RFC_Mesero, Es_Efectivo, Es_Tarjeta, Es_Puntos, Total) values ('4517', 'XNQU003118THFVOQ56', '2019-10-10', 'LLDJ800879VMY', false, true, false, 121.88);
insert into ticket (id, id_Cliente, Fecha, RFC_Mesero, Es_Efectivo, Es_Tarjeta, Es_Puntos, Total) values ('6798', 'OHJZ000315VVCKYJ82', '2021-03-27', 'QAXF178006W3Z', false, true, false, 618.45);
insert into ticket (id, id_Cliente, Fecha, RFC_Mesero, Es_Efectivo, Es_Tarjeta, Es_Puntos, Total) values ('6517', 'YHBE201147DSTZSNG7', '2019-10-19', 'WFEO8602817RG', false, true, false, 144.83);
insert into ticket (id, id_Cliente, Fecha, RFC_Mesero, Es_Efectivo, Es_Tarjeta, Es_Puntos, Total) values ('7109', 'KSHO993207SEOQFFO2', '2020-07-01', 'ZJZD695765OQF', false, true, false, 852.41);
insert into ticket (id, id_Cliente, Fecha, RFC_Mesero, Es_Efectivo, Es_Tarjeta, Es_Puntos, Total) values ('9266', 'EVSB370942XJQJTZS9', '2021-08-18', 'NPNI189327TFW', false, true, false, 217.76);
insert into ticket (id, id_Cliente, Fecha, RFC_Mesero, Es_Efectivo, Es_Tarjeta, Es_Puntos, Total) values ('8285', 'NAYP134285RKJYIPT6', '2021-04-18', 'XLMX501606OUA', false, true, false, 323.47);
insert into ticket (id, id_Cliente, Fecha, RFC_Mesero, Es_Efectivo, Es_Tarjeta, Es_Puntos, Total) values ('9409', 'OECN012931FOQXBDC0', '2019-03-27', 'CKJT277099FVT', false, true, false, 662.19);
insert into ticket (id, id_Cliente, Fecha, RFC_Mesero, Es_Efectivo, Es_Tarjeta, Es_Puntos, Total) values ('1214', 'YRYS805632QRRGKVD1', '2020-09-20', 'JOYZ597991GW5', false, true, false, 66.41);
insert into ticket (id, id_Cliente, Fecha, RFC_Mesero, Es_Efectivo, Es_Tarjeta, Es_Puntos, Total) values ('4822', 'VGVT423109VUAMMK33', '2019-12-10', 'JRNL5675418QS', false, true, false, 178.8);
insert into ticket (id, id_Cliente, Fecha, RFC_Mesero, Es_Efectivo, Es_Tarjeta, Es_Puntos, Total) values ('7157', 'OEBA124282MQRLBJL5', '2019-10-19', 'ZDJQ6201412O3', false, true, false, 574.46);
insert into ticket (id, id_Cliente, Fecha, RFC_Mesero, Es_Efectivo, Es_Tarjeta, Es_Puntos, Total) values ('3022', 'EBOH699439NMRIGJD1', '2018-12-03', 'HPCL3527971AR', false, true, false, 962.93);
insert into ticket (id, id_Cliente, Fecha, RFC_Mesero, Es_Efectivo, Es_Tarjeta, Es_Puntos, Total) values ('0431', 'FMUY142032MMOTEUE4', '2019-10-13', 'SQFC841466YOH', false, true, false, 561.38);
insert into ticket (id, id_Cliente, Fecha, RFC_Mesero, Es_Efectivo, Es_Tarjeta, Es_Puntos, Total) values ('7748', 'JING061822KWKKALJ1', '2019-01-19', 'RUWC272531D28', false, true, false, 614.4);
insert into ticket (id, id_Cliente, Fecha, RFC_Mesero, Es_Efectivo, Es_Tarjeta, Es_Puntos, Total) values ('8615', 'BJBW309063ZHRWHW25', '2018-12-07', 'BPJP382426LZU', false, true, false, 360.26);
insert into ticket (id, id_Cliente, Fecha, RFC_Mesero, Es_Efectivo, Es_Tarjeta, Es_Puntos, Total) values ('8080', 'ZVQQ429207HUPDZYU8', '2018-06-22', 'YJAZ889014F0E', false, true, false, 610.56);
insert into ticket (id, id_Cliente, Fecha, RFC_Mesero, Es_Efectivo, Es_Tarjeta, Es_Puntos, Total) values ('4015', 'PEGR343506MRECHBL4', '2020-11-30', 'ZXDL404943XV1', false, true, false, 960.39);
insert into ticket (id, id_Cliente, Fecha, RFC_Mesero, Es_Efectivo, Es_Tarjeta, Es_Puntos, Total) values ('4946', 'NXRD420792FHPBIDK0', '2018-09-27', 'ZDJQ6201412O3', false, true, false, 144.29);
insert into ticket (id, id_Cliente, Fecha, RFC_Mesero, Es_Efectivo, Es_Tarjeta, Es_Puntos, Total) values ('0856', 'YFRR104428YDHPFVW3', '2020-05-08', 'ICDN377282H5R', false, true, false, 777.46);
insert into ticket (id, id_Cliente, Fecha, RFC_Mesero, Es_Efectivo, Es_Tarjeta, Es_Puntos, Total) values ('5992', 'OEKG604015VHHNAPT9', '2021-06-12', 'BPJP382426LZU', false, true, false, 520.45);
insert into ticket (id, id_Cliente, Fecha, RFC_Mesero, Es_Efectivo, Es_Tarjeta, Es_Puntos, Total) values ('1245', 'AWPL010741GZIKVWY4', '2021-08-29', 'XXWJ65948099S', false, true, false, 676.42);
insert into ticket (id, id_Cliente, Fecha, RFC_Mesero, Es_Efectivo, Es_Tarjeta, Es_Puntos, Total) values ('8202', 'KPTS420615DHNPOMB0', '2021-12-08', 'RUWC272531D28', false, true, false, 734.35);
insert into ticket (id, id_Cliente, Fecha, RFC_Mesero, Es_Efectivo, Es_Tarjeta, Es_Puntos, Total) values ('3888', 'JALK160205SZWALVU5', '2022-03-07', 'NUSX5380723C6', false, true, false, 516.12);
insert into ticket (id, id_Cliente, Fecha, RFC_Mesero, Es_Efectivo, Es_Tarjeta, Es_Puntos, Total) values ('2058', 'LXTT636818ZIEZZYR4', '2019-08-18', 'AFKA806401MKK', false, true, false, 595.27);
insert into ticket (id, id_Cliente, Fecha, RFC_Mesero, Es_Efectivo, Es_Tarjeta, Es_Puntos, Total) values ('4150', 'XGTM627706MZAYKXK9', '2021-01-15', 'ZLTP094338N0R', false, true, false, 949.93);
insert into ticket (id, id_Cliente, Fecha, RFC_Mesero, Es_Efectivo, Es_Tarjeta, Es_Puntos, Total) values ('9753', 'OEKG604015VHHNAPT9', '2020-12-09', 'TKNS166433PCE', false, true, false, 653.56);
insert into ticket (id, id_Cliente, Fecha, RFC_Mesero, Es_Efectivo, Es_Tarjeta, Es_Puntos, Total) values ('7392', 'VSKF346554WTPULWR1', '2022-06-06', 'SSWP434936XMT', false, true, false, 963.33);
insert into ticket (id, id_Cliente, Fecha, RFC_Mesero, Es_Efectivo, Es_Tarjeta, Es_Puntos, Total) values ('5964', 'OECN012931FOQXBDC0', '2020-04-14', 'JOYZ597991GW5', false, true, false, 94.58);
insert into ticket (id, id_Cliente, Fecha, RFC_Mesero, Es_Efectivo, Es_Tarjeta, Es_Puntos, Total) values ('2445', 'OJEE793688GLHVOEV2', '2021-12-21', 'SAMX773079RLO', false, true, false, 983.88);
insert into ticket (id, id_Cliente, Fecha, RFC_Mesero, Es_Efectivo, Es_Tarjeta, Es_Puntos, Total) values ('9609', 'LQZB392397KMFFIXX6', '2020-03-13', 'GFSQ079254CGR', false, true, false, 146.21);
insert into ticket (id, id_Cliente, Fecha, RFC_Mesero, Es_Efectivo, Es_Tarjeta, Es_Puntos, Total) values ('4482', 'NDLX223539IHJPSX91', '2021-09-13', 'TJYU514688KQI', false, true, false, 701.1);
insert into ticket (id, id_Cliente, Fecha, RFC_Mesero, Es_Efectivo, Es_Tarjeta, Es_Puntos, Total) values ('8329', 'SUFM986551FXWPCE05', '2021-10-21', 'WFEO8602817RG', false, true, false, 144.97);
insert into ticket (id, id_Cliente, Fecha, RFC_Mesero, Es_Efectivo, Es_Tarjeta, Es_Puntos, Total) values ('7740', 'BMUN295755KHQVSB53', '2021-12-12', 'JRNL5675418QS', false, true, false, 594.78);
insert into ticket (id, id_Cliente, Fecha, RFC_Mesero, Es_Efectivo, Es_Tarjeta, Es_Puntos, Total) values ('1718', 'VNIV211834VMQUYK22', '2019-08-04', 'XNUQ981500UTE', false, true, false, 139.77);
insert into ticket (id, id_Cliente, Fecha, RFC_Mesero, Es_Efectivo, Es_Tarjeta, Es_Puntos, Total) values ('8406', 'CRPJ967930TKCEZZQ1', '2021-10-12', 'CZQI301083HLA', false, true, false, 900.91);
insert into ticket (id, id_Cliente, Fecha, RFC_Mesero, Es_Efectivo, Es_Tarjeta, Es_Puntos, Total) values ('6582', 'FSXI197283ZXRHUK27', '2020-12-01', 'WXEZ682503XBH', false, true, false, 448.15);
insert into ticket (id, id_Cliente, Fecha, RFC_Mesero, Es_Efectivo, Es_Tarjeta, Es_Puntos, Total) values ('5982', 'BZIA565027KMPBJSW9', '2018-12-27', 'AOVW982714NFV', false, true, false, 429.83);
insert into ticket (id, id_Cliente, Fecha, RFC_Mesero, Es_Efectivo, Es_Tarjeta, Es_Puntos, Total) values ('0232', 'NAYP134285RKJYIPT6', '2018-09-11', 'AFKA806401MKK', false, true, false, 205.44);
insert into ticket (id, id_Cliente, Fecha, RFC_Mesero, Es_Efectivo, Es_Tarjeta, Es_Puntos, Total) values ('8458', 'QHXQ084957BDBRNOH4', '2019-06-16', 'ICDN377282H5R', false, true, false, 552.5);
insert into ticket (id, id_Cliente, Fecha, RFC_Mesero, Es_Efectivo, Es_Tarjeta, Es_Puntos, Total) values ('3471', 'WJVV121469KICBIE28', '2019-03-14', 'WXLS229114ENU', false, true, false, 964.51);
insert into ticket (id, id_Cliente, Fecha, RFC_Mesero, Es_Efectivo, Es_Tarjeta, Es_Puntos, Total) values ('4551', 'YPDO732671VORQSD00', '2021-04-02', 'CGBB976603DMH', false, true, false, 391.25);
insert into ticket (id, id_Cliente, Fecha, RFC_Mesero, Es_Efectivo, Es_Tarjeta, Es_Puntos, Total) values ('9206', 'NROY049261KKFFXMM1', '2022-05-28', 'BLOQ905237P3P', false, true, false, 128.43);
insert into ticket (id, id_Cliente, Fecha, RFC_Mesero, Es_Efectivo, Es_Tarjeta, Es_Puntos, Total) values ('2099', 'EVZV201138VOIXLX21', '2019-02-26', 'XNUQ981500UTE', false, true, false, 542.36);
insert into ticket (id, id_Cliente, Fecha, RFC_Mesero, Es_Efectivo, Es_Tarjeta, Es_Puntos, Total) values ('2179', 'IVPJ152039MXIMOXP2', '2020-12-31', 'ZYWG5996574H9', false, true, false, 90.15);
insert into ticket (id, id_Cliente, Fecha, RFC_Mesero, Es_Efectivo, Es_Tarjeta, Es_Puntos, Total) values ('4240', 'ANGY061229IEDPYW28', '2021-02-21', 'HPCL3527971AR', false, true, false, 627.91);
insert into ticket (id, id_Cliente, Fecha, RFC_Mesero, Es_Efectivo, Es_Tarjeta, Es_Puntos, Total) values ('9884', 'XBUZ346491QPXKJVV8', '2021-01-03', 'KMLB645889NOF', false, true, false, 60.7);
insert into ticket (id, id_Cliente, Fecha, RFC_Mesero, Es_Efectivo, Es_Tarjeta, Es_Puntos, Total) values ('3104', 'ERQZ016585JGPOHIX0', '2019-08-09', 'WUOT027221MA3', false, true, false, 214.84);
insert into ticket (id, id_Cliente, Fecha, RFC_Mesero, Es_Efectivo, Es_Tarjeta, Es_Puntos, Total) values ('5441', 'THVJ079170KLXVDD24', '2018-07-14', 'LNYZ594304WEK', false, true, false, 598.59);
insert into ticket (id, id_Cliente, Fecha, RFC_Mesero, Es_Efectivo, Es_Tarjeta, Es_Puntos, Total) values ('4707', 'NOID539165RXYFEFF9', '2021-04-06', 'OQZD844001UVA', false, true, false, 680.68);
insert into ticket (id, id_Cliente, Fecha, RFC_Mesero, Es_Efectivo, Es_Tarjeta, Es_Puntos, Total) values ('8656', 'WTCQ031399JGMDVQ17', '2019-12-14', 'ZDJQ6201412O3', false, true, false, 874.24);
insert into ticket (id, id_Cliente, Fecha, RFC_Mesero, Es_Efectivo, Es_Tarjeta, Es_Puntos, Total) values ('7443', 'GUDP888737DCGVSJH4', '2020-10-15', 'SQFC841466YOH', false, true, false, 895.25);
insert into ticket (id, id_Cliente, Fecha, RFC_Mesero, Es_Efectivo, Es_Tarjeta, Es_Puntos, Total) values ('7365', 'LQZB392397KMFFIXX6', '2018-07-03', 'QLHQ288185T5D', false, true, false, 530.38);
insert into ticket (id, id_Cliente, Fecha, RFC_Mesero, Es_Efectivo, Es_Tarjeta, Es_Puntos, Total) values ('9901', 'NROY049261KKFFXMM1', '2021-04-18', 'QAWT1243295GZ', false, true, false, 268.5);
insert into ticket (id, id_Cliente, Fecha, RFC_Mesero, Es_Efectivo, Es_Tarjeta, Es_Puntos, Total) values ('1443', 'ATDD319420ADDOSGK9', '2022-04-29', 'WUOT027221MA3', false, true, false, 803.38);
insert into ticket (id, id_Cliente, Fecha, RFC_Mesero, Es_Efectivo, Es_Tarjeta, Es_Puntos, Total) values ('4330', 'BMUN295755KHQVSB53', '2020-06-14', 'NPNI189327TFW', false, true, false, 616.02);
insert into ticket (id, id_Cliente, Fecha, RFC_Mesero, Es_Efectivo, Es_Tarjeta, Es_Puntos, Total) values ('2871', 'XHBQ762806OQZRHI14', '2022-02-06', 'BMSH096993863', false, true, false, 620.19);
insert into ticket (id, id_Cliente, Fecha, RFC_Mesero, Es_Efectivo, Es_Tarjeta, Es_Puntos, Total) values ('0847', 'RZHK963743YCUXSBX2', '2018-09-03', 'ZDJQ6201412O3', false, true, false, 541.35);
insert into ticket (id, id_Cliente, Fecha, RFC_Mesero, Es_Efectivo, Es_Tarjeta, Es_Puntos, Total) values ('9573', 'YCAS284534HWAVWZL0', '2019-03-28', 'WXVR6886871D3', false, false, true, 112.94);
insert into ticket (id, id_Cliente, Fecha, RFC_Mesero, Es_Efectivo, Es_Tarjeta, Es_Puntos, Total) values ('0585', 'GSUC394013FSKTIAE1', '2019-01-20', 'BSEV696101XJ6', false, false, true, 48.87);
insert into ticket (id, id_Cliente, Fecha, RFC_Mesero, Es_Efectivo, Es_Tarjeta, Es_Puntos, Total) values ('0687', 'OPQY788511WHTFIH49', '2020-11-18', 'XXWJ65948099S', false, false, true, 234.57);
insert into ticket (id, id_Cliente, Fecha, RFC_Mesero, Es_Efectivo, Es_Tarjeta, Es_Puntos, Total) values ('0354', 'ZQAU620979LFLTPB41', '2020-04-03', 'BSMH207199IGF', false, false, true, 580.74);
insert into ticket (id, id_Cliente, Fecha, RFC_Mesero, Es_Efectivo, Es_Tarjeta, Es_Puntos, Total) values ('2892', 'OJEE793688GLHVOEV2', '2022-03-25', 'CMCS045773Z3V', false, false, true, 381.99);
insert into ticket (id, id_Cliente, Fecha, RFC_Mesero, Es_Efectivo, Es_Tarjeta, Es_Puntos, Total) values ('5026', 'IKKR270981ROFGFLI6', '2020-05-29', 'XHIX245662XU9', false, false, true, 226.18);
insert into ticket (id, id_Cliente, Fecha, RFC_Mesero, Es_Efectivo, Es_Tarjeta, Es_Puntos, Total) values ('2427', 'ROOA115083MYNUBOB8', '2019-06-13', 'YJAZ889014F0E', false, false, true, 277.61);
insert into ticket (id, id_Cliente, Fecha, RFC_Mesero, Es_Efectivo, Es_Tarjeta, Es_Puntos, Total) values ('9324', 'ZOBC337238LKYEEQU4', '2021-09-03', 'TJYU514688KQI', false, false, true, 778.37);
insert into ticket (id, id_Cliente, Fecha, RFC_Mesero, Es_Efectivo, Es_Tarjeta, Es_Puntos, Total) values ('0490', 'JALK160205SZWALVU5', '2021-08-20', 'RWGS1306282U4', false, false, true, 458.79);
insert into ticket (id, id_Cliente, Fecha, RFC_Mesero, Es_Efectivo, Es_Tarjeta, Es_Puntos, Total) values ('3231', 'UCGI437931QALTKZJ4', '2021-05-05', 'CMCS045773Z3V', false, false, true, 707.74);
insert into ticket (id, id_Cliente, Fecha, RFC_Mesero, Es_Efectivo, Es_Tarjeta, Es_Puntos, Total) values ('1801', 'ZOBC337238LKYEEQU4', '2021-03-15', 'MRLX058394KBB', false, false, true, 167.95);
insert into ticket (id, id_Cliente, Fecha, RFC_Mesero, Es_Efectivo, Es_Tarjeta, Es_Puntos, Total) values ('9846', 'LVNS294142DOXSMPT4', '2021-05-16', 'QAXF178006W3Z', false, false, true, 920.04);
insert into ticket (id, id_Cliente, Fecha, RFC_Mesero, Es_Efectivo, Es_Tarjeta, Es_Puntos, Total) values ('9821', 'KUQV452526LFJTZST0', '2020-05-03', 'XYFF864793V7H', false, false, true, 397.9);
insert into ticket (id, id_Cliente, Fecha, RFC_Mesero, Es_Efectivo, Es_Tarjeta, Es_Puntos, Total) values ('3016', 'QBNO509254WCAVPDC0', '2020-09-28', 'NIRX4060611ZG', false, false, true, 967.21);
insert into ticket (id, id_Cliente, Fecha, RFC_Mesero, Es_Efectivo, Es_Tarjeta, Es_Puntos, Total) values ('2785', 'JJZP007478SXHTIZ55', '2019-02-06', 'YFOS7187119HJ', false, false, true, 614.14);
insert into ticket (id, id_Cliente, Fecha, RFC_Mesero, Es_Efectivo, Es_Tarjeta, Es_Puntos, Total) values ('2000', 'CKVM799468YWVNZUQ0', '2020-03-19', 'MRLX058394KBB', false, false, true, 960.81);
insert into ticket (id, id_Cliente, Fecha, RFC_Mesero, Es_Efectivo, Es_Tarjeta, Es_Puntos, Total) values ('8541', 'IPWJ707802SYSZXVX9', '2020-04-14', 'WQWN163333293', false, false, true, 431.5);
insert into ticket (id, id_Cliente, Fecha, RFC_Mesero, Es_Efectivo, Es_Tarjeta, Es_Puntos, Total) values ('1261', 'MGAB837953FXJERC79', '2021-10-03', 'IZTO2068467GA', false, false, true, 694.86);
insert into ticket (id, id_Cliente, Fecha, RFC_Mesero, Es_Efectivo, Es_Tarjeta, Es_Puntos, Total) values ('3902', 'XTRB458510SKGSPYL2', '2022-04-15', 'CKJT277099FVT', false, false, true, 276.55);
insert into ticket (id, id_Cliente, Fecha, RFC_Mesero, Es_Efectivo, Es_Tarjeta, Es_Puntos, Total) values ('0732', 'DCZZ063089QYYFGPC1', '2021-03-10', 'NPNI189327TFW', false, false, true, 997.21);
insert into ticket (id, id_Cliente, Fecha, RFC_Mesero, Es_Efectivo, Es_Tarjeta, Es_Puntos, Total) values ('3905', 'ZVQQ429207HUPDZYU8', '2018-12-07', 'WFEO8602817RG', false, false, true, 467.9);
insert into ticket (id, id_Cliente, Fecha, RFC_Mesero, Es_Efectivo, Es_Tarjeta, Es_Puntos, Total) values ('1401', 'THZF640780ZGLEJYK1', '2018-12-05', 'QLHQ288185T5D', false, false, true, 554.51);
insert into ticket (id, id_Cliente, Fecha, RFC_Mesero, Es_Efectivo, Es_Tarjeta, Es_Puntos, Total) values ('6506', 'EFUW978688KMOIDYN5', '2021-07-23', 'BSMH207199IGF', false, false, true, 814.63);
insert into ticket (id, id_Cliente, Fecha, RFC_Mesero, Es_Efectivo, Es_Tarjeta, Es_Puntos, Total) values ('9755', 'PBRO585229QAASMR19', '2018-11-01', 'KSST768535N1W', false, false, true, 446.38);
insert into ticket (id, id_Cliente, Fecha, RFC_Mesero, Es_Efectivo, Es_Tarjeta, Es_Puntos, Total) values ('2111', 'JHOM819244EKPPPBF6', '2022-05-09', 'ZLTP094338N0R', false, false, true, 593.19);
insert into ticket (id, id_Cliente, Fecha, RFC_Mesero, Es_Efectivo, Es_Tarjeta, Es_Puntos, Total) values ('4529', 'BPMX023711ODUIOV80', '2021-01-06', 'QQCC057071CJK', false, false, true, 978.92);
insert into ticket (id, id_Cliente, Fecha, RFC_Mesero, Es_Efectivo, Es_Tarjeta, Es_Puntos, Total) values ('1582', 'THVJ079170KLXVDD24', '2018-10-09', 'LTWG0672559ZZ', false, false, true, 927.92);
insert into ticket (id, id_Cliente, Fecha, RFC_Mesero, Es_Efectivo, Es_Tarjeta, Es_Puntos, Total) values ('2119', 'HMIS146315LVAUUGH3', '2019-06-07', 'DYWK965529C3A', false, false, true, 989.4);
insert into ticket (id, id_Cliente, Fecha, RFC_Mesero, Es_Efectivo, Es_Tarjeta, Es_Puntos, Total) values ('5093', 'PIBV495179UTKAQRD7', '2020-08-22', 'RZTB089235F5T', false, false, true, 48.83);
insert into ticket (id, id_Cliente, Fecha, RFC_Mesero, Es_Efectivo, Es_Tarjeta, Es_Puntos, Total) values ('4260', 'QHVK908357PQLQQEJ9', '2019-03-17', 'NIRX4060611ZG', false, false, true, 666.31);
insert into ticket (id, id_Cliente, Fecha, RFC_Mesero, Es_Efectivo, Es_Tarjeta, Es_Puntos, Total) values ('7780', 'GSUC394013FSKTIAE1', '2020-11-23', 'FVLV121013L3G', false, false, true, 513.92);
insert into ticket (id, id_Cliente, Fecha, RFC_Mesero, Es_Efectivo, Es_Tarjeta, Es_Puntos, Total) values ('1645', 'THVJ079170KLXVDD24', '2020-10-22', 'BSEV696101XJ6', false, false, true, 365.05);
insert into ticket (id, id_Cliente, Fecha, RFC_Mesero, Es_Efectivo, Es_Tarjeta, Es_Puntos, Total) values ('4052', 'HODH000399HJMOMGR2', '2020-07-29', 'QAWT1243295GZ', false, false, true, 977.89);
insert into ticket (id, id_Cliente, Fecha, RFC_Mesero, Es_Efectivo, Es_Tarjeta, Es_Puntos, Total) values ('9027', 'EVZV201138VOIXLX21', '2018-10-05', 'HPCL3527971AR', false, false, true, 540.29);
insert into ticket (id, id_Cliente, Fecha, RFC_Mesero, Es_Efectivo, Es_Tarjeta, Es_Puntos, Total) values ('1945', 'YCAS284534HWAVWZL0', '2020-10-17', 'NPNI189327TFW', false, false, true, 213.02);
insert into ticket (id, id_Cliente, Fecha, RFC_Mesero, Es_Efectivo, Es_Tarjeta, Es_Puntos, Total) values ('0264', 'CKVM799468YWVNZUQ0', '2019-09-14', 'XHIX245662XU9', false, false, true, 293.87);
insert into ticket (id, id_Cliente, Fecha, RFC_Mesero, Es_Efectivo, Es_Tarjeta, Es_Puntos, Total) values ('0949', 'JGAN041957BOOAHWL2', '2019-02-24', 'SAMX773079RLO', false, false, true, 310.81);
insert into ticket (id, id_Cliente, Fecha, RFC_Mesero, Es_Efectivo, Es_Tarjeta, Es_Puntos, Total) values ('7403', 'MUXI757343ANWCAHH4', '2019-05-19', 'UPFW1344084VQ', false, false, true, 926.05);
insert into ticket (id, id_Cliente, Fecha, RFC_Mesero, Es_Efectivo, Es_Tarjeta, Es_Puntos, Total) values ('5407', 'SFOU915646LCOWAAH5', '2021-05-07', 'QLHQ288185T5D', false, false, true, 366.92);
insert into ticket (id, id_Cliente, Fecha, RFC_Mesero, Es_Efectivo, Es_Tarjeta, Es_Puntos, Total) values ('1480', 'HXHC966777TGGDLGQ5', '2022-06-02', 'DYWK965529C3A', false, false, true, 636.62);
insert into ticket (id, id_Cliente, Fecha, RFC_Mesero, Es_Efectivo, Es_Tarjeta, Es_Puntos, Total) values ('7054', 'HODH000399HJMOMGR2', '2020-10-31', 'OQZD844001UVA', false, false, true, 166.12);
insert into ticket (id, id_Cliente, Fecha, RFC_Mesero, Es_Efectivo, Es_Tarjeta, Es_Puntos, Total) values ('8868', 'BZIA565027KMPBJSW9', '2019-05-03', 'WEZT2653900AD', false, false, true, 261.4);
insert into ticket (id, id_Cliente, Fecha, RFC_Mesero, Es_Efectivo, Es_Tarjeta, Es_Puntos, Total) values ('6916', 'IVPJ152039MXIMOXP2', '2021-12-15', 'VLAC718418L9Q', false, false, true, 990.52);
insert into ticket (id, id_Cliente, Fecha, RFC_Mesero, Es_Efectivo, Es_Tarjeta, Es_Puntos, Total) values ('3605', 'SXPY387550YZLVCKW0', '2021-10-04', 'KPFO12496241R', false, false, true, 889.44);
insert into ticket (id, id_Cliente, Fecha, RFC_Mesero, Es_Efectivo, Es_Tarjeta, Es_Puntos, Total) values ('2470', 'HGJZ566704JMCPZOP7', '2020-05-14', 'TKNS166433PCE', false, false, true, 55.2);
insert into ticket (id, id_Cliente, Fecha, RFC_Mesero, Es_Efectivo, Es_Tarjeta, Es_Puntos, Total) values ('2420', 'OEKG604015VHHNAPT9', '2020-03-03', 'OQOK326731LXC', false, false, true, 319.44);
insert into ticket (id, id_Cliente, Fecha, RFC_Mesero, Es_Efectivo, Es_Tarjeta, Es_Puntos, Total) values ('0888', 'TLSC835301AXAZYWG5', '2019-10-03', 'UPFW1344084VQ', false, false, true, 875.64);
insert into ticket (id, id_Cliente, Fecha, RFC_Mesero, Es_Efectivo, Es_Tarjeta, Es_Puntos, Total) values ('5168', 'UCGI437931QALTKZJ4', '2020-02-26', 'VHUN020307YYW', false, false, true, 729.64);
insert into ticket (id, id_Cliente, Fecha, RFC_Mesero, Es_Efectivo, Es_Tarjeta, Es_Puntos, Total) values ('6849', 'YPDO732671VORQSD00', '2021-06-30', 'IZTO2068467GA', false, false, true, 863.74);

-- PROVEEDOR
insert into proveedor (RFC, Nombre, Servicio) values ('MKIY48422627B', 'Mycat', 'Consumer Services');
insert into proveedor (RFC, Nombre, Servicio) values ('KRYH3084268T8', 'Youtags', 'Basic Industries');
insert into proveedor (RFC, Nombre, Servicio) values ('XWBG8309688L7', 'Trilia', 'Capital Goods');
insert into proveedor (RFC, Nombre, Servicio) values ('CWZW156984VVP', 'Skipfire', 'Health Care');
insert into proveedor (RFC, Nombre, Servicio) values ('AFBN184588LGL', 'Vipe', 'Finance');
insert into proveedor (RFC, Nombre, Servicio) values ('INJH4587433QL', 'Skipfire', 'Transportation');
insert into proveedor (RFC, Nombre, Servicio) values ('JGWH296710UO5', 'Buzzster', 'Miscellaneous');
insert into proveedor (RFC, Nombre, Servicio) values ('BRFD1262323SO', 'Tagpad', 'n/a');
insert into proveedor (RFC, Nombre, Servicio) values ('VMGR885902JSP', 'Oyondu', 'Finance');
insert into proveedor (RFC, Nombre, Servicio) values ('QOIN404041CKB', 'Muxo', 'n/a');
insert into proveedor (RFC, Nombre, Servicio) values ('QLIR913993YTA', 'Kamba', 'Health Care');
insert into proveedor (RFC, Nombre, Servicio) values ('XCKL172231ZMW', 'Zava', 'Health Care');
insert into proveedor (RFC, Nombre, Servicio) values ('JHVG448660RUN', 'Zoomzone', 'n/a');
insert into proveedor (RFC, Nombre, Servicio) values ('FANL133855IDL', 'Rhyzio', 'n/a');
insert into proveedor (RFC, Nombre, Servicio) values ('WSLW157241IEM', 'Quatz', 'Basic Industries');
insert into proveedor (RFC, Nombre, Servicio) values ('MLTK366458QCQ', 'Thoughtstorm', 'Health Care');
insert into proveedor (RFC, Nombre, Servicio) values ('DNOL327719NMV', 'Aimbo', 'Health Care');
insert into proveedor (RFC, Nombre, Servicio) values ('SQPR27488122V', 'Babblestorm', 'Capital Goods');
insert into proveedor (RFC, Nombre, Servicio) values ('OHDW704664WN4', 'Skipfire', 'Miscellaneous');
insert into proveedor (RFC, Nombre, Servicio) values ('GJLY031702T8Q', 'Viva', 'n/a');
insert into proveedor (RFC, Nombre, Servicio) values ('WALG013598R73', 'Fiveclub', 'Finance');
insert into proveedor (RFC, Nombre, Servicio) values ('CAUO409866HUK', 'Browsezoom', 'Consumer Services');
insert into proveedor (RFC, Nombre, Servicio) values ('EVUG309201S1V', 'Youbridge', 'n/a');
insert into proveedor (RFC, Nombre, Servicio) values ('ECYV015869OTK', 'Trilith', 'Health Care');
insert into proveedor (RFC, Nombre, Servicio) values ('GQTP533809LKY', 'Skinte', 'n/a');
insert into proveedor (RFC, Nombre, Servicio) values ('DJGO342342GTG', 'Wikibox', 'Capital Goods');
insert into proveedor (RFC, Nombre, Servicio) values ('EMAR950080DK9', 'Skajo', 'Basic Industries');
insert into proveedor (RFC, Nombre, Servicio) values ('MSIH871522SQU', 'Wikibox', 'Health Care');
insert into proveedor (RFC, Nombre, Servicio) values ('YIVX291620I12', 'Twitterbridge', 'Finance');
insert into proveedor (RFC, Nombre, Servicio) values ('QCXE012098KW7', 'Riffwire', 'Consumer Services');
insert into proveedor (RFC, Nombre, Servicio) values ('LIPN152675SES', 'Jaxbean', 'Finance');
insert into proveedor (RFC, Nombre, Servicio) values ('WCKI130790YVF', 'Topiclounge', 'Energy');
insert into proveedor (RFC, Nombre, Servicio) values ('CRMC3025803DT', 'Dabshots', 'Health Care');
insert into proveedor (RFC, Nombre, Servicio) values ('KINI3215442MG', 'Quinu', 'Technology');
insert into proveedor (RFC, Nombre, Servicio) values ('LLMZ81103699D', 'Mudo', 'Consumer Services');
insert into proveedor (RFC, Nombre, Servicio) values ('JQJT791562WTC', 'Cogidoo', 'Health Care');
insert into proveedor (RFC, Nombre, Servicio) values ('RLZS032642M6J', 'Camido', 'Capital Goods');
insert into proveedor (RFC, Nombre, Servicio) values ('EOFX241376SJN', 'Rhyzio', 'Finance');
insert into proveedor (RFC, Nombre, Servicio) values ('NUDE037101NDC', 'Yabox', 'Finance');
insert into proveedor (RFC, Nombre, Servicio) values ('KERN126376M4W', 'Trilia', 'n/a');
insert into proveedor (RFC, Nombre, Servicio) values ('RWFW230450O1U', 'Yakitri', 'Health Care');
insert into proveedor (RFC, Nombre, Servicio) values ('KRIZ842644J38', 'Ooba', 'Energy');
insert into proveedor (RFC, Nombre, Servicio) values ('SDIM273306S5F', 'Bluejam', 'n/a');
insert into proveedor (RFC, Nombre, Servicio) values ('RFMK969446UUB', 'Tazzy', 'n/a');
insert into proveedor (RFC, Nombre, Servicio) values ('LMZZ393080ZQO', 'Centizu', 'Technology');
insert into proveedor (RFC, Nombre, Servicio) values ('WKDE282662XCT', 'Roodel', 'Consumer Services');
insert into proveedor (RFC, Nombre, Servicio) values ('NIWY562207HIO', 'Wordpedia', 'Finance');
insert into proveedor (RFC, Nombre, Servicio) values ('DLZR713852K4T', 'Trudoo', 'Health Care');
insert into proveedor (RFC, Nombre, Servicio) values ('SBCJ891449ESI', 'Roombo', 'Consumer Services');
insert into proveedor (RFC, Nombre, Servicio) values ('SDJU281434AVT', 'Twitterwire', 'Finance');
insert into proveedor (RFC, Nombre, Servicio) values ('TKFD0553161T2', 'Zoozzy', 'Technology');
insert into proveedor (RFC, Nombre, Servicio) values ('WLJR929869KFI', 'Realcube', 'Consumer Services');
insert into proveedor (RFC, Nombre, Servicio) values ('XUQB9159134QJ', 'Topiclounge', 'Finance');
insert into proveedor (RFC, Nombre, Servicio) values ('AXAW265552VCX', 'Quire', 'Consumer Non-Durables');
insert into proveedor (RFC, Nombre, Servicio) values ('XAZB574032TMR', 'Wikivu', 'Technology');
insert into proveedor (RFC, Nombre, Servicio) values ('KGMQ180203A3F', 'Brainlounge', 'n/a');
insert into proveedor (RFC, Nombre, Servicio) values ('WONO644913340', 'Quimm', 'n/a');
insert into proveedor (RFC, Nombre, Servicio) values ('BSWM300633XTG', 'Jabbersphere', 'Consumer Services');
insert into proveedor (RFC, Nombre, Servicio) values ('ACST165547COB', 'Topicware', 'Finance');
insert into proveedor (RFC, Nombre, Servicio) values ('KIWF029510AEY', 'Cogibox', 'Finance');
insert into proveedor (RFC, Nombre, Servicio) values ('VOJY755308JKN', 'Jabbercube', 'Capital Goods');
insert into proveedor (RFC, Nombre, Servicio) values ('TUUV4270742NM', 'Abata', 'Energy');
insert into proveedor (RFC, Nombre, Servicio) values ('ZCEO831586YRK', 'Youtags', 'n/a');
insert into proveedor (RFC, Nombre, Servicio) values ('SUBX720467P63', 'Kamba', 'Consumer Services');
insert into proveedor (RFC, Nombre, Servicio) values ('BYMX443984TRH', 'Edgeify', 'Health Care');
insert into proveedor (RFC, Nombre, Servicio) values ('OAMF675192RAT', 'Yodel', 'Public Utilities');
insert into proveedor (RFC, Nombre, Servicio) values ('AKPO502809VSF', 'Wikibox', 'n/a');
insert into proveedor (RFC, Nombre, Servicio) values ('RRZZ980901449', 'Camido', 'n/a');
insert into proveedor (RFC, Nombre, Servicio) values ('CDLE378765HWV', 'Oyoyo', 'Health Care');
insert into proveedor (RFC, Nombre, Servicio) values ('HQRT034759P0O', 'Trilith', 'Consumer Services');
insert into proveedor (RFC, Nombre, Servicio) values ('QOUW95084937G', 'Jaxworks', 'Finance');
insert into proveedor (RFC, Nombre, Servicio) values ('WQZD825778TPJ', 'Tagtune', 'Finance');
insert into proveedor (RFC, Nombre, Servicio) values ('FSZV8842875FT', 'Feednation', 'Consumer Services');
insert into proveedor (RFC, Nombre, Servicio) values ('VYZE600858GOI', 'Midel', 'Health Care');
insert into proveedor (RFC, Nombre, Servicio) values ('HGXJ064208GWQ', 'Bubblemix', 'Energy');
insert into proveedor (RFC, Nombre, Servicio) values ('NAJL7896797L7', 'Rhyloo', 'n/a');
insert into proveedor (RFC, Nombre, Servicio) values ('OGJT927086QYK', 'Youspan', 'Consumer Non-Durables');
insert into proveedor (RFC, Nombre, Servicio) values ('ZQSV939301CBD', 'Skalith', 'Technology');
insert into proveedor (RFC, Nombre, Servicio) values ('EGRS395191A9F', 'Aimbu', 'n/a');
insert into proveedor (RFC, Nombre, Servicio) values ('YTYP196439N3M', 'Leexo', 'n/a');
insert into proveedor (RFC, Nombre, Servicio) values ('HGNQ254282DLS', 'Chatterbridge', 'Finance');
insert into proveedor (RFC, Nombre, Servicio) values ('NTBH102018I2W', 'Brightdog', 'n/a');
insert into proveedor (RFC, Nombre, Servicio) values ('DGXM068734QYY', 'Yotz', 'Basic Industries');
insert into proveedor (RFC, Nombre, Servicio) values ('QVGL4570552I2', 'Layo', 'Technology');
insert into proveedor (RFC, Nombre, Servicio) values ('UMMO718517SXT', 'Blognation', 'Consumer Services');
insert into proveedor (RFC, Nombre, Servicio) values ('CSPW971439LJZ', 'Photobug', 'Finance');
insert into proveedor (RFC, Nombre, Servicio) values ('TASV553721AAN', 'Skyndu', 'Basic Industries');
insert into proveedor (RFC, Nombre, Servicio) values ('QACP121095T1I', 'Bubblemix', 'n/a');
insert into proveedor (RFC, Nombre, Servicio) values ('YJPN858839RZ7', 'Avamm', 'Consumer Non-Durables');
insert into proveedor (RFC, Nombre, Servicio) values ('BJBD055429BVG', 'Realpoint', 'Finance');
insert into proveedor (RFC, Nombre, Servicio) values ('PNVK772304AR8', 'Bubblemix', 'Finance');
insert into proveedor (RFC, Nombre, Servicio) values ('AWDA2896336TB', 'Devify', 'Consumer Services');
insert into proveedor (RFC, Nombre, Servicio) values ('OXXF968417TDO', 'Oyope', 'Technology');
insert into proveedor (RFC, Nombre, Servicio) values ('VJBE449847TNX', 'Jabberstorm', 'Health Care');
insert into proveedor (RFC, Nombre, Servicio) values ('DUGT931141PHX', 'Twinder', 'Health Care');
insert into proveedor (RFC, Nombre, Servicio) values ('DKDS3772519PE', 'Skinix', 'Finance');
insert into proveedor (RFC, Nombre, Servicio) values ('DDWQ0664097K9', 'Fiveclub', 'n/a');
insert into proveedor (RFC, Nombre, Servicio) values ('JXRP730643CMD', 'Gigashots', 'n/a');
insert into proveedor (RFC, Nombre, Servicio) values ('OIGH197242OV1', 'Kanoodle', 'Basic Industries');
insert into proveedor (RFC, Nombre, Servicio) values ('HYCC321718NS3', 'Trudeo', 'Health Care');

-- TELEFONO_PROVEEDOR
insert into telefono_proveedor (RFC_proveedor, Telefono) values ('MKIY48422627B', '8531248947');
insert into telefono_proveedor (RFC_proveedor, Telefono) values ('KRYH3084268T8', '4905561759');
insert into telefono_proveedor (RFC_proveedor, Telefono) values ('XWBG8309688L7', '2097267541');
insert into telefono_proveedor (RFC_proveedor, Telefono) values ('CWZW156984VVP', '9958500042');
insert into telefono_proveedor (RFC_proveedor, Telefono) values ('AFBN184588LGL', '9725148844');
insert into telefono_proveedor (RFC_proveedor, Telefono) values ('INJH4587433QL', '7231515927');
insert into telefono_proveedor (RFC_proveedor, Telefono) values ('JGWH296710UO5', '7413463640');
insert into telefono_proveedor (RFC_proveedor, Telefono) values ('BRFD1262323SO', '5381176848');
insert into telefono_proveedor (RFC_proveedor, Telefono) values ('VMGR885902JSP', '1052753720');
insert into telefono_proveedor (RFC_proveedor, Telefono) values ('QOIN404041CKB', '3829139303');
insert into telefono_proveedor (RFC_proveedor, Telefono) values ('QLIR913993YTA', '2554381682');
insert into telefono_proveedor (RFC_proveedor, Telefono) values ('XCKL172231ZMW', '3042702404');
insert into telefono_proveedor (RFC_proveedor, Telefono) values ('JHVG448660RUN', '4939989941');
insert into telefono_proveedor (RFC_proveedor, Telefono) values ('FANL133855IDL', '3931346562');
insert into telefono_proveedor (RFC_proveedor, Telefono) values ('WSLW157241IEM', '5006908929');
insert into telefono_proveedor (RFC_proveedor, Telefono) values ('MLTK366458QCQ', '5395895980');
insert into telefono_proveedor (RFC_proveedor, Telefono) values ('DNOL327719NMV', '8882412496');
insert into telefono_proveedor (RFC_proveedor, Telefono) values ('SQPR27488122V', '2381592247');
insert into telefono_proveedor (RFC_proveedor, Telefono) values ('OHDW704664WN4', '5639464998');
insert into telefono_proveedor (RFC_proveedor, Telefono) values ('GJLY031702T8Q', '1852131223');
insert into telefono_proveedor (RFC_proveedor, Telefono) values ('WALG013598R73', '9783273804');
insert into telefono_proveedor (RFC_proveedor, Telefono) values ('CAUO409866HUK', '6029383486');
insert into telefono_proveedor (RFC_proveedor, Telefono) values ('EVUG309201S1V', '7063761222');
insert into telefono_proveedor (RFC_proveedor, Telefono) values ('ECYV015869OTK', '1658641040');
insert into telefono_proveedor (RFC_proveedor, Telefono) values ('GQTP533809LKY', '5114737252');
insert into telefono_proveedor (RFC_proveedor, Telefono) values ('DJGO342342GTG', '2598695068');
insert into telefono_proveedor (RFC_proveedor, Telefono) values ('EMAR950080DK9', '4542936400');
insert into telefono_proveedor (RFC_proveedor, Telefono) values ('MSIH871522SQU', '4024729126');
insert into telefono_proveedor (RFC_proveedor, Telefono) values ('YIVX291620I12', '9797958926');
insert into telefono_proveedor (RFC_proveedor, Telefono) values ('QCXE012098KW7', '8377238194');
insert into telefono_proveedor (RFC_proveedor, Telefono) values ('LIPN152675SES', '3068826029');
insert into telefono_proveedor (RFC_proveedor, Telefono) values ('WCKI130790YVF', '7311231437');
insert into telefono_proveedor (RFC_proveedor, Telefono) values ('CRMC3025803DT', '2664127712');
insert into telefono_proveedor (RFC_proveedor, Telefono) values ('KINI3215442MG', '8099986790');
insert into telefono_proveedor (RFC_proveedor, Telefono) values ('LLMZ81103699D', '4543923988');
insert into telefono_proveedor (RFC_proveedor, Telefono) values ('JQJT791562WTC', '3956369069');
insert into telefono_proveedor (RFC_proveedor, Telefono) values ('RLZS032642M6J', '9364992057');
insert into telefono_proveedor (RFC_proveedor, Telefono) values ('EOFX241376SJN', '6192346579');
insert into telefono_proveedor (RFC_proveedor, Telefono) values ('NUDE037101NDC', '4107805406');
insert into telefono_proveedor (RFC_proveedor, Telefono) values ('KERN126376M4W', '9716954269');
insert into telefono_proveedor (RFC_proveedor, Telefono) values ('RWFW230450O1U', '8392063984');
insert into telefono_proveedor (RFC_proveedor, Telefono) values ('KRIZ842644J38', '1492688817');
insert into telefono_proveedor (RFC_proveedor, Telefono) values ('SDIM273306S5F', '7121641955');
insert into telefono_proveedor (RFC_proveedor, Telefono) values ('RFMK969446UUB', '2235697156');
insert into telefono_proveedor (RFC_proveedor, Telefono) values ('LMZZ393080ZQO', '6996270560');
insert into telefono_proveedor (RFC_proveedor, Telefono) values ('WKDE282662XCT', '6519090701');
insert into telefono_proveedor (RFC_proveedor, Telefono) values ('NIWY562207HIO', '8485246130');
insert into telefono_proveedor (RFC_proveedor, Telefono) values ('DLZR713852K4T', '7188099258');
insert into telefono_proveedor (RFC_proveedor, Telefono) values ('SBCJ891449ESI', '8077763531');
insert into telefono_proveedor (RFC_proveedor, Telefono) values ('SDJU281434AVT', '2688760602');
insert into telefono_proveedor (RFC_proveedor, Telefono) values ('TKFD0553161T2', '9521561025');
insert into telefono_proveedor (RFC_proveedor, Telefono) values ('WLJR929869KFI', '3067708381');
insert into telefono_proveedor (RFC_proveedor, Telefono) values ('XUQB9159134QJ', '7934847475');
insert into telefono_proveedor (RFC_proveedor, Telefono) values ('AXAW265552VCX', '7665699102');
insert into telefono_proveedor (RFC_proveedor, Telefono) values ('XAZB574032TMR', '7512064394');
insert into telefono_proveedor (RFC_proveedor, Telefono) values ('KGMQ180203A3F', '6846366329');
insert into telefono_proveedor (RFC_proveedor, Telefono) values ('WONO644913340', '5743758721');
insert into telefono_proveedor (RFC_proveedor, Telefono) values ('BSWM300633XTG', '9006503139');
insert into telefono_proveedor (RFC_proveedor, Telefono) values ('ACST165547COB', '3565831347');
insert into telefono_proveedor (RFC_proveedor, Telefono) values ('KIWF029510AEY', '5769923358');
insert into telefono_proveedor (RFC_proveedor, Telefono) values ('VOJY755308JKN', '7765272627');
insert into telefono_proveedor (RFC_proveedor, Telefono) values ('TUUV4270742NM', '4514907830');
insert into telefono_proveedor (RFC_proveedor, Telefono) values ('ZCEO831586YRK', '2657742302');
insert into telefono_proveedor (RFC_proveedor, Telefono) values ('SUBX720467P63', '7795197219');
insert into telefono_proveedor (RFC_proveedor, Telefono) values ('BYMX443984TRH', '9742276976');
insert into telefono_proveedor (RFC_proveedor, Telefono) values ('OAMF675192RAT', '3144229613');
insert into telefono_proveedor (RFC_proveedor, Telefono) values ('AKPO502809VSF', '5359450639');
insert into telefono_proveedor (RFC_proveedor, Telefono) values ('RRZZ980901449', '2886938170');
insert into telefono_proveedor (RFC_proveedor, Telefono) values ('CDLE378765HWV', '9544181596');
insert into telefono_proveedor (RFC_proveedor, Telefono) values ('HQRT034759P0O', '4777395676');
insert into telefono_proveedor (RFC_proveedor, Telefono) values ('QOUW95084937G', '3562325996');
insert into telefono_proveedor (RFC_proveedor, Telefono) values ('WQZD825778TPJ', '6228784365');
insert into telefono_proveedor (RFC_proveedor, Telefono) values ('FSZV8842875FT', '7591219258');
insert into telefono_proveedor (RFC_proveedor, Telefono) values ('VYZE600858GOI', '6907762000');
insert into telefono_proveedor (RFC_proveedor, Telefono) values ('HGXJ064208GWQ', '9647153175');
insert into telefono_proveedor (RFC_proveedor, Telefono) values ('NAJL7896797L7', '3381115816');
insert into telefono_proveedor (RFC_proveedor, Telefono) values ('OGJT927086QYK', '6793963022');
insert into telefono_proveedor (RFC_proveedor, Telefono) values ('ZQSV939301CBD', '3896720407');
insert into telefono_proveedor (RFC_proveedor, Telefono) values ('EGRS395191A9F', '6531658379');
insert into telefono_proveedor (RFC_proveedor, Telefono) values ('YTYP196439N3M', '2488732377');
insert into telefono_proveedor (RFC_proveedor, Telefono) values ('HGNQ254282DLS', '5297591810');
insert into telefono_proveedor (RFC_proveedor, Telefono) values ('NTBH102018I2W', '7118419195');
insert into telefono_proveedor (RFC_proveedor, Telefono) values ('DGXM068734QYY', '5232209649');
insert into telefono_proveedor (RFC_proveedor, Telefono) values ('QVGL4570552I2', '1102879740');
insert into telefono_proveedor (RFC_proveedor, Telefono) values ('UMMO718517SXT', '7038770754');
insert into telefono_proveedor (RFC_proveedor, Telefono) values ('CSPW971439LJZ', '3743789387');
insert into telefono_proveedor (RFC_proveedor, Telefono) values ('TASV553721AAN', '3198828299');
insert into telefono_proveedor (RFC_proveedor, Telefono) values ('QACP121095T1I', '4764402860');
insert into telefono_proveedor (RFC_proveedor, Telefono) values ('YJPN858839RZ7', '6897100993');
insert into telefono_proveedor (RFC_proveedor, Telefono) values ('BJBD055429BVG', '5754044299');
insert into telefono_proveedor (RFC_proveedor, Telefono) values ('PNVK772304AR8', '5765968789');
insert into telefono_proveedor (RFC_proveedor, Telefono) values ('AWDA2896336TB', '1507189387');
insert into telefono_proveedor (RFC_proveedor, Telefono) values ('OXXF968417TDO', '4949454355');
insert into telefono_proveedor (RFC_proveedor, Telefono) values ('VJBE449847TNX', '1626599641');
insert into telefono_proveedor (RFC_proveedor, Telefono) values ('DUGT931141PHX', '7803367769');
insert into telefono_proveedor (RFC_proveedor, Telefono) values ('DKDS3772519PE', '7535738146');
insert into telefono_proveedor (RFC_proveedor, Telefono) values ('DDWQ0664097K9', '1314161646');
insert into telefono_proveedor (RFC_proveedor, Telefono) values ('JXRP730643CMD', '3488919199');
insert into telefono_proveedor (RFC_proveedor, Telefono) values ('OIGH197242OV1', '7891485679');
insert into telefono_proveedor (RFC_proveedor, Telefono) values ('HYCC321718NS3', '9843445403');

-- EMAIL_PROVEEDOR
insert into email_proveedor (RFC_proveedor, Email) values ('MKIY48422627B', 'ncordingley0@diigo.com');
insert into email_proveedor (RFC_proveedor, Email) values ('KRYH3084268T8', 'cmathet1@addthis.com');
insert into email_proveedor (RFC_proveedor, Email) values ('XWBG8309688L7', 'apady2@spiegel.de');
insert into email_proveedor (RFC_proveedor, Email) values ('CWZW156984VVP', 'rkristiansen3@cdbaby.com');
insert into email_proveedor (RFC_proveedor, Email) values ('AFBN184588LGL', 'aoglesbee4@msu.edu');
insert into email_proveedor (RFC_proveedor, Email) values ('INJH4587433QL', 'jsoro5@intel.com');
insert into email_proveedor (RFC_proveedor, Email) values ('JGWH296710UO5', 'mbrisseau6@fc2.com');
insert into email_proveedor (RFC_proveedor, Email) values ('BRFD1262323SO', 'aosmund7@apple.com');
insert into email_proveedor (RFC_proveedor, Email) values ('VMGR885902JSP', 'svarty8@ucoz.com');
insert into email_proveedor (RFC_proveedor, Email) values ('QOIN404041CKB', 'jwardale9@hubpages.com');
insert into email_proveedor (RFC_proveedor, Email) values ('QLIR913993YTA', 'edrablea@house.gov');
insert into email_proveedor (RFC_proveedor, Email) values ('XCKL172231ZMW', 'atremmelb@phoca.cz');
insert into email_proveedor (RFC_proveedor, Email) values ('JHVG448660RUN', 'mhughc@comcast.net');
insert into email_proveedor (RFC_proveedor, Email) values ('FANL133855IDL', 'mlogied@shop-pro.jp');
insert into email_proveedor (RFC_proveedor, Email) values ('WSLW157241IEM', 'aleithere@ftc.gov');
insert into email_proveedor (RFC_proveedor, Email) values ('MLTK366458QCQ', 'adumbarf@joomla.org');
insert into email_proveedor (RFC_proveedor, Email) values ('DNOL327719NMV', 'tpardueg@home.pl');
insert into email_proveedor (RFC_proveedor, Email) values ('SQPR27488122V', 'akovalskih@timesonline.co.uk');
insert into email_proveedor (RFC_proveedor, Email) values ('OHDW704664WN4', 'scarolinei@cam.ac.uk');
insert into email_proveedor (RFC_proveedor, Email) values ('GJLY031702T8Q', 'bstyanj@51.la');
insert into email_proveedor (RFC_proveedor, Email) values ('WALG013598R73', 'lpimblettk@woothemes.com');
insert into email_proveedor (RFC_proveedor, Email) values ('CAUO409866HUK', 'ccarlsonl@toplist.cz');
insert into email_proveedor (RFC_proveedor, Email) values ('EVUG309201S1V', 'ediessm@chron.com');
insert into email_proveedor (RFC_proveedor, Email) values ('ECYV015869OTK', 'scheakn@ted.com');
insert into email_proveedor (RFC_proveedor, Email) values ('GQTP533809LKY', 'oriveso@cloudflare.com');
insert into email_proveedor (RFC_proveedor, Email) values ('DJGO342342GTG', 'gtatershallp@ibm.com');
insert into email_proveedor (RFC_proveedor, Email) values ('EMAR950080DK9', 'achestermanq@ebay.co.uk');
insert into email_proveedor (RFC_proveedor, Email) values ('MSIH871522SQU', 'achimientir@foxnews.com');
insert into email_proveedor (RFC_proveedor, Email) values ('YIVX291620I12', 'vferreress@gravatar.com');
insert into email_proveedor (RFC_proveedor, Email) values ('QCXE012098KW7', 'xallgoodt@networkadvertising.org');
insert into email_proveedor (RFC_proveedor, Email) values ('LIPN152675SES', 'pmunnu@myspace.com');
insert into email_proveedor (RFC_proveedor, Email) values ('WCKI130790YVF', 'jrathkev@tumblr.com');
insert into email_proveedor (RFC_proveedor, Email) values ('CRMC3025803DT', 'gcopestakew@marketwatch.com');
insert into email_proveedor (RFC_proveedor, Email) values ('KINI3215442MG', 'dassardx@over-blog.com');
insert into email_proveedor (RFC_proveedor, Email) values ('LLMZ81103699D', 'rlonginay@eepurl.com');
insert into email_proveedor (RFC_proveedor, Email) values ('JQJT791562WTC', 'ttesyroz@ucoz.ru');
insert into email_proveedor (RFC_proveedor, Email) values ('RLZS032642M6J', 'slilleyman10@wikia.com');
insert into email_proveedor (RFC_proveedor, Email) values ('EOFX241376SJN', 'djallin11@craigslist.org');
insert into email_proveedor (RFC_proveedor, Email) values ('NUDE037101NDC', 'cessel12@spotify.com');
insert into email_proveedor (RFC_proveedor, Email) values ('KERN126376M4W', 'tdomaschke13@list-manage.com');
insert into email_proveedor (RFC_proveedor, Email) values ('RWFW230450O1U', 'vlethley14@ucsd.edu');
insert into email_proveedor (RFC_proveedor, Email) values ('KRIZ842644J38', 'gfatscher15@mapquest.com');
insert into email_proveedor (RFC_proveedor, Email) values ('SDIM273306S5F', 'lfulle16@example.com');
insert into email_proveedor (RFC_proveedor, Email) values ('RFMK969446UUB', 'tfarmiloe17@businessweek.com');
insert into email_proveedor (RFC_proveedor, Email) values ('LMZZ393080ZQO', 'asambath18@com.com');
insert into email_proveedor (RFC_proveedor, Email) values ('WKDE282662XCT', 'cheimann19@theatlantic.com');
insert into email_proveedor (RFC_proveedor, Email) values ('NIWY562207HIO', 'cordidge1a@howstuffworks.com');
insert into email_proveedor (RFC_proveedor, Email) values ('DLZR713852K4T', 'jpaolone1b@loc.gov');
insert into email_proveedor (RFC_proveedor, Email) values ('SBCJ891449ESI', 'uchowne1c@merriam-webster.com');
insert into email_proveedor (RFC_proveedor, Email) values ('SDJU281434AVT', 'ihewson1d@geocities.com');
insert into email_proveedor (RFC_proveedor, Email) values ('TKFD0553161T2', 'rdrinnan1e@google.pl');
insert into email_proveedor (RFC_proveedor, Email) values ('WLJR929869KFI', 'cdeedes1f@omniture.com');
insert into email_proveedor (RFC_proveedor, Email) values ('XUQB9159134QJ', 'kbawle1g@vinaora.com');
insert into email_proveedor (RFC_proveedor, Email) values ('AXAW265552VCX', 'bdillimore1h@yellowpages.com');
insert into email_proveedor (RFC_proveedor, Email) values ('XAZB574032TMR', 'jdambrogi1i@amazon.co.uk');
insert into email_proveedor (RFC_proveedor, Email) values ('KGMQ180203A3F', 'phawket1j@google.de');
insert into email_proveedor (RFC_proveedor, Email) values ('WONO644913340', 'aosheils1k@unicef.org');
insert into email_proveedor (RFC_proveedor, Email) values ('BSWM300633XTG', 'kbeedom1l@ezinearticles.com');
insert into email_proveedor (RFC_proveedor, Email) values ('ACST165547COB', 'khawgood1m@wordpress.org');
insert into email_proveedor (RFC_proveedor, Email) values ('KIWF029510AEY', 'aohearn1n@merriam-webster.com');
insert into email_proveedor (RFC_proveedor, Email) values ('VOJY755308JKN', 'eleeson1o@nhs.uk');
insert into email_proveedor (RFC_proveedor, Email) values ('TUUV4270742NM', 'odockwra1p@webmd.com');
insert into email_proveedor (RFC_proveedor, Email) values ('ZCEO831586YRK', 'charford1q@apple.com');
insert into email_proveedor (RFC_proveedor, Email) values ('SUBX720467P63', 'fcorain1r@apple.com');
insert into email_proveedor (RFC_proveedor, Email) values ('BYMX443984TRH', 'madess1s@flavors.me');
insert into email_proveedor (RFC_proveedor, Email) values ('OAMF675192RAT', 'msheddan1t@umich.edu');
insert into email_proveedor (RFC_proveedor, Email) values ('AKPO502809VSF', 'awiddall1u@google.ca');
insert into email_proveedor (RFC_proveedor, Email) values ('RRZZ980901449', 'tsimla1v@goo.ne.jp');
insert into email_proveedor (RFC_proveedor, Email) values ('CDLE378765HWV', 'kbendan1w@fotki.com');
insert into email_proveedor (RFC_proveedor, Email) values ('HQRT034759P0O', 'pwhorlow1x@devhub.com');
insert into email_proveedor (RFC_proveedor, Email) values ('QOUW95084937G', 'bcrocken1y@storify.com');
insert into email_proveedor (RFC_proveedor, Email) values ('WQZD825778TPJ', 'gwoodburn1z@angelfire.com');
insert into email_proveedor (RFC_proveedor, Email) values ('FSZV8842875FT', 'jburkill20@odnoklassniki.ru');
insert into email_proveedor (RFC_proveedor, Email) values ('VYZE600858GOI', 'lnorris21@dailymail.co.uk');
insert into email_proveedor (RFC_proveedor, Email) values ('HGXJ064208GWQ', 'mstern22@netscape.com');
insert into email_proveedor (RFC_proveedor, Email) values ('NAJL7896797L7', 'jhaggath23@alexa.com');
insert into email_proveedor (RFC_proveedor, Email) values ('OGJT927086QYK', 'kgraalman24@msu.edu');
insert into email_proveedor (RFC_proveedor, Email) values ('ZQSV939301CBD', 'rwadeson25@hp.com');
insert into email_proveedor (RFC_proveedor, Email) values ('EGRS395191A9F', 'switnall26@gizmodo.com');
insert into email_proveedor (RFC_proveedor, Email) values ('YTYP196439N3M', 'ttash27@miitbeian.gov.cn');
insert into email_proveedor (RFC_proveedor, Email) values ('HGNQ254282DLS', 'fmillery28@prlog.org');
insert into email_proveedor (RFC_proveedor, Email) values ('NTBH102018I2W', 'sgores29@irs.gov');
insert into email_proveedor (RFC_proveedor, Email) values ('DGXM068734QYY', 'frought2a@furl.net');
insert into email_proveedor (RFC_proveedor, Email) values ('QVGL4570552I2', 'aworrall2b@loc.gov');
insert into email_proveedor (RFC_proveedor, Email) values ('UMMO718517SXT', 'cmaytum2c@t.co');
insert into email_proveedor (RFC_proveedor, Email) values ('CSPW971439LJZ', 'eflett2d@goodreads.com');
insert into email_proveedor (RFC_proveedor, Email) values ('TASV553721AAN', 'gstonehouse2e@china.com.cn');
insert into email_proveedor (RFC_proveedor, Email) values ('QACP121095T1I', 'galldis2f@t.co');
insert into email_proveedor (RFC_proveedor, Email) values ('YJPN858839RZ7', 'gkleewein2g@columbia.edu');
insert into email_proveedor (RFC_proveedor, Email) values ('BJBD055429BVG', 'gbeacock2h@dailymotion.com');
insert into email_proveedor (RFC_proveedor, Email) values ('PNVK772304AR8', 'msparrowe2i@elpais.com');
insert into email_proveedor (RFC_proveedor, Email) values ('AWDA2896336TB', 'lsoldner2j@chronoengine.com');
insert into email_proveedor (RFC_proveedor, Email) values ('OXXF968417TDO', 'lleeming2k@accuweather.com');
insert into email_proveedor (RFC_proveedor, Email) values ('VJBE449847TNX', 'vgillyatt2l@facebook.com');
insert into email_proveedor (RFC_proveedor, Email) values ('DUGT931141PHX', 'cboustead2m@shinystat.com');
insert into email_proveedor (RFC_proveedor, Email) values ('DKDS3772519PE', 'hruusa2n@twitpic.com');
insert into email_proveedor (RFC_proveedor, Email) values ('DDWQ0664097K9', 'mdeverell2o@flickr.com');
insert into email_proveedor (RFC_proveedor, Email) values ('JXRP730643CMD', 'aarnould2p@ox.ac.uk');
insert into email_proveedor (RFC_proveedor, Email) values ('OIGH197242OV1', 'jbunch2q@forbes.com');
insert into email_proveedor (RFC_proveedor, Email) values ('HYCC321718NS3', 'hmcginn2r@hao123.com');

-- COMPRA

insert into compra (id, RFC_proveedor, Marca, Tipo, FechaCompra, FechaCaducidad, CantidadComprada, PrecioCompra) values (1, 'OHDW704664WN4', 'Stanton LLC', 'Pancetta', '2020-07-15', '2020-12-18', 61, 6643.28);
insert into compra (id, RFC_proveedor, Marca, Tipo, FechaCompra, FechaCaducidad, CantidadComprada, PrecioCompra) values (2, 'OGJT927086QYK', 'Friesen-Rath', 'Pernod', '2021-03-06', '2021-05-27', 77, 6747.88);
insert into compra (id, RFC_proveedor, Marca, Tipo, FechaCompra, FechaCaducidad, CantidadComprada, PrecioCompra) values (3, 'KRYH3084268T8', 'Boyer Inc', 'Pasta - Angel Hair', '2020-03-21', '2022-02-05', 60, 9864.62);
insert into compra (id, RFC_proveedor, Marca, Tipo, FechaCompra, FechaCaducidad, CantidadComprada, PrecioCompra) values (4, 'QLIR913993YTA', 'Koepp-Reynolds', 'Guinea Fowl', '2021-07-12', '2021-01-15', 94, 15318.69);
insert into compra (id, RFC_proveedor, Marca, Tipo, FechaCompra, FechaCaducidad, CantidadComprada, PrecioCompra) values (5, 'QACP121095T1I', 'Cummings, Price and Kemmer', 'Nougat - Paste / Cream', '2022-01-25', '2020-11-21', 15, 3022.64);
insert into compra (id, RFC_proveedor, Marca, Tipo, FechaCompra, FechaCaducidad, CantidadComprada, PrecioCompra) values (6, 'ZCEO831586YRK', 'King, Dicki and Cremin', 'Jolt Cola', '2021-07-12', '2021-01-15', 99, 4908.49);
insert into compra (id, RFC_proveedor, Marca, Tipo, FechaCompra, FechaCaducidad, CantidadComprada, PrecioCompra) values (7, 'INJH4587433QL', 'Robel Group', 'Arizona - Plum Green Tea', '2021-12-28', '2021-12-20', 58, 2453.99);
insert into compra (id, RFC_proveedor, Marca, Tipo, FechaCompra, FechaCaducidad, CantidadComprada, PrecioCompra) values (8, 'AWDA2896336TB', 'Herzog Inc', 'Eggs - Extra Large', '2021-11-04', '2021-10-16', 51, 8063.57);
insert into compra (id, RFC_proveedor, Marca, Tipo, FechaCompra, FechaCaducidad, CantidadComprada, PrecioCompra) values (9, 'RWFW230450O1U', 'McClure-Blick', 'Chicken - Thigh, Bone In', '2020-05-28', '2020-12-27', 40, 17796.49);
insert into compra (id, RFC_proveedor, Marca, Tipo, FechaCompra, FechaCaducidad, CantidadComprada, PrecioCompra) values (10, 'NTBH102018I2W', 'Wiza, Davis and Breitenberg', 'Cheese - Pied De Vents', '2021-03-07', '2021-01-04', 100, 17938.94);
insert into compra (id, RFC_proveedor, Marca, Tipo, FechaCompra, FechaCaducidad, CantidadComprada, PrecioCompra) values (11, 'VJBE449847TNX', 'Crona-Gerhold', 'Wine - Winzer Krems Gruner', '2021-05-19', '2021-08-15', 58, 19987.56);
insert into compra (id, RFC_proveedor, Marca, Tipo, FechaCompra, FechaCaducidad, CantidadComprada, PrecioCompra) values (12, 'DNOL327719NMV', 'Mayert-Christiansen', 'Sauce - Hp', '2021-02-19', '2021-05-06', 33, 9135.63);
insert into compra (id, RFC_proveedor, Marca, Tipo, FechaCompra, FechaCaducidad, CantidadComprada, PrecioCompra) values (13, 'AKPO502809VSF', 'Stark, Kshlerin and Wilderman', 'Glycerine', '2021-12-20', '2022-04-06', 23, 5970.53);
insert into compra (id, RFC_proveedor, Marca, Tipo, FechaCompra, FechaCaducidad, CantidadComprada, PrecioCompra) values (14, 'OXXF968417TDO', 'Stark-Kemmer', 'Beer - Upper Canada Lager', '2020-06-30', '2020-11-21', 64, 11492.63);
insert into compra (id, RFC_proveedor, Marca, Tipo, FechaCompra, FechaCaducidad, CantidadComprada, PrecioCompra) values (15, 'CAUO409866HUK', 'Price Inc', 'Pasta - Cannelloni, Sheets, Fresh', '2021-07-13', '2021-11-27', 32, 2273.4);
insert into compra (id, RFC_proveedor, Marca, Tipo, FechaCompra, FechaCaducidad, CantidadComprada, PrecioCompra) values (16, 'LIPN152675SES', 'Reinger-Ziemann', 'Shrimp - Baby, Cold Water', '2020-05-28', '2022-02-13', 59, 18329.12);
insert into compra (id, RFC_proveedor, Marca, Tipo, FechaCompra, FechaCaducidad, CantidadComprada, PrecioCompra) values (17, 'EGRS395191A9F', 'Mosciski-Jenkins', 'Butter Ripple - Phillips', '2022-03-17', '2021-12-21', 93, 11454.13);
insert into compra (id, RFC_proveedor, Marca, Tipo, FechaCompra, FechaCaducidad, CantidadComprada, PrecioCompra) values (18, 'RLZS032642M6J', 'Hudson-Bartoletti', 'Tomatoes - Cherry', '2021-12-09', '2022-04-22', 86, 19166.69);
insert into compra (id, RFC_proveedor, Marca, Tipo, FechaCompra, FechaCaducidad, CantidadComprada, PrecioCompra) values (19, 'WALG013598R73', 'Keeling Inc', 'Onions - Spanish', '2021-05-11', '2022-05-18', 60, 3903.27);
insert into compra (id, RFC_proveedor, Marca, Tipo, FechaCompra, FechaCaducidad, CantidadComprada, PrecioCompra) values (20, 'BYMX443984TRH', 'Medhurst and Sons', 'Longos - Cheese Tortellini', '2020-11-16', '2022-03-20', 45, 815.69);
insert into compra (id, RFC_proveedor, Marca, Tipo, FechaCompra, FechaCaducidad, CantidadComprada, PrecioCompra) values (21, 'BJBD055429BVG', 'Wilderman-Wintheiser', 'Energy Drink - Franks Original', '2021-12-18', '2021-04-02', 90, 5252.81);
insert into compra (id, RFC_proveedor, Marca, Tipo, FechaCompra, FechaCaducidad, CantidadComprada, PrecioCompra) values (22, 'YJPN858839RZ7', 'D''Amore-Buckridge', 'Chinese Foods - Pepper Beef', '2021-02-13', '2022-06-01', 95, 16958.51);
insert into compra (id, RFC_proveedor, Marca, Tipo, FechaCompra, FechaCaducidad, CantidadComprada, PrecioCompra) values (23, 'DDWQ0664097K9', 'Jerde-Lesch', 'Marsala - Sperone, Fine, D.o.c.', '2021-06-10', '2021-09-07', 55, 14919.96);
insert into compra (id, RFC_proveedor, Marca, Tipo, FechaCompra, FechaCaducidad, CantidadComprada, PrecioCompra) values (24, 'NUDE037101NDC', 'Nikolaus Group', 'Wine - Niagara,vqa Reisling', '2022-06-04', '2021-10-03', 89, 16548.13);
insert into compra (id, RFC_proveedor, Marca, Tipo, FechaCompra, FechaCaducidad, CantidadComprada, PrecioCompra) values (25, 'CAUO409866HUK', 'Metz LLC', 'Potato - Sweet', '2020-07-01', '2020-11-08', 64, 13957.0);
insert into compra (id, RFC_proveedor, Marca, Tipo, FechaCompra, FechaCaducidad, CantidadComprada, PrecioCompra) values (26, 'WALG013598R73', 'Hyatt LLC', 'Cookies Almond Hazelnut', '2021-02-27', '2021-04-22', 89, 19451.48);
insert into compra (id, RFC_proveedor, Marca, Tipo, FechaCompra, FechaCaducidad, CantidadComprada, PrecioCompra) values (27, 'VMGR885902JSP', 'Gerhold and Sons', 'Buffalo - Short Rib Fresh', '2020-05-04', '2020-11-02', 34, 475.37);
insert into compra (id, RFC_proveedor, Marca, Tipo, FechaCompra, FechaCaducidad, CantidadComprada, PrecioCompra) values (28, 'JHVG448660RUN', 'Wisoky, Pollich and Koepp', 'Shrimp - Baby, Cold Water', '2020-12-02', '2022-02-07', 48, 8493.76);
insert into compra (id, RFC_proveedor, Marca, Tipo, FechaCompra, FechaCaducidad, CantidadComprada, PrecioCompra) values (29, 'SDIM273306S5F', 'Waters, Little and Koss', 'Soup - Verve - Chipotle Chicken', '2021-07-13', '2021-06-17', 65, 15779.55);
insert into compra (id, RFC_proveedor, Marca, Tipo, FechaCompra, FechaCaducidad, CantidadComprada, PrecioCompra) values (30, 'JQJT791562WTC', 'Mann, Marquardt and Mitchell', 'Beer - Mill St Organic', '2020-04-09', '2021-01-22', 44, 1179.11);
insert into compra (id, RFC_proveedor, Marca, Tipo, FechaCompra, FechaCaducidad, CantidadComprada, PrecioCompra) values (31, 'MLTK366458QCQ', 'Wisozk and Sons', 'Cheese - Mascarpone', '2020-03-06', '2021-02-20', 88, 521.63);
insert into compra (id, RFC_proveedor, Marca, Tipo, FechaCompra, FechaCaducidad, CantidadComprada, PrecioCompra) values (32, 'MSIH871522SQU', 'Rodriguez, Spencer and Tillman', 'Worcestershire Sauce', '2021-03-18', '2022-05-30', 90, 11467.95);
insert into compra (id, RFC_proveedor, Marca, Tipo, FechaCompra, FechaCaducidad, CantidadComprada, PrecioCompra) values (33, 'HQRT034759P0O', 'Kutch-Gutmann', 'Veal - Osso Bucco', '2020-07-08', '2020-11-04', 86, 3016.5);
insert into compra (id, RFC_proveedor, Marca, Tipo, FechaCompra, FechaCaducidad, CantidadComprada, PrecioCompra) values (34, 'VJBE449847TNX', 'Marvin-Gulgowski', 'Chocolate Liqueur - Godet White', '2021-03-26', '2021-09-28', 83, 16689.26);
insert into compra (id, RFC_proveedor, Marca, Tipo, FechaCompra, FechaCaducidad, CantidadComprada, PrecioCompra) values (35, 'NUDE037101NDC', 'Goodwin-Kemmer', 'Steam Pan Full Lid', '2021-10-31', '2021-02-08', 99, 10212.59);
insert into compra (id, RFC_proveedor, Marca, Tipo, FechaCompra, FechaCaducidad, CantidadComprada, PrecioCompra) values (36, 'AKPO502809VSF', 'Hayes-Cole', 'Spice - Pepper Portions', '2020-03-16', '2022-03-24', 62, 11214.49);
insert into compra (id, RFC_proveedor, Marca, Tipo, FechaCompra, FechaCaducidad, CantidadComprada, PrecioCompra) values (37, 'QOIN404041CKB', 'Ziemann LLC', 'Pepsi - 600ml', '2021-06-28', '2021-03-29', 22, 6532.55);
insert into compra (id, RFC_proveedor, Marca, Tipo, FechaCompra, FechaCaducidad, CantidadComprada, PrecioCompra) values (38, 'ZQSV939301CBD', 'Oberbrunner Group', 'Kellogs All Bran Bars', '2021-09-03', '2021-10-31', 45, 6528.27);
insert into compra (id, RFC_proveedor, Marca, Tipo, FechaCompra, FechaCaducidad, CantidadComprada, PrecioCompra) values (39, 'DKDS3772519PE', 'Corwin-O''Keefe', 'Lamb - Leg, Boneless', '2021-05-25', '2021-04-01', 62, 14753.51);
insert into compra (id, RFC_proveedor, Marca, Tipo, FechaCompra, FechaCaducidad, CantidadComprada, PrecioCompra) values (40, 'NAJL7896797L7', 'Gerlach-Schmidt', 'Chicken - Soup Base', '2022-05-08', '2021-07-17', 65, 15765.72);
insert into compra (id, RFC_proveedor, Marca, Tipo, FechaCompra, FechaCaducidad, CantidadComprada, PrecioCompra) values (41, 'EVUG309201S1V', 'Medhurst, Considine and Lang', 'Juice - Orangina', '2021-08-12', '2020-11-01', 34, 412.32);
insert into compra (id, RFC_proveedor, Marca, Tipo, FechaCompra, FechaCaducidad, CantidadComprada, PrecioCompra) values (42, 'OXXF968417TDO', 'Stoltenberg, Steuber and Ledner', 'Huck White Towels', '2021-03-10', '2022-03-18', 69, 10736.49);
insert into compra (id, RFC_proveedor, Marca, Tipo, FechaCompra, FechaCaducidad, CantidadComprada, PrecioCompra) values (43, 'JXRP730643CMD', 'Wunsch LLC', 'Carbonated Water - Strawberry', '2020-10-13', '2021-06-27', 39, 6576.8);
insert into compra (id, RFC_proveedor, Marca, Tipo, FechaCompra, FechaCaducidad, CantidadComprada, PrecioCompra) values (44, 'NUDE037101NDC', 'Wisozk-Cronin', 'Oranges', '2021-05-22', '2022-01-27', 63, 2311.71);
insert into compra (id, RFC_proveedor, Marca, Tipo, FechaCompra, FechaCaducidad, CantidadComprada, PrecioCompra) values (45, 'OXXF968417TDO', 'Goodwin, Welch and Nicolas', 'Lettuce - Red Leaf', '2022-04-02', '2021-04-11', 97, 11380.58);
insert into compra (id, RFC_proveedor, Marca, Tipo, FechaCompra, FechaCaducidad, CantidadComprada, PrecioCompra) values (46, 'CRMC3025803DT', 'Boyle and Sons', 'Beans - Butter Lrg Lima', '2020-11-17', '2022-01-09', 57, 16992.09);
insert into compra (id, RFC_proveedor, Marca, Tipo, FechaCompra, FechaCaducidad, CantidadComprada, PrecioCompra) values (47, 'DDWQ0664097K9', 'Haag and Sons', 'Smoked Tongue', '2020-12-30', '2021-10-24', 62, 15522.27);
insert into compra (id, RFC_proveedor, Marca, Tipo, FechaCompra, FechaCaducidad, CantidadComprada, PrecioCompra) values (48, 'ECYV015869OTK', 'Huel-Bartell', 'Pork Casing', '2022-04-14', '2022-02-12', 3, 6956.21);
insert into compra (id, RFC_proveedor, Marca, Tipo, FechaCompra, FechaCaducidad, CantidadComprada, PrecioCompra) values (49, 'OHDW704664WN4', 'Crist-Dibbert', 'Carbonated Water - Wildberry', '2021-04-30', '2021-06-26', 54, 15109.99);
insert into compra (id, RFC_proveedor, Marca, Tipo, FechaCompra, FechaCaducidad, CantidadComprada, PrecioCompra) values (50, 'DUGT931141PHX', 'Conroy, Donnelly and Kertzmann', 'Beans - Fava Fresh', '2021-05-17', '2022-06-09', 24, 19438.49);
insert into compra (id, RFC_proveedor, Marca, Tipo, FechaCompra, FechaCaducidad, CantidadComprada, PrecioCompra) values (51, 'MLTK366458QCQ', 'Lesch-Jast', 'Muffin Mix - Raisin Bran', '2021-09-27', '2021-09-11', 66, 5761.99);
insert into compra (id, RFC_proveedor, Marca, Tipo, FechaCompra, FechaCaducidad, CantidadComprada, PrecioCompra) values (52, 'GQTP533809LKY', 'Hudson-Stamm', 'Egg - Salad Premix', '2022-05-11', '2022-05-10', 83, 10473.06);
insert into compra (id, RFC_proveedor, Marca, Tipo, FechaCompra, FechaCaducidad, CantidadComprada, PrecioCompra) values (53, 'EMAR950080DK9', 'Beier-Thompson', 'Amaretto', '2021-10-11', '2021-09-12', 49, 3096.84);
insert into compra (id, RFC_proveedor, Marca, Tipo, FechaCompra, FechaCaducidad, CantidadComprada, PrecioCompra) values (54, 'OHDW704664WN4', 'Hand and Sons', 'Table Cloth 54x54 White', '2021-11-16', '2021-05-11', 1, 1662.91);
insert into compra (id, RFC_proveedor, Marca, Tipo, FechaCompra, FechaCaducidad, CantidadComprada, PrecioCompra) values (55, 'RRZZ980901449', 'Sauer Group', 'Cookie Double Choco', '2020-07-24', '2021-10-29', 31, 19632.97);
insert into compra (id, RFC_proveedor, Marca, Tipo, FechaCompra, FechaCaducidad, CantidadComprada, PrecioCompra) values (56, 'CSPW971439LJZ', 'Dietrich-O''Hara', 'Container - Hngd Cll Blk 7x7x3', '2021-01-22', '2022-01-30', 24, 15828.08);
insert into compra (id, RFC_proveedor, Marca, Tipo, FechaCompra, FechaCaducidad, CantidadComprada, PrecioCompra) values (57, 'GQTP533809LKY', 'Anderson Group', 'Muffin Batt - Carrot Spice', '2021-10-04', '2022-03-18', 84, 2755.26);
insert into compra (id, RFC_proveedor, Marca, Tipo, FechaCompra, FechaCaducidad, CantidadComprada, PrecioCompra) values (58, 'WLJR929869KFI', 'Pagac-Konopelski', 'Calaloo', '2021-10-13', '2020-12-27', 65, 15067.59);
insert into compra (id, RFC_proveedor, Marca, Tipo, FechaCompra, FechaCaducidad, CantidadComprada, PrecioCompra) values (59, 'FANL133855IDL', 'Ward-Armstrong', 'Papayas', '2020-03-16', '2021-12-23', 21, 4280.8);
insert into compra (id, RFC_proveedor, Marca, Tipo, FechaCompra, FechaCaducidad, CantidadComprada, PrecioCompra) values (60, 'QVGL4570552I2', 'Grady, Heaney and Schimmel', 'Island Oasis - Pina Colada', '2021-05-21', '2022-03-21', 55, 17491.68);
insert into compra (id, RFC_proveedor, Marca, Tipo, FechaCompra, FechaCaducidad, CantidadComprada, PrecioCompra) values (61, 'OGJT927086QYK', 'Friesen Group', 'Sesame Seed Black', '2020-06-19', '2021-11-28', 14, 527.99);
insert into compra (id, RFC_proveedor, Marca, Tipo, FechaCompra, FechaCaducidad, CantidadComprada, PrecioCompra) values (62, 'VOJY755308JKN', 'Schinner-Buckridge', 'Gelatine Leaves - Envelopes', '2021-05-21', '2021-12-29', 77, 11585.65);
insert into compra (id, RFC_proveedor, Marca, Tipo, FechaCompra, FechaCaducidad, CantidadComprada, PrecioCompra) values (63, 'YJPN858839RZ7', 'Simonis-Keeling', 'Veal - Sweetbread', '2021-10-18', '2021-01-30', 46, 16790.38);
insert into compra (id, RFC_proveedor, Marca, Tipo, FechaCompra, FechaCaducidad, CantidadComprada, PrecioCompra) values (64, 'GJLY031702T8Q', 'Hauck LLC', 'Tart - Butter Plain Squares', '2022-04-24', '2022-02-08', 34, 6359.25);
insert into compra (id, RFC_proveedor, Marca, Tipo, FechaCompra, FechaCaducidad, CantidadComprada, PrecioCompra) values (65, 'CAUO409866HUK', 'Reichert-Jerde', 'Pasta - Lasagna Noodle, Frozen', '2020-06-02', '2021-02-20', 8, 8371.81);
insert into compra (id, RFC_proveedor, Marca, Tipo, FechaCompra, FechaCaducidad, CantidadComprada, PrecioCompra) values (66, 'KIWF029510AEY', 'Stracke-Will', 'Shiratamako - Rice Flour', '2020-10-05', '2022-01-26', 37, 17417.66);
insert into compra (id, RFC_proveedor, Marca, Tipo, FechaCompra, FechaCaducidad, CantidadComprada, PrecioCompra) values (67, 'YIVX291620I12', 'Leuschke LLC', 'Shrimp - 16 - 20 Cooked, Peeled', '2021-03-07', '2021-01-22', 69, 10633.44);
insert into compra (id, RFC_proveedor, Marca, Tipo, FechaCompra, FechaCaducidad, CantidadComprada, PrecioCompra) values (68, 'DNOL327719NMV', 'Stiedemann, Wisoky and Lowe', 'Bread - Kimel Stick Poly', '2021-10-24', '2020-11-05', 11, 1348.52);
insert into compra (id, RFC_proveedor, Marca, Tipo, FechaCompra, FechaCaducidad, CantidadComprada, PrecioCompra) values (69, 'AWDA2896336TB', 'Stark-Ledner', 'Soup - Base Broth Beef', '2020-09-01', '2021-08-12', 5, 15795.26);
insert into compra (id, RFC_proveedor, Marca, Tipo, FechaCompra, FechaCaducidad, CantidadComprada, PrecioCompra) values (70, 'DDWQ0664097K9', 'Jacobi and Sons', 'Eel Fresh', '2020-03-31', '2022-03-08', 91, 15533.15);
insert into compra (id, RFC_proveedor, Marca, Tipo, FechaCompra, FechaCaducidad, CantidadComprada, PrecioCompra) values (71, 'DKDS3772519PE', 'Mohr, Botsford and Stark', 'Lidsoupcont Rp12dn', '2021-09-11', '2021-03-16', 55, 9109.99);
insert into compra (id, RFC_proveedor, Marca, Tipo, FechaCompra, FechaCaducidad, CantidadComprada, PrecioCompra) values (72, 'OAMF675192RAT', 'Cremin, Casper and Rohan', 'Wine - White, Antinore Orvieto', '2020-11-04', '2022-02-15', 99, 5517.35);
insert into compra (id, RFC_proveedor, Marca, Tipo, FechaCompra, FechaCaducidad, CantidadComprada, PrecioCompra) values (73, 'GQTP533809LKY', 'Bradtke, Padberg and Okuneva', 'Sugar - Sweet N Low, Individual', '2021-03-23', '2021-12-05', 32, 2881.55);
insert into compra (id, RFC_proveedor, Marca, Tipo, FechaCompra, FechaCaducidad, CantidadComprada, PrecioCompra) values (74, 'SBCJ891449ESI', 'Lebsack and Sons', 'Cassis', '2020-12-28', '2021-07-16', 39, 15448.52);
insert into compra (id, RFC_proveedor, Marca, Tipo, FechaCompra, FechaCaducidad, CantidadComprada, PrecioCompra) values (75, 'HQRT034759P0O', 'Tillman, Rice and Greenfelder', 'Pasta - Orzo, Dry', '2021-11-04', '2021-08-06', 18, 18059.83);
insert into compra (id, RFC_proveedor, Marca, Tipo, FechaCompra, FechaCaducidad, CantidadComprada, PrecioCompra) values (76, 'XAZB574032TMR', 'Marvin, Turcotte and Larson', 'Bagels Poppyseed', '2022-04-08', '2022-03-14', 64, 15322.48);
insert into compra (id, RFC_proveedor, Marca, Tipo, FechaCompra, FechaCaducidad, CantidadComprada, PrecioCompra) values (77, 'CRMC3025803DT', 'Rutherford, Bernier and Farrell', 'Danishes - Mini Raspberry', '2020-11-03', '2022-05-04', 82, 12352.62);
insert into compra (id, RFC_proveedor, Marca, Tipo, FechaCompra, FechaCaducidad, CantidadComprada, PrecioCompra) values (78, 'WKDE282662XCT', 'Murray, Waters and Weimann', 'Chilli Paste, Ginger Garlic', '2021-06-02', '2021-04-06', 22, 1529.78);
insert into compra (id, RFC_proveedor, Marca, Tipo, FechaCompra, FechaCaducidad, CantidadComprada, PrecioCompra) values (79, 'LLMZ81103699D', 'Bins, Kerluke and Koelpin', 'Cocktail Napkin Blue', '2020-05-12', '2020-12-11', 99, 1434.81);
insert into compra (id, RFC_proveedor, Marca, Tipo, FechaCompra, FechaCaducidad, CantidadComprada, PrecioCompra) values (80, 'TUUV4270742NM', 'Schulist-Rogahn', 'Aspic - Light', '2020-10-08', '2021-07-10', 9, 8311.03);
insert into compra (id, RFC_proveedor, Marca, Tipo, FechaCompra, FechaCaducidad, CantidadComprada, PrecioCompra) values (81, 'GJLY031702T8Q', 'Von LLC', 'Bread - Calabrese Baguette', '2021-05-22', '2021-04-11', 43, 8178.7);
insert into compra (id, RFC_proveedor, Marca, Tipo, FechaCompra, FechaCaducidad, CantidadComprada, PrecioCompra) values (82, 'PNVK772304AR8', 'White, Rutherford and Bergstrom', 'Tofu - Soft', '2020-12-08', '2021-10-26', 75, 18227.01);
insert into compra (id, RFC_proveedor, Marca, Tipo, FechaCompra, FechaCaducidad, CantidadComprada, PrecioCompra) values (83, 'QCXE012098KW7', 'Schaden and Sons', 'Irish Cream - Butterscotch', '2020-07-28', '2021-01-16', 97, 1490.41);
insert into compra (id, RFC_proveedor, Marca, Tipo, FechaCompra, FechaCaducidad, CantidadComprada, PrecioCompra) values (84, 'RRZZ980901449', 'Medhurst and Sons', 'Wine - Touraine Azay - Le - Rideau', '2021-07-24', '2021-08-16', 28, 7276.75);
insert into compra (id, RFC_proveedor, Marca, Tipo, FechaCompra, FechaCaducidad, CantidadComprada, PrecioCompra) values (85, 'LIPN152675SES', 'Bogan LLC', 'Cake - Miini Cheesecake Cherry', '2020-10-05', '2022-03-29', 98, 16488.66);
insert into compra (id, RFC_proveedor, Marca, Tipo, FechaCompra, FechaCaducidad, CantidadComprada, PrecioCompra) values (86, 'PNVK772304AR8', 'Buckridge, Harris and Schneider', 'Wine - Wyndham Estate Bin 777', '2020-04-17', '2020-11-10', 79, 2034.06);
insert into compra (id, RFC_proveedor, Marca, Tipo, FechaCompra, FechaCaducidad, CantidadComprada, PrecioCompra) values (87, 'NUDE037101NDC', 'Daugherty-Cassin', 'Bread - Multigrain, Loaf', '2021-04-13', '2021-12-01', 27, 16705.44);
insert into compra (id, RFC_proveedor, Marca, Tipo, FechaCompra, FechaCaducidad, CantidadComprada, PrecioCompra) values (88, 'RLZS032642M6J', 'Gutmann, Howell and Davis', 'Fish - Bones', '2021-02-28', '2022-03-31', 74, 10907.3);
insert into compra (id, RFC_proveedor, Marca, Tipo, FechaCompra, FechaCaducidad, CantidadComprada, PrecioCompra) values (89, 'ZQSV939301CBD', 'Trantow-Dibbert', 'Juice - Propel Sport', '2020-09-17', '2021-11-28', 50, 12175.13);
insert into compra (id, RFC_proveedor, Marca, Tipo, FechaCompra, FechaCaducidad, CantidadComprada, PrecioCompra) values (90, 'AFBN184588LGL', 'O''Conner-Reichel', 'Beer - Sleeman Fine Porter', '2020-12-10', '2021-05-07', 71, 7629.22);
insert into compra (id, RFC_proveedor, Marca, Tipo, FechaCompra, FechaCaducidad, CantidadComprada, PrecioCompra) values (91, 'TUUV4270742NM', 'Veum, Grimes and Roob', 'Crawfish', '2022-01-23', '2020-12-02', 13, 7605.96);
insert into compra (id, RFC_proveedor, Marca, Tipo, FechaCompra, FechaCaducidad, CantidadComprada, PrecioCompra) values (92, 'VJBE449847TNX', 'Swift-Effertz', 'Puree - Mango', '2021-07-25', '2021-08-07', 56, 17152.8);
insert into compra (id, RFC_proveedor, Marca, Tipo, FechaCompra, FechaCaducidad, CantidadComprada, PrecioCompra) values (93, 'TKFD0553161T2', 'Keebler, Torp and Frami', 'Nacho Chips', '2022-01-13', '2021-09-18', 100, 15691.57);
insert into compra (id, RFC_proveedor, Marca, Tipo, FechaCompra, FechaCaducidad, CantidadComprada, PrecioCompra) values (94, 'RRZZ980901449', 'Keeling-Schmeler', 'Jolt Cola', '2021-05-02', '2021-01-12', 70, 13847.79);
insert into compra (id, RFC_proveedor, Marca, Tipo, FechaCompra, FechaCaducidad, CantidadComprada, PrecioCompra) values (95, 'OHDW704664WN4', 'Bartell-Braun', 'Pastry - Chocolate Chip Muffin', '2021-03-16', '2021-10-27', 17, 10668.06);
insert into compra (id, RFC_proveedor, Marca, Tipo, FechaCompra, FechaCaducidad, CantidadComprada, PrecioCompra) values (96, 'QACP121095T1I', 'Wolff-Hansen', 'Juice - Lime', '2021-03-05', '2022-05-06', 12, 10618.83);
insert into compra (id, RFC_proveedor, Marca, Tipo, FechaCompra, FechaCaducidad, CantidadComprada, PrecioCompra) values (97, 'DLZR713852K4T', 'Nolan, Fahey and Corkery', 'Turkey Leg With Drum And Thigh', '2020-08-09', '2021-08-12', 59, 1268.25);
insert into compra (id, RFC_proveedor, Marca, Tipo, FechaCompra, FechaCaducidad, CantidadComprada, PrecioCompra) values (98, 'BRFD1262323SO', 'Nienow Group', 'Veal - Osso Bucco', '2021-05-05', '2021-06-10', 46, 6570.24);
insert into compra (id, RFC_proveedor, Marca, Tipo, FechaCompra, FechaCaducidad, CantidadComprada, PrecioCompra) values (99, 'AWDA2896336TB', 'Gibson-Kiehn', 'Bread - Dark Rye', '2020-11-01', '2022-03-18', 87, 8494.75);
insert into compra (id, RFC_proveedor, Marca, Tipo, FechaCompra, FechaCaducidad, CantidadComprada, PrecioCompra) values (100, 'INJH4587433QL', 'Emmerich, Schmeler and Welch', 'Allspice - Jamaican', '2020-10-25', '2021-09-16', 13, 17979.49);
insert into compra (id, RFC_proveedor, Marca, Tipo, FechaCompra, FechaCaducidad, CantidadComprada, PrecioCompra) values (101, 'EMAR950080DK9', 'Kuphal-Daniel', 'Rice - Sushi', '2020-09-18', '2021-10-14', 83, 10843.5);
insert into compra (id, RFC_proveedor, Marca, Tipo, FechaCompra, FechaCaducidad, CantidadComprada, PrecioCompra) values (102, 'OGJT927086QYK', 'Ebert-Carroll', 'Wine - White, Mosel Gold', '2021-05-29', '2022-03-15', 15, 14873.07);
insert into compra (id, RFC_proveedor, Marca, Tipo, FechaCompra, FechaCaducidad, CantidadComprada, PrecioCompra) values (103, 'FSZV8842875FT', 'Abshire-Trantow', 'Towel - Roll White', '2020-05-26', '2021-12-31', 32, 4422.29);
insert into compra (id, RFC_proveedor, Marca, Tipo, FechaCompra, FechaCaducidad, CantidadComprada, PrecioCompra) values (104, 'RRZZ980901449', 'Stoltenberg Group', 'Yeast - Fresh, Fleischman', '2021-12-21', '2022-03-29', 96, 11568.39);
insert into compra (id, RFC_proveedor, Marca, Tipo, FechaCompra, FechaCaducidad, CantidadComprada, PrecioCompra) values (105, 'QCXE012098KW7', 'Stiedemann, Erdman and Ondricka', 'Wine - Barbera Alba Doc 2001', '2020-09-28', '2022-03-13', 8, 15168.11);
insert into compra (id, RFC_proveedor, Marca, Tipo, FechaCompra, FechaCaducidad, CantidadComprada, PrecioCompra) values (106, 'WSLW157241IEM', 'Witting Inc', 'Bread - Wheat Baguette', '2020-10-03', '2021-01-03', 84, 2431.08);
insert into compra (id, RFC_proveedor, Marca, Tipo, FechaCompra, FechaCaducidad, CantidadComprada, PrecioCompra) values (107, 'JGWH296710UO5', 'Abbott, Vandervort and Kohler', 'Shrimp - Prawn', '2022-02-08', '2021-08-02', 43, 10576.22);
insert into compra (id, RFC_proveedor, Marca, Tipo, FechaCompra, FechaCaducidad, CantidadComprada, PrecioCompra) values (108, 'OHDW704664WN4', 'Considine-Schmitt', 'Bread Country Roll', '2021-12-30', '2021-01-18', 45, 12634.21);
insert into compra (id, RFC_proveedor, Marca, Tipo, FechaCompra, FechaCaducidad, CantidadComprada, PrecioCompra) values (109, 'VYZE600858GOI', 'Blick-Lindgren', 'Cream - 35%', '2021-12-03', '2020-11-27', 13, 11894.86);
insert into compra (id, RFC_proveedor, Marca, Tipo, FechaCompra, FechaCaducidad, CantidadComprada, PrecioCompra) values (110, 'MKIY48422627B', 'Farrell, Reinger and Stamm', 'Mushroom - Shitake, Dry', '2020-05-13', '2020-11-18', 100, 2574.0);
insert into compra (id, RFC_proveedor, Marca, Tipo, FechaCompra, FechaCaducidad, CantidadComprada, PrecioCompra) values (111, 'WKDE282662XCT', 'Stracke and Sons', 'Calypso - Strawberry Lemonade', '2021-10-30', '2021-07-04', 76, 17185.68);
insert into compra (id, RFC_proveedor, Marca, Tipo, FechaCompra, FechaCaducidad, CantidadComprada, PrecioCompra) values (112, 'WSLW157241IEM', 'Predovic, Hahn and Beer', 'Aspic - Clear', '2020-08-16', '2021-10-21', 51, 829.94);
insert into compra (id, RFC_proveedor, Marca, Tipo, FechaCompra, FechaCaducidad, CantidadComprada, PrecioCompra) values (113, 'WONO644913340', 'Johnston-Veum', 'Glaze - Apricot', '2020-06-11', '2020-12-11', 32, 4130.87);
insert into compra (id, RFC_proveedor, Marca, Tipo, FechaCompra, FechaCaducidad, CantidadComprada, PrecioCompra) values (114, 'FSZV8842875FT', 'Kuhic, Schmitt and Shields', 'Cod - Salted, Boneless', '2022-04-01', '2020-12-10', 69, 10649.66);
insert into compra (id, RFC_proveedor, Marca, Tipo, FechaCompra, FechaCaducidad, CantidadComprada, PrecioCompra) values (115, 'HQRT034759P0O', 'Dach and Sons', 'Monkfish Fresh - Skin Off', '2020-04-26', '2020-12-24', 96, 11066.3);
insert into compra (id, RFC_proveedor, Marca, Tipo, FechaCompra, FechaCaducidad, CantidadComprada, PrecioCompra) values (116, 'JGWH296710UO5', 'MacGyver-Emard', 'Lemonade - Black Cherry, 591 Ml', '2021-07-19', '2021-04-05', 81, 13750.97);
insert into compra (id, RFC_proveedor, Marca, Tipo, FechaCompra, FechaCaducidad, CantidadComprada, PrecioCompra) values (117, 'XAZB574032TMR', 'Barrows, Goodwin and Veum', 'Cup - Translucent 7 Oz Clear', '2022-01-01', '2022-05-12', 85, 8541.41);
insert into compra (id, RFC_proveedor, Marca, Tipo, FechaCompra, FechaCaducidad, CantidadComprada, PrecioCompra) values (118, 'NAJL7896797L7', 'Balistreri-Koelpin', 'Wine - Tio Pepe Sherry Fino', '2021-04-14', '2022-06-05', 55, 10255.11);
insert into compra (id, RFC_proveedor, Marca, Tipo, FechaCompra, FechaCaducidad, CantidadComprada, PrecioCompra) values (119, 'VJBE449847TNX', 'Graham-Cassin', 'Cheese - Roquefort Pappillon', '2022-03-02', '2022-05-31', 79, 4849.75);
insert into compra (id, RFC_proveedor, Marca, Tipo, FechaCompra, FechaCaducidad, CantidadComprada, PrecioCompra) values (120, 'BRFD1262323SO', 'O''Connell and Sons', 'Chocolate - Mi - Amere Semi', '2020-05-15', '2022-03-21', 96, 6287.84);
insert into compra (id, RFC_proveedor, Marca, Tipo, FechaCompra, FechaCaducidad, CantidadComprada, PrecioCompra) values (121, 'QOIN404041CKB', 'Ondricka, Kertzmann and Kub', 'Loaf Pan - 2 Lb, Foil', '2020-03-09', '2021-07-19', 59, 7218.49);
insert into compra (id, RFC_proveedor, Marca, Tipo, FechaCompra, FechaCaducidad, CantidadComprada, PrecioCompra) values (122, 'OHDW704664WN4', 'Macejkovic-Keeling', 'Extract - Raspberry', '2021-12-11', '2021-12-29', 46, 17903.98);
insert into compra (id, RFC_proveedor, Marca, Tipo, FechaCompra, FechaCaducidad, CantidadComprada, PrecioCompra) values (123, 'YJPN858839RZ7', 'Kautzer-Cremin', 'Wine - Redchard Merritt', '2021-05-05', '2022-04-08', 51, 275.54);
insert into compra (id, RFC_proveedor, Marca, Tipo, FechaCompra, FechaCaducidad, CantidadComprada, PrecioCompra) values (124, 'NUDE037101NDC', 'King, Trantow and Gottlieb', 'Beer - Upper Canada Light', '2020-05-31', '2022-01-22', 27, 9082.52);
insert into compra (id, RFC_proveedor, Marca, Tipo, FechaCompra, FechaCaducidad, CantidadComprada, PrecioCompra) values (125, 'WONO644913340', 'Christiansen, Lynch and Braun', 'Asparagus - Mexican', '2020-04-19', '2022-05-24', 37, 15380.49);
insert into compra (id, RFC_proveedor, Marca, Tipo, FechaCompra, FechaCaducidad, CantidadComprada, PrecioCompra) values (126, 'XUQB9159134QJ', 'Effertz-Stracke', 'Red Pepper Paste', '2021-12-12', '2021-07-17', 13, 18365.92);
insert into compra (id, RFC_proveedor, Marca, Tipo, FechaCompra, FechaCaducidad, CantidadComprada, PrecioCompra) values (127, 'BRFD1262323SO', 'Olson-Kautzer', 'Sauce - Demi Glace', '2021-09-17', '2022-04-02', 84, 14433.31);
insert into compra (id, RFC_proveedor, Marca, Tipo, FechaCompra, FechaCaducidad, CantidadComprada, PrecioCompra) values (128, 'BYMX443984TRH', 'Hoeger and Sons', 'Wine - Red, Mosaic Zweigelt', '2021-06-03', '2021-06-27', 37, 13266.4);
insert into compra (id, RFC_proveedor, Marca, Tipo, FechaCompra, FechaCaducidad, CantidadComprada, PrecioCompra) values (129, 'DKDS3772519PE', 'Cassin-Zemlak', 'Pail For Lid 1537', '2022-03-09', '2021-06-02', 43, 16330.46);
insert into compra (id, RFC_proveedor, Marca, Tipo, FechaCompra, FechaCaducidad, CantidadComprada, PrecioCompra) values (130, 'DGXM068734QYY', 'Rempel, Altenwerth and Mann', 'Shrimp, Dried, Small / Lb', '2020-10-28', '2021-08-02', 27, 15631.93);
insert into compra (id, RFC_proveedor, Marca, Tipo, FechaCompra, FechaCaducidad, CantidadComprada, PrecioCompra) values (131, 'RRZZ980901449', 'Prohaska Group', 'Capon - Breast, Wing On', '2020-06-17', '2021-01-28', 29, 13758.02);
insert into compra (id, RFC_proveedor, Marca, Tipo, FechaCompra, FechaCaducidad, CantidadComprada, PrecioCompra) values (132, 'WCKI130790YVF', 'Senger and Sons', 'Bread - Frozen Basket Variety', '2020-07-28', '2022-04-10', 100, 16896.79);
insert into compra (id, RFC_proveedor, Marca, Tipo, FechaCompra, FechaCaducidad, CantidadComprada, PrecioCompra) values (133, 'MKIY48422627B', 'Greenfelder Group', 'Lemonade - Black Cherry, 591 Ml', '2021-12-14', '2020-11-01', 27, 11363.56);
insert into compra (id, RFC_proveedor, Marca, Tipo, FechaCompra, FechaCaducidad, CantidadComprada, PrecioCompra) values (134, 'AFBN184588LGL', 'Okuneva, Hane and Shields', 'Soup - Beef, Base Mix', '2022-05-08', '2022-05-02', 22, 15927.09);
insert into compra (id, RFC_proveedor, Marca, Tipo, FechaCompra, FechaCaducidad, CantidadComprada, PrecioCompra) values (135, 'ACST165547COB', 'Ritchie Group', 'Garlic', '2020-06-12', '2021-07-30', 89, 11009.91);
insert into compra (id, RFC_proveedor, Marca, Tipo, FechaCompra, FechaCaducidad, CantidadComprada, PrecioCompra) values (136, 'DGXM068734QYY', 'Nolan, Hessel and Brekke', 'Cheese - Brie, Cups 125g', '2020-07-09', '2022-05-08', 25, 16666.97);
insert into compra (id, RFC_proveedor, Marca, Tipo, FechaCompra, FechaCaducidad, CantidadComprada, PrecioCompra) values (137, 'VOJY755308JKN', 'Kuhic-Windler', 'Cheese - Comte', '2020-10-23', '2022-01-10', 21, 10436.25);
insert into compra (id, RFC_proveedor, Marca, Tipo, FechaCompra, FechaCaducidad, CantidadComprada, PrecioCompra) values (138, 'CRMC3025803DT', 'Daugherty-Treutel', 'Sloe Gin - Mcguinness', '2020-11-05', '2021-11-22', 35, 2393.57);
insert into compra (id, RFC_proveedor, Marca, Tipo, FechaCompra, FechaCaducidad, CantidadComprada, PrecioCompra) values (139, 'JQJT791562WTC', 'Grady-Hyatt', 'Steamers White', '2020-11-20', '2022-01-17', 99, 4945.69);
insert into compra (id, RFC_proveedor, Marca, Tipo, FechaCompra, FechaCaducidad, CantidadComprada, PrecioCompra) values (140, 'SQPR27488122V', 'Zemlak LLC', 'Food Colouring - Orange', '2021-11-03', '2021-02-06', 92, 12280.85);
insert into compra (id, RFC_proveedor, Marca, Tipo, FechaCompra, FechaCaducidad, CantidadComprada, PrecioCompra) values (141, 'WCKI130790YVF', 'Ondricka-Rath', 'Pepper - Roasted Red', '2020-09-15', '2021-02-22', 88, 8252.61);
insert into compra (id, RFC_proveedor, Marca, Tipo, FechaCompra, FechaCaducidad, CantidadComprada, PrecioCompra) values (142, 'GJLY031702T8Q', 'Gutmann-Anderson', 'Icecream - Dstk Cml And Fdg', '2021-11-04', '2021-01-31', 24, 899.01);
insert into compra (id, RFC_proveedor, Marca, Tipo, FechaCompra, FechaCaducidad, CantidadComprada, PrecioCompra) values (143, 'FANL133855IDL', 'Lowe and Sons', 'Irish Cream - Butterscotch', '2022-05-28', '2021-02-25', 80, 7202.77);
insert into compra (id, RFC_proveedor, Marca, Tipo, FechaCompra, FechaCaducidad, CantidadComprada, PrecioCompra) values (144, 'OIGH197242OV1', 'Gottlieb, Boyle and Klocko', 'Wine - Riesling Dr. Pauly', '2022-01-21', '2022-02-25', 18, 12934.53);
insert into compra (id, RFC_proveedor, Marca, Tipo, FechaCompra, FechaCaducidad, CantidadComprada, PrecioCompra) values (145, 'YIVX291620I12', 'Schmitt-Swift', 'Cake - French Pear Tart', '2022-04-05', '2022-02-10', 11, 17819.31);
insert into compra (id, RFC_proveedor, Marca, Tipo, FechaCompra, FechaCaducidad, CantidadComprada, PrecioCompra) values (146, 'BYMX443984TRH', 'Harber-Champlin', 'Sauce - Oyster', '2021-04-02', '2021-08-10', 61, 12425.61);
insert into compra (id, RFC_proveedor, Marca, Tipo, FechaCompra, FechaCaducidad, CantidadComprada, PrecioCompra) values (147, 'OXXF968417TDO', 'Waters LLC', 'Nut - Almond, Blanched, Ground', '2020-06-10', '2021-05-23', 27, 11059.96);
insert into compra (id, RFC_proveedor, Marca, Tipo, FechaCompra, FechaCaducidad, CantidadComprada, PrecioCompra) values (148, 'TASV553721AAN', 'Schiller Inc', 'Shrimp - Baby, Warm Water', '2020-10-23', '2021-02-01', 85, 4754.89);
insert into compra (id, RFC_proveedor, Marca, Tipo, FechaCompra, FechaCaducidad, CantidadComprada, PrecioCompra) values (149, 'KERN126376M4W', 'Ullrich-Ziemann', 'Wine - White, Schroder And Schyl', '2022-03-24', '2021-07-04', 88, 17569.06);
insert into compra (id, RFC_proveedor, Marca, Tipo, FechaCompra, FechaCaducidad, CantidadComprada, PrecioCompra) values (150, 'GJLY031702T8Q', 'Lang-Smith', 'Coffee - Almond Amaretto', '2021-11-15', '2022-03-30', 18, 17917.07);

-- ABASTECER
insert into abastecer (id_Taqueria, id_Compra) values (39, 1);
insert into abastecer (id_Taqueria, id_Compra) values (68, 2);
insert into abastecer (id_Taqueria, id_Compra) values (43, 3);
insert into abastecer (id_Taqueria, id_Compra) values (90, 4);
insert into abastecer (id_Taqueria, id_Compra) values (94, 5);
insert into abastecer (id_Taqueria, id_Compra) values (77, 6);
insert into abastecer (id_Taqueria, id_Compra) values (40, 7);
insert into abastecer (id_Taqueria, id_Compra) values (11, 8);
insert into abastecer (id_Taqueria, id_Compra) values (3, 9);
insert into abastecer (id_Taqueria, id_Compra) values (63, 10);
insert into abastecer (id_Taqueria, id_Compra) values (77, 11);
insert into abastecer (id_Taqueria, id_Compra) values (27, 12);
insert into abastecer (id_Taqueria, id_Compra) values (88, 13);
insert into abastecer (id_Taqueria, id_Compra) values (3, 14);
insert into abastecer (id_Taqueria, id_Compra) values (82, 15);
insert into abastecer (id_Taqueria, id_Compra) values (40, 16);
insert into abastecer (id_Taqueria, id_Compra) values (69, 17);
insert into abastecer (id_Taqueria, id_Compra) values (94, 18);
insert into abastecer (id_Taqueria, id_Compra) values (58, 19);
insert into abastecer (id_Taqueria, id_Compra) values (52, 20);
insert into abastecer (id_Taqueria, id_Compra) values (99, 21);
insert into abastecer (id_Taqueria, id_Compra) values (26, 22);
insert into abastecer (id_Taqueria, id_Compra) values (79, 23);
insert into abastecer (id_Taqueria, id_Compra) values (80, 24);
insert into abastecer (id_Taqueria, id_Compra) values (11, 25);
insert into abastecer (id_Taqueria, id_Compra) values (18, 26);
insert into abastecer (id_Taqueria, id_Compra) values (3, 27);
insert into abastecer (id_Taqueria, id_Compra) values (53, 28);
insert into abastecer (id_Taqueria, id_Compra) values (38, 29);
insert into abastecer (id_Taqueria, id_Compra) values (23, 30);
insert into abastecer (id_Taqueria, id_Compra) values (38, 31);
insert into abastecer (id_Taqueria, id_Compra) values (81, 32);
insert into abastecer (id_Taqueria, id_Compra) values (3, 33);
insert into abastecer (id_Taqueria, id_Compra) values (40, 34);
insert into abastecer (id_Taqueria, id_Compra) values (32, 35);
insert into abastecer (id_Taqueria, id_Compra) values (26, 36);
insert into abastecer (id_Taqueria, id_Compra) values (27, 37);
insert into abastecer (id_Taqueria, id_Compra) values (27, 38);
insert into abastecer (id_Taqueria, id_Compra) values (5, 39);
insert into abastecer (id_Taqueria, id_Compra) values (26, 40);
insert into abastecer (id_Taqueria, id_Compra) values (58, 41);
insert into abastecer (id_Taqueria, id_Compra) values (28, 42);
insert into abastecer (id_Taqueria, id_Compra) values (18, 43);
insert into abastecer (id_Taqueria, id_Compra) values (27, 44);
insert into abastecer (id_Taqueria, id_Compra) values (2, 45);
insert into abastecer (id_Taqueria, id_Compra) values (98, 46);
insert into abastecer (id_Taqueria, id_Compra) values (40, 47);
insert into abastecer (id_Taqueria, id_Compra) values (95, 48);
insert into abastecer (id_Taqueria, id_Compra) values (51, 49);
insert into abastecer (id_Taqueria, id_Compra) values (32, 50);
insert into abastecer (id_Taqueria, id_Compra) values (92, 51);
insert into abastecer (id_Taqueria, id_Compra) values (40, 52);
insert into abastecer (id_Taqueria, id_Compra) values (5, 53);
insert into abastecer (id_Taqueria, id_Compra) values (45, 54);
insert into abastecer (id_Taqueria, id_Compra) values (69, 55);
insert into abastecer (id_Taqueria, id_Compra) values (27, 56);
insert into abastecer (id_Taqueria, id_Compra) values (70, 57);
insert into abastecer (id_Taqueria, id_Compra) values (77, 58);
insert into abastecer (id_Taqueria, id_Compra) values (95, 59);
insert into abastecer (id_Taqueria, id_Compra) values (27, 60);
insert into abastecer (id_Taqueria, id_Compra) values (38, 61);
insert into abastecer (id_Taqueria, id_Compra) values (70, 62);
insert into abastecer (id_Taqueria, id_Compra) values (21, 63);
insert into abastecer (id_Taqueria, id_Compra) values (23, 64);
insert into abastecer (id_Taqueria, id_Compra) values (38, 65);
insert into abastecer (id_Taqueria, id_Compra) values (2, 66);
insert into abastecer (id_Taqueria, id_Compra) values (43, 67);
insert into abastecer (id_Taqueria, id_Compra) values (99, 68);
insert into abastecer (id_Taqueria, id_Compra) values (25, 69);
insert into abastecer (id_Taqueria, id_Compra) values (69, 70);
insert into abastecer (id_Taqueria, id_Compra) values (38, 71);
insert into abastecer (id_Taqueria, id_Compra) values (3, 72);
insert into abastecer (id_Taqueria, id_Compra) values (26, 73);
insert into abastecer (id_Taqueria, id_Compra) values (98, 74);
insert into abastecer (id_Taqueria, id_Compra) values (40, 75);
insert into abastecer (id_Taqueria, id_Compra) values (18, 76);
insert into abastecer (id_Taqueria, id_Compra) values (23, 77);
insert into abastecer (id_Taqueria, id_Compra) values (70, 78);
insert into abastecer (id_Taqueria, id_Compra) values (40, 79);
insert into abastecer (id_Taqueria, id_Compra) values (82, 80);
insert into abastecer (id_Taqueria, id_Compra) values (5, 81);
insert into abastecer (id_Taqueria, id_Compra) values (94, 82);
insert into abastecer (id_Taqueria, id_Compra) values (88, 83);
insert into abastecer (id_Taqueria, id_Compra) values (39, 84);
insert into abastecer (id_Taqueria, id_Compra) values (90, 85);
insert into abastecer (id_Taqueria, id_Compra) values (58, 86);
insert into abastecer (id_Taqueria, id_Compra) values (2, 87);
insert into abastecer (id_Taqueria, id_Compra) values (4, 88);
insert into abastecer (id_Taqueria, id_Compra) values (27, 89);
insert into abastecer (id_Taqueria, id_Compra) values (78, 90);
insert into abastecer (id_Taqueria, id_Compra) values (77, 91);
insert into abastecer (id_Taqueria, id_Compra) values (28, 92);
insert into abastecer (id_Taqueria, id_Compra) values (52, 93);
insert into abastecer (id_Taqueria, id_Compra) values (88, 94);
insert into abastecer (id_Taqueria, id_Compra) values (88, 95);
insert into abastecer (id_Taqueria, id_Compra) values (44, 96);
insert into abastecer (id_Taqueria, id_Compra) values (52, 97);
insert into abastecer (id_Taqueria, id_Compra) values (11, 98);
insert into abastecer (id_Taqueria, id_Compra) values (27, 99);
insert into abastecer (id_Taqueria, id_Compra) values (70, 100);
insert into abastecer (id_Taqueria, id_Compra) values (3, 101);
insert into abastecer (id_Taqueria, id_Compra) values (63, 102);
insert into abastecer (id_Taqueria, id_Compra) values (78, 103);
insert into abastecer (id_Taqueria, id_Compra) values (2, 104);
insert into abastecer (id_Taqueria, id_Compra) values (32, 105);
insert into abastecer (id_Taqueria, id_Compra) values (92, 106);
insert into abastecer (id_Taqueria, id_Compra) values (44, 107);
insert into abastecer (id_Taqueria, id_Compra) values (28, 108);
insert into abastecer (id_Taqueria, id_Compra) values (51, 109);
insert into abastecer (id_Taqueria, id_Compra) values (92, 110);
insert into abastecer (id_Taqueria, id_Compra) values (3, 111);
insert into abastecer (id_Taqueria, id_Compra) values (78, 112);
insert into abastecer (id_Taqueria, id_Compra) values (2, 113);
insert into abastecer (id_Taqueria, id_Compra) values (5, 114);
insert into abastecer (id_Taqueria, id_Compra) values (18, 115);
insert into abastecer (id_Taqueria, id_Compra) values (43, 116);
insert into abastecer (id_Taqueria, id_Compra) values (82, 117);
insert into abastecer (id_Taqueria, id_Compra) values (58, 118);
insert into abastecer (id_Taqueria, id_Compra) values (2, 119);
insert into abastecer (id_Taqueria, id_Compra) values (32, 120);
insert into abastecer (id_Taqueria, id_Compra) values (78, 121);
insert into abastecer (id_Taqueria, id_Compra) values (90, 122);
insert into abastecer (id_Taqueria, id_Compra) values (45, 123);
insert into abastecer (id_Taqueria, id_Compra) values (77, 124);
insert into abastecer (id_Taqueria, id_Compra) values (77, 125);
insert into abastecer (id_Taqueria, id_Compra) values (82, 126);
insert into abastecer (id_Taqueria, id_Compra) values (25, 127);
insert into abastecer (id_Taqueria, id_Compra) values (78, 128);
insert into abastecer (id_Taqueria, id_Compra) values (51, 129);
insert into abastecer (id_Taqueria, id_Compra) values (78, 130);
insert into abastecer (id_Taqueria, id_Compra) values (78, 131);
insert into abastecer (id_Taqueria, id_Compra) values (27, 132);
insert into abastecer (id_Taqueria, id_Compra) values (94, 133);
insert into abastecer (id_Taqueria, id_Compra) values (88, 134);
insert into abastecer (id_Taqueria, id_Compra) values (52, 135);
insert into abastecer (id_Taqueria, id_Compra) values (51, 136);
insert into abastecer (id_Taqueria, id_Compra) values (70, 137);
insert into abastecer (id_Taqueria, id_Compra) values (27, 138);
insert into abastecer (id_Taqueria, id_Compra) values (2, 139);
insert into abastecer (id_Taqueria, id_Compra) values (82, 140);
insert into abastecer (id_Taqueria, id_Compra) values (35, 141);
insert into abastecer (id_Taqueria, id_Compra) values (44, 142);
insert into abastecer (id_Taqueria, id_Compra) values (92, 143);
insert into abastecer (id_Taqueria, id_Compra) values (90, 144);
insert into abastecer (id_Taqueria, id_Compra) values (81, 145);
insert into abastecer (id_Taqueria, id_Compra) values (81, 146);
insert into abastecer (id_Taqueria, id_Compra) values (38, 147);
insert into abastecer (id_Taqueria, id_Compra) values (27, 148);
insert into abastecer (id_Taqueria, id_Compra) values (92, 149);
insert into abastecer (id_Taqueria, id_Compra) values (25, 150);

-- INVENTARIO

insert into inventario (id, id_Taqueria, Tipo, FechaCaducidad, CantidadRestante) values (1, 92, 'Flour - Semolina', '2022-05-11', 96);
insert into inventario (id, id_Taqueria, Tipo, FechaCaducidad, CantidadRestante) values (2, 18, 'Veal - Insides, Grains', '2022-04-30', 85);
insert into inventario (id, id_Taqueria, Tipo, FechaCaducidad, CantidadRestante) values (3, 21, 'Trout - Rainbow, Frozen', '2021-01-02', 67);
insert into inventario (id, id_Taqueria, Tipo, FechaCaducidad, CantidadRestante) values (4, 11, 'Lumpfish Black', '2021-04-24', 49);
insert into inventario (id, id_Taqueria, Tipo, FechaCaducidad, CantidadRestante) values (5, 11, 'Vegetable - Base', '2022-06-06', 27);
insert into inventario (id, id_Taqueria, Tipo, FechaCaducidad, CantidadRestante) values (6, 96, 'Veal - Provimi Inside', '2022-03-07', 21);
insert into inventario (id, id_Taqueria, Tipo, FechaCaducidad, CantidadRestante) values (7, 44, 'Bread - White, Unsliced', '2021-10-08', 22);
insert into inventario (id, id_Taqueria, Tipo, FechaCaducidad, CantidadRestante) values (8, 28, 'Lobster - Canned Premium', '2022-04-01', 97);
insert into inventario (id, id_Taqueria, Tipo, FechaCaducidad, CantidadRestante) values (9, 26, 'Stock - Chicken, White', '2021-10-07', 48);
insert into inventario (id, id_Taqueria, Tipo, FechaCaducidad, CantidadRestante) values (10, 52, 'Rum - Mount Gay Eclipes', '2021-11-25', 16);
insert into inventario (id, id_Taqueria, Tipo, FechaCaducidad, CantidadRestante) values (11, 35, 'Rum - Mount Gay Eclipes', '2021-11-10', 75);
insert into inventario (id, id_Taqueria, Tipo, FechaCaducidad, CantidadRestante) values (12, 70, 'Grapes - Green', '2021-02-23', 75);
insert into inventario (id, id_Taqueria, Tipo, FechaCaducidad, CantidadRestante) values (13, 3, 'Cumin - Ground', '2021-01-21', 16);
insert into inventario (id, id_Taqueria, Tipo, FechaCaducidad, CantidadRestante) values (14, 68, 'Chocolate Liqueur - Godet White', '2020-10-05', 41);
insert into inventario (id, id_Taqueria, Tipo, FechaCaducidad, CantidadRestante) values (15, 51, 'Blouse / Shirt / Sweater', '2022-01-31', 20);
insert into inventario (id, id_Taqueria, Tipo, FechaCaducidad, CantidadRestante) values (16, 40, 'Bananas', '2022-02-21', 21);
insert into inventario (id, id_Taqueria, Tipo, FechaCaducidad, CantidadRestante) values (17, 96, 'Carbonated Water - Blackcherry', '2021-07-15', 3);
insert into inventario (id, id_Taqueria, Tipo, FechaCaducidad, CantidadRestante) values (18, 92, 'Buffalo - Striploin', '2021-08-19', 33);
insert into inventario (id, id_Taqueria, Tipo, FechaCaducidad, CantidadRestante) values (19, 82, 'Wine - Zinfandel Rosenblum', '2021-01-27', 79);
insert into inventario (id, id_Taqueria, Tipo, FechaCaducidad, CantidadRestante) values (20, 77, 'Cheese - Bocconcini', '2021-08-22', 48);
insert into inventario (id, id_Taqueria, Tipo, FechaCaducidad, CantidadRestante) values (21, 95, 'Lady Fingers', '2021-11-13', 2);
insert into inventario (id, id_Taqueria, Tipo, FechaCaducidad, CantidadRestante) values (22, 21, 'Basil - Seedlings Cookstown', '2021-01-31', 71);
insert into inventario (id, id_Taqueria, Tipo, FechaCaducidad, CantidadRestante) values (23, 90, 'Flour - Whole Wheat', '2020-09-01', 72);
insert into inventario (id, id_Taqueria, Tipo, FechaCaducidad, CantidadRestante) values (24, 51, 'Monkfish - Fresh', '2022-04-29', 85);
insert into inventario (id, id_Taqueria, Tipo, FechaCaducidad, CantidadRestante) values (25, 81, 'Bread - White, Unsliced', '2020-09-05', 22);
insert into inventario (id, id_Taqueria, Tipo, FechaCaducidad, CantidadRestante) values (26, 2, 'Crush - Orange, 355ml', '2021-06-01', 31);
insert into inventario (id, id_Taqueria, Tipo, FechaCaducidad, CantidadRestante) values (27, 92, 'Pineapple - Golden', '2021-06-07', 74);
insert into inventario (id, id_Taqueria, Tipo, FechaCaducidad, CantidadRestante) values (28, 2, 'Wine - Chianti Classica Docg', '2021-02-16', 28);
insert into inventario (id, id_Taqueria, Tipo, FechaCaducidad, CantidadRestante) values (29, 28, 'Chips Potato All Dressed - 43g', '2020-11-03', 78);
insert into inventario (id, id_Taqueria, Tipo, FechaCaducidad, CantidadRestante) values (30, 44, 'Wine - Alsace Riesling Reserve', '2021-11-17', 59);
insert into inventario (id, id_Taqueria, Tipo, FechaCaducidad, CantidadRestante) values (31, 3, 'Rum - Coconut, Malibu', '2021-03-12', 87);
insert into inventario (id, id_Taqueria, Tipo, FechaCaducidad, CantidadRestante) values (32, 70, 'Ham - Proscuitto', '2020-12-05', 87);
insert into inventario (id, id_Taqueria, Tipo, FechaCaducidad, CantidadRestante) values (33, 99, 'Brandy - Bar', '2021-03-24', 100);
insert into inventario (id, id_Taqueria, Tipo, FechaCaducidad, CantidadRestante) values (34, 5, 'Potatoes - Yukon Gold 5 Oz', '2021-04-24', 2);
insert into inventario (id, id_Taqueria, Tipo, FechaCaducidad, CantidadRestante) values (35, 38, 'Icecream - Dstk Strw Chseck', '2021-06-26', 90);
insert into inventario (id, id_Taqueria, Tipo, FechaCaducidad, CantidadRestante) values (36, 28, 'Scallops - In Shell', '2021-09-16', 40);
insert into inventario (id, id_Taqueria, Tipo, FechaCaducidad, CantidadRestante) values (37, 98, 'Broccoli - Fresh', '2020-10-08', 19);
insert into inventario (id, id_Taqueria, Tipo, FechaCaducidad, CantidadRestante) values (38, 80, 'Olives - Morracan Dired', '2022-02-24', 5);
insert into inventario (id, id_Taqueria, Tipo, FechaCaducidad, CantidadRestante) values (39, 70, 'Bagelers - Cinn / Brown', '2022-02-02', 91);
insert into inventario (id, id_Taqueria, Tipo, FechaCaducidad, CantidadRestante) values (40, 92, 'Pasta - Cheese / Spinach Bauletti', '2021-04-28', 2);
insert into inventario (id, id_Taqueria, Tipo, FechaCaducidad, CantidadRestante) values (41, 28, 'Butter - Salted, Micro', '2021-02-06', 45);
insert into inventario (id, id_Taqueria, Tipo, FechaCaducidad, CantidadRestante) values (42, 2, 'Filling - Mince Meat', '2022-02-19', 52);
insert into inventario (id, id_Taqueria, Tipo, FechaCaducidad, CantidadRestante) values (43, 32, 'Veal - Leg, Provimi - 50 Lb Max', '2021-02-14', 71);
insert into inventario (id, id_Taqueria, Tipo, FechaCaducidad, CantidadRestante) values (44, 45, 'Towel - Roll White', '2021-07-27', 21);
insert into inventario (id, id_Taqueria, Tipo, FechaCaducidad, CantidadRestante) values (45, 23, 'Pork - Chop, Frenched', '2021-11-04', 92);
insert into inventario (id, id_Taqueria, Tipo, FechaCaducidad, CantidadRestante) values (46, 23, 'Wine - Conde De Valdemar', '2021-03-24', 34);
insert into inventario (id, id_Taqueria, Tipo, FechaCaducidad, CantidadRestante) values (47, 38, 'Rum - Coconut, Malibu', '2022-03-01', 94);
insert into inventario (id, id_Taqueria, Tipo, FechaCaducidad, CantidadRestante) values (48, 23, 'Beef Striploin Aaa', '2022-03-26', 26);
insert into inventario (id, id_Taqueria, Tipo, FechaCaducidad, CantidadRestante) values (49, 58, 'Bar Bran Honey Nut', '2022-05-12', 11);
insert into inventario (id, id_Taqueria, Tipo, FechaCaducidad, CantidadRestante) values (50, 38, 'Sausage - Liver', '2021-05-20', 20);
insert into inventario (id, id_Taqueria, Tipo, FechaCaducidad, CantidadRestante) values (51, 40, 'Compound - Orange', '2021-08-02', 73);
insert into inventario (id, id_Taqueria, Tipo, FechaCaducidad, CantidadRestante) values (52, 40, 'Ham Black Forest', '2022-01-01', 8);
insert into inventario (id, id_Taqueria, Tipo, FechaCaducidad, CantidadRestante) values (53, 21, 'Wonton Wrappers', '2021-03-20', 97);
insert into inventario (id, id_Taqueria, Tipo, FechaCaducidad, CantidadRestante) values (54, 27, 'Wine - Chardonnay Mondavi', '2020-10-31', 92);
insert into inventario (id, id_Taqueria, Tipo, FechaCaducidad, CantidadRestante) values (55, 27, 'Chicken - Tenderloin', '2022-01-12', 98);
insert into inventario (id, id_Taqueria, Tipo, FechaCaducidad, CantidadRestante) values (56, 28, 'Juice - Orangina', '2021-08-22', 52);
insert into inventario (id, id_Taqueria, Tipo, FechaCaducidad, CantidadRestante) values (57, 32, 'Kirsch - Schloss', '2021-05-18', 77);
insert into inventario (id, id_Taqueria, Tipo, FechaCaducidad, CantidadRestante) values (58, 90, 'Meldea Green Tea Liquor', '2021-04-29', 84);
insert into inventario (id, id_Taqueria, Tipo, FechaCaducidad, CantidadRestante) values (59, 28, 'Carrots - Purple, Organic', '2022-03-22', 31);
insert into inventario (id, id_Taqueria, Tipo, FechaCaducidad, CantidadRestante) values (60, 51, 'Sauce - Soy Low Sodium - 3.87l', '2021-03-27', 28);
insert into inventario (id, id_Taqueria, Tipo, FechaCaducidad, CantidadRestante) values (61, 38, 'Tea - Jasmin Green', '2020-11-22', 64);
insert into inventario (id, id_Taqueria, Tipo, FechaCaducidad, CantidadRestante) values (62, 79, 'Pop - Club Soda Can', '2022-04-12', 98);
insert into inventario (id, id_Taqueria, Tipo, FechaCaducidad, CantidadRestante) values (63, 39, 'Wine - Ruffino Chianti', '2022-04-15', 18);
insert into inventario (id, id_Taqueria, Tipo, FechaCaducidad, CantidadRestante) values (64, 90, 'Seedlings - Buckwheat, Organic', '2021-04-19', 5);
insert into inventario (id, id_Taqueria, Tipo, FechaCaducidad, CantidadRestante) values (65, 43, 'Beans - Wax', '2021-06-22', 11);
insert into inventario (id, id_Taqueria, Tipo, FechaCaducidad, CantidadRestante) values (66, 58, 'Cheese - Brie', '2020-09-06', 48);
insert into inventario (id, id_Taqueria, Tipo, FechaCaducidad, CantidadRestante) values (67, 92, 'Pepper Squash', '2021-05-04', 24);
insert into inventario (id, id_Taqueria, Tipo, FechaCaducidad, CantidadRestante) values (68, 88, 'Pepper - Chipotle, Canned', '2022-04-15', 93);
insert into inventario (id, id_Taqueria, Tipo, FechaCaducidad, CantidadRestante) values (69, 27, 'Appetizer - Mini Egg Roll, Shrimp', '2021-01-29', 5);
insert into inventario (id, id_Taqueria, Tipo, FechaCaducidad, CantidadRestante) values (70, 78, 'Cornish Hen', '2021-04-15', 28);
insert into inventario (id, id_Taqueria, Tipo, FechaCaducidad, CantidadRestante) values (71, 52, 'Catfish - Fillets', '2022-05-26', 49);
insert into inventario (id, id_Taqueria, Tipo, FechaCaducidad, CantidadRestante) values (72, 28, 'Soup - Boston Clam Chowder', '2022-01-04', 4);
insert into inventario (id, id_Taqueria, Tipo, FechaCaducidad, CantidadRestante) values (73, 79, 'Buffalo - Short Rib Fresh', '2022-03-25', 45);
insert into inventario (id, id_Taqueria, Tipo, FechaCaducidad, CantidadRestante) values (74, 98, 'Mikes Hard Lemonade', '2020-09-10', 92);
insert into inventario (id, id_Taqueria, Tipo, FechaCaducidad, CantidadRestante) values (75, 32, 'Wine - Casablanca Valley', '2021-04-06', 92);
insert into inventario (id, id_Taqueria, Tipo, FechaCaducidad, CantidadRestante) values (76, 80, 'Pineapple - Canned, Rings', '2022-01-08', 2);
insert into inventario (id, id_Taqueria, Tipo, FechaCaducidad, CantidadRestante) values (77, 53, 'Eggroll', '2022-05-12', 72);
insert into inventario (id, id_Taqueria, Tipo, FechaCaducidad, CantidadRestante) values (78, 99, 'Skewers - Bamboo', '2021-05-18', 35);
insert into inventario (id, id_Taqueria, Tipo, FechaCaducidad, CantidadRestante) values (79, 3, 'Mix - Cocktail Strawberry Daiquiri', '2021-11-01', 81);
insert into inventario (id, id_Taqueria, Tipo, FechaCaducidad, CantidadRestante) values (80, 2, 'Cheese - Valancey', '2021-05-19', 50);
insert into inventario (id, id_Taqueria, Tipo, FechaCaducidad, CantidadRestante) values (81, 98, 'Pepperoni Slices', '2021-07-10', 31);
insert into inventario (id, id_Taqueria, Tipo, FechaCaducidad, CantidadRestante) values (82, 80, 'Extract - Almond', '2020-12-31', 34);
insert into inventario (id, id_Taqueria, Tipo, FechaCaducidad, CantidadRestante) values (83, 80, 'Amaretto', '2020-10-27', 81);
insert into inventario (id, id_Taqueria, Tipo, FechaCaducidad, CantidadRestante) values (84, 58, 'Liners - Banana, Paper', '2020-11-07', 66);
insert into inventario (id, id_Taqueria, Tipo, FechaCaducidad, CantidadRestante) values (85, 25, 'Chocolate - Feathers', '2022-02-04', 20);
insert into inventario (id, id_Taqueria, Tipo, FechaCaducidad, CantidadRestante) values (86, 69, 'Cakes Assorted', '2021-04-03', 52);
insert into inventario (id, id_Taqueria, Tipo, FechaCaducidad, CantidadRestante) values (87, 5, 'Milkettes - 2%', '2022-01-21', 82);
insert into inventario (id, id_Taqueria, Tipo, FechaCaducidad, CantidadRestante) values (88, 4, 'Beer - Maudite', '2021-05-30', 93);
insert into inventario (id, id_Taqueria, Tipo, FechaCaducidad, CantidadRestante) values (89, 69, 'Turkey - Oven Roast Breast', '2021-12-08', 6);
insert into inventario (id, id_Taqueria, Tipo, FechaCaducidad, CantidadRestante) values (90, 78, 'Pasta - Agnolotti - Butternut', '2021-02-28', 92);
insert into inventario (id, id_Taqueria, Tipo, FechaCaducidad, CantidadRestante) values (91, 27, 'Soup - Campbellschix Stew', '2021-04-30', 21);
insert into inventario (id, id_Taqueria, Tipo, FechaCaducidad, CantidadRestante) values (92, 96, 'Juice - Apple 284ml', '2021-01-03', 36);
insert into inventario (id, id_Taqueria, Tipo, FechaCaducidad, CantidadRestante) values (93, 40, 'Cassis', '2022-02-07', 40);
insert into inventario (id, id_Taqueria, Tipo, FechaCaducidad, CantidadRestante) values (94, 5, 'Cheese - Shred Cheddar / Mozza', '2020-10-21', 84);
insert into inventario (id, id_Taqueria, Tipo, FechaCaducidad, CantidadRestante) values (95, 38, 'Coffee Cup 12oz 5342cd', '2022-03-08', 63);
insert into inventario (id, id_Taqueria, Tipo, FechaCaducidad, CantidadRestante) values (96, 4, 'Puff Pastry - Slab', '2020-11-30', 73);
insert into inventario (id, id_Taqueria, Tipo, FechaCaducidad, CantidadRestante) values (97, 78, 'Cleaner - Comet', '2020-10-05', 35);
insert into inventario (id, id_Taqueria, Tipo, FechaCaducidad, CantidadRestante) values (98, 27, 'Smoked Tongue', '2021-06-01', 42);
insert into inventario (id, id_Taqueria, Tipo, FechaCaducidad, CantidadRestante) values (99, 35, 'Sponge Cake Mix - Chocolate', '2022-02-04', 11);
insert into inventario (id, id_Taqueria, Tipo, FechaCaducidad, CantidadRestante) values (100, 94, 'Sage Ground Wiberg', '2022-01-01', 86);
insert into inventario (id, id_Taqueria, Tipo, FechaCaducidad, CantidadRestante) values (101, 2, 'Arctic Char - Fillets', '2020-11-23', 2);
insert into inventario (id, id_Taqueria, Tipo, FechaCaducidad, CantidadRestante) values (102, 28, 'Dragon Fruit', '2021-05-25', 28);
insert into inventario (id, id_Taqueria, Tipo, FechaCaducidad, CantidadRestante) values (103, 81, 'Crackers - Graham', '2021-03-06', 32);
insert into inventario (id, id_Taqueria, Tipo, FechaCaducidad, CantidadRestante) values (104, 88, 'Salmon - Atlantic, No Skin', '2020-12-12', 52);
insert into inventario (id, id_Taqueria, Tipo, FechaCaducidad, CantidadRestante) values (105, 4, 'Salt - Table', '2022-03-26', 31);
insert into inventario (id, id_Taqueria, Tipo, FechaCaducidad, CantidadRestante) values (106, 45, 'Parsley Italian - Fresh', '2022-04-09', 61);
insert into inventario (id, id_Taqueria, Tipo, FechaCaducidad, CantidadRestante) values (107, 94, 'Pastry - Butterscotch Baked', '2021-09-06', 19);
insert into inventario (id, id_Taqueria, Tipo, FechaCaducidad, CantidadRestante) values (108, 88, 'Wine - Puligny Montrachet A.', '2020-12-30', 61);
insert into inventario (id, id_Taqueria, Tipo, FechaCaducidad, CantidadRestante) values (109, 11, 'Wine - Riesling Dr. Pauly', '2021-11-21', 90);
insert into inventario (id, id_Taqueria, Tipo, FechaCaducidad, CantidadRestante) values (110, 51, 'Juice - Orange, Concentrate', '2020-12-01', 42);
insert into inventario (id, id_Taqueria, Tipo, FechaCaducidad, CantidadRestante) values (111, 58, 'Pepper - Pablano', '2021-04-10', 61);
insert into inventario (id, id_Taqueria, Tipo, FechaCaducidad, CantidadRestante) values (112, 32, 'Soup Campbells - Tomato Bisque', '2021-10-25', 35);
insert into inventario (id, id_Taqueria, Tipo, FechaCaducidad, CantidadRestante) values (113, 40, 'Broccoli - Fresh', '2021-08-02', 93);
insert into inventario (id, id_Taqueria, Tipo, FechaCaducidad, CantidadRestante) values (114, 28, 'Foie Gras', '2022-04-25', 58);
insert into inventario (id, id_Taqueria, Tipo, FechaCaducidad, CantidadRestante) values (115, 28, 'Cookies - Assorted', '2021-12-15', 34);
insert into inventario (id, id_Taqueria, Tipo, FechaCaducidad, CantidadRestante) values (116, 23, 'Beef - Tenderlion, Center Cut', '2020-12-07', 41);
insert into inventario (id, id_Taqueria, Tipo, FechaCaducidad, CantidadRestante) values (117, 53, 'Milk - 2%', '2021-11-14', 12);
insert into inventario (id, id_Taqueria, Tipo, FechaCaducidad, CantidadRestante) values (118, 99, 'Jam - Raspberry', '2020-10-05', 53);
insert into inventario (id, id_Taqueria, Tipo, FechaCaducidad, CantidadRestante) values (119, 53, 'Cheese - Le Cheve Noir', '2020-09-02', 33);
insert into inventario (id, id_Taqueria, Tipo, FechaCaducidad, CantidadRestante) values (120, 96, 'Tea - Herbal I Love Lemon', '2021-05-21', 7);
insert into inventario (id, id_Taqueria, Tipo, FechaCaducidad, CantidadRestante) values (121, 80, 'Pork - Loin, Center Cut', '2021-07-08', 95);
insert into inventario (id, id_Taqueria, Tipo, FechaCaducidad, CantidadRestante) values (122, 18, 'Salt - Table', '2022-06-07', 19);
insert into inventario (id, id_Taqueria, Tipo, FechaCaducidad, CantidadRestante) values (123, 63, 'Turkey - Breast, Bone - In', '2022-03-19', 7);
insert into inventario (id, id_Taqueria, Tipo, FechaCaducidad, CantidadRestante) values (124, 32, 'Pasta - Cappellini, Dry', '2022-04-17', 66);
insert into inventario (id, id_Taqueria, Tipo, FechaCaducidad, CantidadRestante) values (125, 58, 'Sherbet - Raspberry', '2022-05-19', 83);
insert into inventario (id, id_Taqueria, Tipo, FechaCaducidad, CantidadRestante) values (126, 38, 'Longos - Grilled Chicken With', '2022-03-15', 19);
insert into inventario (id, id_Taqueria, Tipo, FechaCaducidad, CantidadRestante) values (127, 4, 'Mousse - Banana Chocolate', '2022-04-26', 17);
insert into inventario (id, id_Taqueria, Tipo, FechaCaducidad, CantidadRestante) values (128, 25, 'Jerusalem Artichoke', '2021-04-05', 1);
insert into inventario (id, id_Taqueria, Tipo, FechaCaducidad, CantidadRestante) values (129, 88, 'Truffle Paste', '2021-02-23', 98);
insert into inventario (id, id_Taqueria, Tipo, FechaCaducidad, CantidadRestante) values (130, 68, 'Higashimaru Usukuchi Soy', '2021-06-12', 15);
insert into inventario (id, id_Taqueria, Tipo, FechaCaducidad, CantidadRestante) values (131, 90, 'Fruit Mix - Light', '2021-02-05', 32);
insert into inventario (id, id_Taqueria, Tipo, FechaCaducidad, CantidadRestante) values (132, 92, 'Pork - Shoulder', '2021-05-24', 20);
insert into inventario (id, id_Taqueria, Tipo, FechaCaducidad, CantidadRestante) values (133, 95, 'Sobe - Berry Energy', '2021-10-05', 31);
insert into inventario (id, id_Taqueria, Tipo, FechaCaducidad, CantidadRestante) values (134, 23, 'Coffee Cup 8oz 5338cd', '2022-02-20', 47);
insert into inventario (id, id_Taqueria, Tipo, FechaCaducidad, CantidadRestante) values (135, 44, 'Relish', '2022-03-13', 2);
insert into inventario (id, id_Taqueria, Tipo, FechaCaducidad, CantidadRestante) values (136, 32, 'Seabream Whole Farmed', '2021-12-06', 96);
insert into inventario (id, id_Taqueria, Tipo, FechaCaducidad, CantidadRestante) values (137, 99, 'Rappini - Andy Boy', '2020-11-07', 68);
insert into inventario (id, id_Taqueria, Tipo, FechaCaducidad, CantidadRestante) values (138, 3, 'Sauce - Chili', '2021-03-13', 57);
insert into inventario (id, id_Taqueria, Tipo, FechaCaducidad, CantidadRestante) values (139, 94, 'Star Fruit', '2021-04-02', 79);
insert into inventario (id, id_Taqueria, Tipo, FechaCaducidad, CantidadRestante) values (140, 27, 'Milk - Condensed', '2020-11-10', 50);
insert into inventario (id, id_Taqueria, Tipo, FechaCaducidad, CantidadRestante) values (141, 18, 'Syrup - Monin, Swiss Choclate', '2021-03-17', 60);
insert into inventario (id, id_Taqueria, Tipo, FechaCaducidad, CantidadRestante) values (142, 52, 'Soup - Knorr, Classic Can. Chili', '2020-10-27', 22);
insert into inventario (id, id_Taqueria, Tipo, FechaCaducidad, CantidadRestante) values (143, 96, 'Aspic - Light', '2021-11-18', 34);
insert into inventario (id, id_Taqueria, Tipo, FechaCaducidad, CantidadRestante) values (144, 70, 'Turnip - Mini', '2021-12-01', 83);
insert into inventario (id, id_Taqueria, Tipo, FechaCaducidad, CantidadRestante) values (145, 3, 'Ecolab - Solid Fusion', '2022-01-17', 55);
insert into inventario (id, id_Taqueria, Tipo, FechaCaducidad, CantidadRestante) values (146, 39, 'Pears - Bosc', '2021-12-01', 48);
insert into inventario (id, id_Taqueria, Tipo, FechaCaducidad, CantidadRestante) values (147, 28, 'Beans - Black Bean, Preserved', '2020-09-11', 74);
insert into inventario (id, id_Taqueria, Tipo, FechaCaducidad, CantidadRestante) values (148, 80, 'Wine - Cahors Ac 2000, Clos', '2022-03-26', 11);
insert into inventario (id, id_Taqueria, Tipo, FechaCaducidad, CantidadRestante) values (149, 69, 'Apricots Fresh', '2021-06-19', 66);
insert into inventario (id, id_Taqueria, Tipo, FechaCaducidad, CantidadRestante) values (150, 51, 'Ham - Proscuitto', '2021-07-24', 69);
insert into inventario (id, id_Taqueria, Tipo, FechaCaducidad, CantidadRestante) values (151, 26, 'Clam Nectar', '2021-05-10', 48);
insert into inventario (id, id_Taqueria, Tipo, FechaCaducidad, CantidadRestante) values (152, 3, 'Pork - Bacon, Sliced', '2021-06-17', 85);
insert into inventario (id, id_Taqueria, Tipo, FechaCaducidad, CantidadRestante) values (153, 78, 'Beer - True North Strong Ale', '2021-08-23', 7);
insert into inventario (id, id_Taqueria, Tipo, FechaCaducidad, CantidadRestante) values (154, 53, 'Foam Tray S2', '2021-03-29', 33);
insert into inventario (id, id_Taqueria, Tipo, FechaCaducidad, CantidadRestante) values (155, 82, 'Coffee - Decaffeinato Coffee', '2022-01-21', 93);
insert into inventario (id, id_Taqueria, Tipo, FechaCaducidad, CantidadRestante) values (156, 95, 'Wine - Pinot Grigio Collavini', '2021-09-03', 45);
insert into inventario (id, id_Taqueria, Tipo, FechaCaducidad, CantidadRestante) values (157, 40, 'Appetizer - Crab And Brie', '2020-11-15', 100);
insert into inventario (id, id_Taqueria, Tipo, FechaCaducidad, CantidadRestante) values (158, 43, 'Pork - Ground', '2020-09-19', 64);
insert into inventario (id, id_Taqueria, Tipo, FechaCaducidad, CantidadRestante) values (159, 96, 'Ham - Cooked Bayonne Tinned', '2021-05-27', 72);
insert into inventario (id, id_Taqueria, Tipo, FechaCaducidad, CantidadRestante) values (160, 78, 'Chocolate - Unsweetened', '2020-10-21', 39);
insert into inventario (id, id_Taqueria, Tipo, FechaCaducidad, CantidadRestante) values (161, 32, 'Beans - Fava Fresh', '2021-08-27', 91);
insert into inventario (id, id_Taqueria, Tipo, FechaCaducidad, CantidadRestante) values (162, 27, 'Clam - Cherrystone', '2022-01-09', 76);
insert into inventario (id, id_Taqueria, Tipo, FechaCaducidad, CantidadRestante) values (163, 92, 'Crush - Grape, 355 Ml', '2021-10-23', 58);
insert into inventario (id, id_Taqueria, Tipo, FechaCaducidad, CantidadRestante) values (164, 38, 'Napkin Colour', '2022-03-28', 77);
insert into inventario (id, id_Taqueria, Tipo, FechaCaducidad, CantidadRestante) values (165, 53, 'Pastry - Banana Muffin - Mini', '2022-04-08', 81);
insert into inventario (id, id_Taqueria, Tipo, FechaCaducidad, CantidadRestante) values (166, 38, 'Jello - Assorted', '2022-05-14', 95);
insert into inventario (id, id_Taqueria, Tipo, FechaCaducidad, CantidadRestante) values (167, 21, 'Bread - French Baquette', '2021-03-02', 12);
insert into inventario (id, id_Taqueria, Tipo, FechaCaducidad, CantidadRestante) values (168, 38, 'Blouse / Shirt / Sweater', '2021-12-31', 63);
insert into inventario (id, id_Taqueria, Tipo, FechaCaducidad, CantidadRestante) values (169, 3, 'Wine - Rhine Riesling Wolf Blass', '2022-02-05', 96);
insert into inventario (id, id_Taqueria, Tipo, FechaCaducidad, CantidadRestante) values (170, 2, 'Corn Shoots', '2020-12-07', 68);
insert into inventario (id, id_Taqueria, Tipo, FechaCaducidad, CantidadRestante) values (171, 80, 'Icecream Bar - Del Monte', '2021-09-14', 22);
insert into inventario (id, id_Taqueria, Tipo, FechaCaducidad, CantidadRestante) values (172, 21, 'Cheese - Cheddar, Old White', '2021-10-17', 100);
insert into inventario (id, id_Taqueria, Tipo, FechaCaducidad, CantidadRestante) values (173, 63, 'Gatorade - Cool Blue Raspberry', '2021-12-03', 97);
insert into inventario (id, id_Taqueria, Tipo, FechaCaducidad, CantidadRestante) values (174, 80, 'Beans - Long, Chinese', '2020-12-18', 63);
insert into inventario (id, id_Taqueria, Tipo, FechaCaducidad, CantidadRestante) values (175, 28, 'Pork - Back, Short Cut, Boneless', '2022-05-02', 20);
insert into inventario (id, id_Taqueria, Tipo, FechaCaducidad, CantidadRestante) values (176, 63, 'Chilli Paste, Ginger Garlic', '2020-11-14', 83);
insert into inventario (id, id_Taqueria, Tipo, FechaCaducidad, CantidadRestante) values (177, 25, 'Shallots', '2021-06-03', 97);
insert into inventario (id, id_Taqueria, Tipo, FechaCaducidad, CantidadRestante) values (178, 94, 'Rice - Aborio', '2021-08-25', 30);
insert into inventario (id, id_Taqueria, Tipo, FechaCaducidad, CantidadRestante) values (179, 44, 'Shrimp - Black Tiger 26/30', '2022-01-25', 40);
insert into inventario (id, id_Taqueria, Tipo, FechaCaducidad, CantidadRestante) values (180, 28, 'Zucchini - Mini, Green', '2021-10-10', 20);
insert into inventario (id, id_Taqueria, Tipo, FechaCaducidad, CantidadRestante) values (181, 92, 'Appetizer - Tarragon Chicken', '2021-04-05', 54);
insert into inventario (id, id_Taqueria, Tipo, FechaCaducidad, CantidadRestante) values (182, 98, 'Mudslide', '2021-05-24', 100);
insert into inventario (id, id_Taqueria, Tipo, FechaCaducidad, CantidadRestante) values (183, 69, 'Pepper - Chili Powder', '2022-01-15', 76);
insert into inventario (id, id_Taqueria, Tipo, FechaCaducidad, CantidadRestante) values (184, 52, 'Wine - Rubyport', '2022-02-17', 34);
insert into inventario (id, id_Taqueria, Tipo, FechaCaducidad, CantidadRestante) values (185, 28, 'Tea Peppermint', '2021-01-03', 78);
insert into inventario (id, id_Taqueria, Tipo, FechaCaducidad, CantidadRestante) values (186, 78, 'Rice Paper', '2022-01-25', 12);
insert into inventario (id, id_Taqueria, Tipo, FechaCaducidad, CantidadRestante) values (187, 45, 'Wine - Casillero Del Diablo', '2021-02-14', 37);
insert into inventario (id, id_Taqueria, Tipo, FechaCaducidad, CantidadRestante) values (188, 4, 'Salt - Celery', '2021-12-12', 44);
insert into inventario (id, id_Taqueria, Tipo, FechaCaducidad, CantidadRestante) values (189, 63, 'Beer - Corona', '2021-06-26', 2);
insert into inventario (id, id_Taqueria, Tipo, FechaCaducidad, CantidadRestante) values (190, 95, 'Wine - Chianti Classico Riserva', '2022-05-31', 75);
insert into inventario (id, id_Taqueria, Tipo, FechaCaducidad, CantidadRestante) values (191, 81, 'Cheese - Grana Padano', '2022-05-09', 59);
insert into inventario (id, id_Taqueria, Tipo, FechaCaducidad, CantidadRestante) values (192, 44, 'Juice - Orange, 341 Ml', '2021-01-29', 27);
insert into inventario (id, id_Taqueria, Tipo, FechaCaducidad, CantidadRestante) values (193, 82, 'Ice Cream - Fudge Bars', '2021-11-26', 53);
insert into inventario (id, id_Taqueria, Tipo, FechaCaducidad, CantidadRestante) values (194, 78, 'Veal - Insides, Grains', '2020-12-30', 54);
insert into inventario (id, id_Taqueria, Tipo, FechaCaducidad, CantidadRestante) values (195, 68, 'Cheese - Goat With Herbs', '2021-03-28', 93);
insert into inventario (id, id_Taqueria, Tipo, FechaCaducidad, CantidadRestante) values (196, 80, 'Wine - White, Riesling, Semi - Dry', '2022-04-10', 5);
insert into inventario (id, id_Taqueria, Tipo, FechaCaducidad, CantidadRestante) values (197, 28, 'Tomatoes - Vine Ripe, Yellow', '2021-01-31', 90);
insert into inventario (id, id_Taqueria, Tipo, FechaCaducidad, CantidadRestante) values (198, 28, 'Napkin - Beverage 1 Ply', '2022-03-16', 5);
insert into inventario (id, id_Taqueria, Tipo, FechaCaducidad, CantidadRestante) values (199, 78, 'Bagel - Everything', '2020-10-19', 29);
insert into inventario (id, id_Taqueria, Tipo, FechaCaducidad, CantidadRestante) values (200, 88, 'Juice - Apple 284ml', '2022-04-16', 9);

-- CATEGORIA

insert into categoria (id, Nombre) values (1, 'Taco');
insert into categoria (id, Nombre) values (2, 'Burrito');
insert into categoria (id, Nombre) values (3, 'Quesadilla');
insert into categoria (id, Nombre) values (4, 'Gringa');
insert into categoria (id, Nombre) values (5, 'Torta');
insert into categoria (id, Nombre) values (6, 'Platillo mexicano');
insert into categoria (id, Nombre) values (7, 'Salsa');
insert into categoria (id, Nombre) values (8, 'Bebida');

-- ORGANIZAR MENU

insert into organizar_menu (id_Taqueria, id_Categoria) values (1, 1);
insert into organizar_menu (id_Taqueria, id_Categoria) values (1, 2);
insert into organizar_menu (id_Taqueria, id_Categoria) values (1, 3);
insert into organizar_menu (id_Taqueria, id_Categoria) values (1, 4);
insert into organizar_menu (id_Taqueria, id_Categoria) values (1, 5);
insert into organizar_menu (id_Taqueria, id_Categoria) values (1, 6);
insert into organizar_menu (id_Taqueria, id_Categoria) values (1, 7);
insert into organizar_menu (id_Taqueria, id_Categoria) values (1, 8);
insert into organizar_menu (id_Taqueria, id_Categoria) values (2, 1);
insert into organizar_menu (id_Taqueria, id_Categoria) values (2, 2);
insert into organizar_menu (id_Taqueria, id_Categoria) values (2, 3);
insert into organizar_menu (id_Taqueria, id_Categoria) values (2, 4);
insert into organizar_menu (id_Taqueria, id_Categoria) values (2, 5);
insert into organizar_menu (id_Taqueria, id_Categoria) values (2, 6);
insert into organizar_menu (id_Taqueria, id_Categoria) values (2, 7);
insert into organizar_menu (id_Taqueria, id_Categoria) values (2, 8);
insert into organizar_menu (id_Taqueria, id_Categoria) values (3, 1);
insert into organizar_menu (id_Taqueria, id_Categoria) values (3, 2);
insert into organizar_menu (id_Taqueria, id_Categoria) values (3, 3);
insert into organizar_menu (id_Taqueria, id_Categoria) values (3, 4);
insert into organizar_menu (id_Taqueria, id_Categoria) values (3, 5);
insert into organizar_menu (id_Taqueria, id_Categoria) values (3, 6);
insert into organizar_menu (id_Taqueria, id_Categoria) values (3, 7);
insert into organizar_menu (id_Taqueria, id_Categoria) values (3, 8);
insert into organizar_menu (id_Taqueria, id_Categoria) values (4, 1);
insert into organizar_menu (id_Taqueria, id_Categoria) values (4, 2);
insert into organizar_menu (id_Taqueria, id_Categoria) values (4, 3);
insert into organizar_menu (id_Taqueria, id_Categoria) values (4, 4);
insert into organizar_menu (id_Taqueria, id_Categoria) values (4, 5);
insert into organizar_menu (id_Taqueria, id_Categoria) values (4, 6);
insert into organizar_menu (id_Taqueria, id_Categoria) values (4, 7);
insert into organizar_menu (id_Taqueria, id_Categoria) values (4, 8);
insert into organizar_menu (id_Taqueria, id_Categoria) values (5, 1);
insert into organizar_menu (id_Taqueria, id_Categoria) values (5, 2);
insert into organizar_menu (id_Taqueria, id_Categoria) values (5, 3);
insert into organizar_menu (id_Taqueria, id_Categoria) values (5, 4);
insert into organizar_menu (id_Taqueria, id_Categoria) values (5, 5);
insert into organizar_menu (id_Taqueria, id_Categoria) values (5, 6);
insert into organizar_menu (id_Taqueria, id_Categoria) values (5, 7);
insert into organizar_menu (id_Taqueria, id_Categoria) values (5, 8);
insert into organizar_menu (id_Taqueria, id_Categoria) values (6, 1);
insert into organizar_menu (id_Taqueria, id_Categoria) values (6, 2);
insert into organizar_menu (id_Taqueria, id_Categoria) values (6, 3);
insert into organizar_menu (id_Taqueria, id_Categoria) values (6, 4);
insert into organizar_menu (id_Taqueria, id_Categoria) values (6, 5);
insert into organizar_menu (id_Taqueria, id_Categoria) values (6, 6);
insert into organizar_menu (id_Taqueria, id_Categoria) values (6, 7);
insert into organizar_menu (id_Taqueria, id_Categoria) values (6, 8);
insert into organizar_menu (id_Taqueria, id_Categoria) values (7, 1);
insert into organizar_menu (id_Taqueria, id_Categoria) values (7, 2);
insert into organizar_menu (id_Taqueria, id_Categoria) values (7, 3);
insert into organizar_menu (id_Taqueria, id_Categoria) values (7, 4);
insert into organizar_menu (id_Taqueria, id_Categoria) values (7, 5);
insert into organizar_menu (id_Taqueria, id_Categoria) values (7, 6);
insert into organizar_menu (id_Taqueria, id_Categoria) values (7, 7);
insert into organizar_menu (id_Taqueria, id_Categoria) values (7, 8);
insert into organizar_menu (id_Taqueria, id_Categoria) values (8, 1);
insert into organizar_menu (id_Taqueria, id_Categoria) values (8, 2);
insert into organizar_menu (id_Taqueria, id_Categoria) values (8, 3);
insert into organizar_menu (id_Taqueria, id_Categoria) values (8, 4);
insert into organizar_menu (id_Taqueria, id_Categoria) values (8, 5);
insert into organizar_menu (id_Taqueria, id_Categoria) values (8, 6);
insert into organizar_menu (id_Taqueria, id_Categoria) values (8, 7);
insert into organizar_menu (id_Taqueria, id_Categoria) values (8, 8);
insert into organizar_menu (id_Taqueria, id_Categoria) values (9, 1);
insert into organizar_menu (id_Taqueria, id_Categoria) values (9, 2);
insert into organizar_menu (id_Taqueria, id_Categoria) values (9, 3);
insert into organizar_menu (id_Taqueria, id_Categoria) values (9, 4);
insert into organizar_menu (id_Taqueria, id_Categoria) values (9, 5);
insert into organizar_menu (id_Taqueria, id_Categoria) values (9, 6);
insert into organizar_menu (id_Taqueria, id_Categoria) values (9, 7);
insert into organizar_menu (id_Taqueria, id_Categoria) values (9, 8);
insert into organizar_menu (id_Taqueria, id_Categoria) values (10, 1);
insert into organizar_menu (id_Taqueria, id_Categoria) values (10, 2);
insert into organizar_menu (id_Taqueria, id_Categoria) values (10, 3);
insert into organizar_menu (id_Taqueria, id_Categoria) values (10, 4);
insert into organizar_menu (id_Taqueria, id_Categoria) values (10, 5);
insert into organizar_menu (id_Taqueria, id_Categoria) values (10, 6);
insert into organizar_menu (id_Taqueria, id_Categoria) values (10, 7);
insert into organizar_menu (id_Taqueria, id_Categoria) values (10, 8);
insert into organizar_menu (id_Taqueria, id_Categoria) values (11, 1);
insert into organizar_menu (id_Taqueria, id_Categoria) values (11, 2);
insert into organizar_menu (id_Taqueria, id_Categoria) values (11, 3);
insert into organizar_menu (id_Taqueria, id_Categoria) values (11, 4);
insert into organizar_menu (id_Taqueria, id_Categoria) values (11, 5);
insert into organizar_menu (id_Taqueria, id_Categoria) values (11, 6);
insert into organizar_menu (id_Taqueria, id_Categoria) values (11, 7);
insert into organizar_menu (id_Taqueria, id_Categoria) values (11, 8);
insert into organizar_menu (id_Taqueria, id_Categoria) values (12, 1);
insert into organizar_menu (id_Taqueria, id_Categoria) values (12, 2);
insert into organizar_menu (id_Taqueria, id_Categoria) values (12, 3);
insert into organizar_menu (id_Taqueria, id_Categoria) values (12, 4);
insert into organizar_menu (id_Taqueria, id_Categoria) values (12, 5);
insert into organizar_menu (id_Taqueria, id_Categoria) values (12, 6);
insert into organizar_menu (id_Taqueria, id_Categoria) values (12, 7);
insert into organizar_menu (id_Taqueria, id_Categoria) values (12, 8);
insert into organizar_menu (id_Taqueria, id_Categoria) values (13, 1);
insert into organizar_menu (id_Taqueria, id_Categoria) values (13, 2);
insert into organizar_menu (id_Taqueria, id_Categoria) values (13, 3);
insert into organizar_menu (id_Taqueria, id_Categoria) values (13, 4);
insert into organizar_menu (id_Taqueria, id_Categoria) values (13, 5);
insert into organizar_menu (id_Taqueria, id_Categoria) values (13, 6);
insert into organizar_menu (id_Taqueria, id_Categoria) values (13, 7);
insert into organizar_menu (id_Taqueria, id_Categoria) values (13, 8);
insert into organizar_menu (id_Taqueria, id_Categoria) values (14, 1);
insert into organizar_menu (id_Taqueria, id_Categoria) values (14, 2);
insert into organizar_menu (id_Taqueria, id_Categoria) values (14, 3);
insert into organizar_menu (id_Taqueria, id_Categoria) values (14, 4);
insert into organizar_menu (id_Taqueria, id_Categoria) values (14, 5);
insert into organizar_menu (id_Taqueria, id_Categoria) values (14, 6);
insert into organizar_menu (id_Taqueria, id_Categoria) values (14, 7);
insert into organizar_menu (id_Taqueria, id_Categoria) values (14, 8);
insert into organizar_menu (id_Taqueria, id_Categoria) values (15, 1);
insert into organizar_menu (id_Taqueria, id_Categoria) values (15, 2);
insert into organizar_menu (id_Taqueria, id_Categoria) values (15, 3);
insert into organizar_menu (id_Taqueria, id_Categoria) values (15, 4);
insert into organizar_menu (id_Taqueria, id_Categoria) values (15, 5);
insert into organizar_menu (id_Taqueria, id_Categoria) values (15, 6);
insert into organizar_menu (id_Taqueria, id_Categoria) values (15, 7);
insert into organizar_menu (id_Taqueria, id_Categoria) values (15, 8);
insert into organizar_menu (id_Taqueria, id_Categoria) values (16, 1);
insert into organizar_menu (id_Taqueria, id_Categoria) values (16, 2);
insert into organizar_menu (id_Taqueria, id_Categoria) values (16, 3);
insert into organizar_menu (id_Taqueria, id_Categoria) values (16, 4);
insert into organizar_menu (id_Taqueria, id_Categoria) values (16, 5);
insert into organizar_menu (id_Taqueria, id_Categoria) values (16, 6);
insert into organizar_menu (id_Taqueria, id_Categoria) values (16, 7);
insert into organizar_menu (id_Taqueria, id_Categoria) values (16, 8);
insert into organizar_menu (id_Taqueria, id_Categoria) values (17, 1);
insert into organizar_menu (id_Taqueria, id_Categoria) values (17, 2);
insert into organizar_menu (id_Taqueria, id_Categoria) values (17, 3);
insert into organizar_menu (id_Taqueria, id_Categoria) values (17, 4);
insert into organizar_menu (id_Taqueria, id_Categoria) values (17, 5);
insert into organizar_menu (id_Taqueria, id_Categoria) values (17, 6);
insert into organizar_menu (id_Taqueria, id_Categoria) values (17, 7);
insert into organizar_menu (id_Taqueria, id_Categoria) values (17, 8);
insert into organizar_menu (id_Taqueria, id_Categoria) values (18, 1);
insert into organizar_menu (id_Taqueria, id_Categoria) values (18, 2);
insert into organizar_menu (id_Taqueria, id_Categoria) values (18, 3);
insert into organizar_menu (id_Taqueria, id_Categoria) values (18, 4);
insert into organizar_menu (id_Taqueria, id_Categoria) values (18, 5);
insert into organizar_menu (id_Taqueria, id_Categoria) values (18, 6);
insert into organizar_menu (id_Taqueria, id_Categoria) values (18, 7);
insert into organizar_menu (id_Taqueria, id_Categoria) values (18, 8);
insert into organizar_menu (id_Taqueria, id_Categoria) values (19, 1);
insert into organizar_menu (id_Taqueria, id_Categoria) values (19, 2);
insert into organizar_menu (id_Taqueria, id_Categoria) values (19, 3);
insert into organizar_menu (id_Taqueria, id_Categoria) values (19, 4);
insert into organizar_menu (id_Taqueria, id_Categoria) values (19, 5);
insert into organizar_menu (id_Taqueria, id_Categoria) values (19, 6);
insert into organizar_menu (id_Taqueria, id_Categoria) values (19, 7);
insert into organizar_menu (id_Taqueria, id_Categoria) values (19, 8);
insert into organizar_menu (id_Taqueria, id_Categoria) values (20, 1);
insert into organizar_menu (id_Taqueria, id_Categoria) values (20, 2);
insert into organizar_menu (id_Taqueria, id_Categoria) values (20, 3);
insert into organizar_menu (id_Taqueria, id_Categoria) values (20, 4);
insert into organizar_menu (id_Taqueria, id_Categoria) values (20, 5);
insert into organizar_menu (id_Taqueria, id_Categoria) values (20, 6);
insert into organizar_menu (id_Taqueria, id_Categoria) values (20, 7);
insert into organizar_menu (id_Taqueria, id_Categoria) values (20, 8);
insert into organizar_menu (id_Taqueria, id_Categoria) values (21, 1);
insert into organizar_menu (id_Taqueria, id_Categoria) values (21, 2);
insert into organizar_menu (id_Taqueria, id_Categoria) values (21, 3);
insert into organizar_menu (id_Taqueria, id_Categoria) values (21, 4);
insert into organizar_menu (id_Taqueria, id_Categoria) values (21, 5);
insert into organizar_menu (id_Taqueria, id_Categoria) values (21, 6);
insert into organizar_menu (id_Taqueria, id_Categoria) values (21, 7);
insert into organizar_menu (id_Taqueria, id_Categoria) values (21, 8);
insert into organizar_menu (id_Taqueria, id_Categoria) values (22, 1);
insert into organizar_menu (id_Taqueria, id_Categoria) values (22, 2);
insert into organizar_menu (id_Taqueria, id_Categoria) values (22, 3);
insert into organizar_menu (id_Taqueria, id_Categoria) values (22, 4);
insert into organizar_menu (id_Taqueria, id_Categoria) values (22, 5);
insert into organizar_menu (id_Taqueria, id_Categoria) values (22, 6);
insert into organizar_menu (id_Taqueria, id_Categoria) values (22, 7);
insert into organizar_menu (id_Taqueria, id_Categoria) values (22, 8);
insert into organizar_menu (id_Taqueria, id_Categoria) values (23, 1);
insert into organizar_menu (id_Taqueria, id_Categoria) values (23, 2);
insert into organizar_menu (id_Taqueria, id_Categoria) values (23, 3);
insert into organizar_menu (id_Taqueria, id_Categoria) values (23, 4);
insert into organizar_menu (id_Taqueria, id_Categoria) values (23, 5);
insert into organizar_menu (id_Taqueria, id_Categoria) values (23, 6);
insert into organizar_menu (id_Taqueria, id_Categoria) values (23, 7);
insert into organizar_menu (id_Taqueria, id_Categoria) values (23, 8);
insert into organizar_menu (id_Taqueria, id_Categoria) values (24, 1);
insert into organizar_menu (id_Taqueria, id_Categoria) values (24, 2);
insert into organizar_menu (id_Taqueria, id_Categoria) values (24, 3);
insert into organizar_menu (id_Taqueria, id_Categoria) values (24, 4);
insert into organizar_menu (id_Taqueria, id_Categoria) values (24, 5);
insert into organizar_menu (id_Taqueria, id_Categoria) values (24, 6);
insert into organizar_menu (id_Taqueria, id_Categoria) values (24, 7);
insert into organizar_menu (id_Taqueria, id_Categoria) values (24, 8);
insert into organizar_menu (id_Taqueria, id_Categoria) values (25, 1);
insert into organizar_menu (id_Taqueria, id_Categoria) values (25, 2);
insert into organizar_menu (id_Taqueria, id_Categoria) values (25, 3);
insert into organizar_menu (id_Taqueria, id_Categoria) values (25, 4);
insert into organizar_menu (id_Taqueria, id_Categoria) values (25, 5);
insert into organizar_menu (id_Taqueria, id_Categoria) values (25, 6);
insert into organizar_menu (id_Taqueria, id_Categoria) values (25, 7);
insert into organizar_menu (id_Taqueria, id_Categoria) values (25, 8);
insert into organizar_menu (id_Taqueria, id_Categoria) values (26, 1);
insert into organizar_menu (id_Taqueria, id_Categoria) values (26, 2);
insert into organizar_menu (id_Taqueria, id_Categoria) values (26, 3);
insert into organizar_menu (id_Taqueria, id_Categoria) values (26, 4);
insert into organizar_menu (id_Taqueria, id_Categoria) values (26, 5);
insert into organizar_menu (id_Taqueria, id_Categoria) values (26, 6);
insert into organizar_menu (id_Taqueria, id_Categoria) values (26, 7);
insert into organizar_menu (id_Taqueria, id_Categoria) values (26, 8);
insert into organizar_menu (id_Taqueria, id_Categoria) values (27, 1);
insert into organizar_menu (id_Taqueria, id_Categoria) values (27, 2);
insert into organizar_menu (id_Taqueria, id_Categoria) values (27, 3);
insert into organizar_menu (id_Taqueria, id_Categoria) values (27, 4);
insert into organizar_menu (id_Taqueria, id_Categoria) values (27, 5);
insert into organizar_menu (id_Taqueria, id_Categoria) values (27, 6);
insert into organizar_menu (id_Taqueria, id_Categoria) values (27, 7);
insert into organizar_menu (id_Taqueria, id_Categoria) values (27, 8);
insert into organizar_menu (id_Taqueria, id_Categoria) values (28, 1);
insert into organizar_menu (id_Taqueria, id_Categoria) values (28, 2);
insert into organizar_menu (id_Taqueria, id_Categoria) values (28, 3);
insert into organizar_menu (id_Taqueria, id_Categoria) values (28, 4);
insert into organizar_menu (id_Taqueria, id_Categoria) values (28, 5);
insert into organizar_menu (id_Taqueria, id_Categoria) values (28, 6);
insert into organizar_menu (id_Taqueria, id_Categoria) values (28, 7);
insert into organizar_menu (id_Taqueria, id_Categoria) values (28, 8);
insert into organizar_menu (id_Taqueria, id_Categoria) values (29, 1);
insert into organizar_menu (id_Taqueria, id_Categoria) values (29, 2);
insert into organizar_menu (id_Taqueria, id_Categoria) values (29, 3);
insert into organizar_menu (id_Taqueria, id_Categoria) values (29, 4);
insert into organizar_menu (id_Taqueria, id_Categoria) values (29, 5);
insert into organizar_menu (id_Taqueria, id_Categoria) values (29, 6);
insert into organizar_menu (id_Taqueria, id_Categoria) values (29, 7);
insert into organizar_menu (id_Taqueria, id_Categoria) values (29, 8);
insert into organizar_menu (id_Taqueria, id_Categoria) values (30, 1);
insert into organizar_menu (id_Taqueria, id_Categoria) values (30, 2);
insert into organizar_menu (id_Taqueria, id_Categoria) values (30, 3);
insert into organizar_menu (id_Taqueria, id_Categoria) values (30, 4);
insert into organizar_menu (id_Taqueria, id_Categoria) values (30, 5);
insert into organizar_menu (id_Taqueria, id_Categoria) values (30, 6);
insert into organizar_menu (id_Taqueria, id_Categoria) values (30, 7);
insert into organizar_menu (id_Taqueria, id_Categoria) values (30, 8);
insert into organizar_menu (id_Taqueria, id_Categoria) values (31, 1);
insert into organizar_menu (id_Taqueria, id_Categoria) values (31, 2);
insert into organizar_menu (id_Taqueria, id_Categoria) values (31, 3);
insert into organizar_menu (id_Taqueria, id_Categoria) values (31, 4);
insert into organizar_menu (id_Taqueria, id_Categoria) values (31, 5);
insert into organizar_menu (id_Taqueria, id_Categoria) values (31, 6);
insert into organizar_menu (id_Taqueria, id_Categoria) values (31, 7);
insert into organizar_menu (id_Taqueria, id_Categoria) values (31, 8);
insert into organizar_menu (id_Taqueria, id_Categoria) values (32, 1);
insert into organizar_menu (id_Taqueria, id_Categoria) values (32, 2);
insert into organizar_menu (id_Taqueria, id_Categoria) values (32, 3);
insert into organizar_menu (id_Taqueria, id_Categoria) values (32, 4);
insert into organizar_menu (id_Taqueria, id_Categoria) values (32, 5);
insert into organizar_menu (id_Taqueria, id_Categoria) values (32, 6);
insert into organizar_menu (id_Taqueria, id_Categoria) values (32, 7);
insert into organizar_menu (id_Taqueria, id_Categoria) values (32, 8);
insert into organizar_menu (id_Taqueria, id_Categoria) values (33, 1);
insert into organizar_menu (id_Taqueria, id_Categoria) values (33, 2);
insert into organizar_menu (id_Taqueria, id_Categoria) values (33, 3);
insert into organizar_menu (id_Taqueria, id_Categoria) values (33, 4);
insert into organizar_menu (id_Taqueria, id_Categoria) values (33, 5);
insert into organizar_menu (id_Taqueria, id_Categoria) values (33, 6);
insert into organizar_menu (id_Taqueria, id_Categoria) values (33, 7);
insert into organizar_menu (id_Taqueria, id_Categoria) values (33, 8);
insert into organizar_menu (id_Taqueria, id_Categoria) values (34, 1);
insert into organizar_menu (id_Taqueria, id_Categoria) values (34, 2);
insert into organizar_menu (id_Taqueria, id_Categoria) values (34, 3);
insert into organizar_menu (id_Taqueria, id_Categoria) values (34, 4);
insert into organizar_menu (id_Taqueria, id_Categoria) values (34, 5);
insert into organizar_menu (id_Taqueria, id_Categoria) values (34, 6);
insert into organizar_menu (id_Taqueria, id_Categoria) values (34, 7);
insert into organizar_menu (id_Taqueria, id_Categoria) values (34, 8);
insert into organizar_menu (id_Taqueria, id_Categoria) values (35, 1);
insert into organizar_menu (id_Taqueria, id_Categoria) values (35, 2);
insert into organizar_menu (id_Taqueria, id_Categoria) values (35, 3);
insert into organizar_menu (id_Taqueria, id_Categoria) values (35, 4);
insert into organizar_menu (id_Taqueria, id_Categoria) values (35, 5);
insert into organizar_menu (id_Taqueria, id_Categoria) values (35, 6);
insert into organizar_menu (id_Taqueria, id_Categoria) values (35, 7);
insert into organizar_menu (id_Taqueria, id_Categoria) values (35, 8);
insert into organizar_menu (id_Taqueria, id_Categoria) values (36, 1);
insert into organizar_menu (id_Taqueria, id_Categoria) values (36, 2);
insert into organizar_menu (id_Taqueria, id_Categoria) values (36, 3);
insert into organizar_menu (id_Taqueria, id_Categoria) values (36, 4);
insert into organizar_menu (id_Taqueria, id_Categoria) values (36, 5);
insert into organizar_menu (id_Taqueria, id_Categoria) values (36, 6);
insert into organizar_menu (id_Taqueria, id_Categoria) values (36, 7);
insert into organizar_menu (id_Taqueria, id_Categoria) values (36, 8);
insert into organizar_menu (id_Taqueria, id_Categoria) values (37, 1);
insert into organizar_menu (id_Taqueria, id_Categoria) values (37, 2);
insert into organizar_menu (id_Taqueria, id_Categoria) values (37, 3);
insert into organizar_menu (id_Taqueria, id_Categoria) values (37, 4);
insert into organizar_menu (id_Taqueria, id_Categoria) values (37, 5);
insert into organizar_menu (id_Taqueria, id_Categoria) values (37, 6);
insert into organizar_menu (id_Taqueria, id_Categoria) values (37, 7);
insert into organizar_menu (id_Taqueria, id_Categoria) values (37, 8);
insert into organizar_menu (id_Taqueria, id_Categoria) values (38, 1);
insert into organizar_menu (id_Taqueria, id_Categoria) values (38, 2);
insert into organizar_menu (id_Taqueria, id_Categoria) values (38, 3);
insert into organizar_menu (id_Taqueria, id_Categoria) values (38, 4);
insert into organizar_menu (id_Taqueria, id_Categoria) values (38, 5);
insert into organizar_menu (id_Taqueria, id_Categoria) values (38, 6);
insert into organizar_menu (id_Taqueria, id_Categoria) values (38, 7);
insert into organizar_menu (id_Taqueria, id_Categoria) values (38, 8);
insert into organizar_menu (id_Taqueria, id_Categoria) values (39, 1);
insert into organizar_menu (id_Taqueria, id_Categoria) values (39, 2);
insert into organizar_menu (id_Taqueria, id_Categoria) values (39, 3);
insert into organizar_menu (id_Taqueria, id_Categoria) values (39, 4);
insert into organizar_menu (id_Taqueria, id_Categoria) values (39, 5);
insert into organizar_menu (id_Taqueria, id_Categoria) values (39, 6);
insert into organizar_menu (id_Taqueria, id_Categoria) values (39, 7);
insert into organizar_menu (id_Taqueria, id_Categoria) values (39, 8);
insert into organizar_menu (id_Taqueria, id_Categoria) values (40, 1);
insert into organizar_menu (id_Taqueria, id_Categoria) values (40, 2);
insert into organizar_menu (id_Taqueria, id_Categoria) values (40, 3);
insert into organizar_menu (id_Taqueria, id_Categoria) values (40, 4);
insert into organizar_menu (id_Taqueria, id_Categoria) values (40, 5);
insert into organizar_menu (id_Taqueria, id_Categoria) values (40, 6);
insert into organizar_menu (id_Taqueria, id_Categoria) values (40, 7);
insert into organizar_menu (id_Taqueria, id_Categoria) values (40, 8);
insert into organizar_menu (id_Taqueria, id_Categoria) values (41, 1);
insert into organizar_menu (id_Taqueria, id_Categoria) values (41, 2);
insert into organizar_menu (id_Taqueria, id_Categoria) values (41, 3);
insert into organizar_menu (id_Taqueria, id_Categoria) values (41, 4);
insert into organizar_menu (id_Taqueria, id_Categoria) values (41, 5);
insert into organizar_menu (id_Taqueria, id_Categoria) values (41, 6);
insert into organizar_menu (id_Taqueria, id_Categoria) values (41, 7);
insert into organizar_menu (id_Taqueria, id_Categoria) values (41, 8);
insert into organizar_menu (id_Taqueria, id_Categoria) values (42, 1);
insert into organizar_menu (id_Taqueria, id_Categoria) values (42, 2);
insert into organizar_menu (id_Taqueria, id_Categoria) values (42, 3);
insert into organizar_menu (id_Taqueria, id_Categoria) values (42, 4);
insert into organizar_menu (id_Taqueria, id_Categoria) values (42, 5);
insert into organizar_menu (id_Taqueria, id_Categoria) values (42, 6);
insert into organizar_menu (id_Taqueria, id_Categoria) values (42, 7);
insert into organizar_menu (id_Taqueria, id_Categoria) values (42, 8);
insert into organizar_menu (id_Taqueria, id_Categoria) values (43, 1);
insert into organizar_menu (id_Taqueria, id_Categoria) values (43, 2);
insert into organizar_menu (id_Taqueria, id_Categoria) values (43, 3);
insert into organizar_menu (id_Taqueria, id_Categoria) values (43, 4);
insert into organizar_menu (id_Taqueria, id_Categoria) values (43, 5);
insert into organizar_menu (id_Taqueria, id_Categoria) values (43, 6);
insert into organizar_menu (id_Taqueria, id_Categoria) values (43, 7);
insert into organizar_menu (id_Taqueria, id_Categoria) values (43, 8);
insert into organizar_menu (id_Taqueria, id_Categoria) values (44, 1);
insert into organizar_menu (id_Taqueria, id_Categoria) values (44, 2);
insert into organizar_menu (id_Taqueria, id_Categoria) values (44, 3);
insert into organizar_menu (id_Taqueria, id_Categoria) values (44, 4);
insert into organizar_menu (id_Taqueria, id_Categoria) values (44, 5);
insert into organizar_menu (id_Taqueria, id_Categoria) values (44, 6);
insert into organizar_menu (id_Taqueria, id_Categoria) values (44, 7);
insert into organizar_menu (id_Taqueria, id_Categoria) values (44, 8);
insert into organizar_menu (id_Taqueria, id_Categoria) values (45, 1);
insert into organizar_menu (id_Taqueria, id_Categoria) values (45, 2);
insert into organizar_menu (id_Taqueria, id_Categoria) values (45, 3);
insert into organizar_menu (id_Taqueria, id_Categoria) values (45, 4);
insert into organizar_menu (id_Taqueria, id_Categoria) values (45, 5);
insert into organizar_menu (id_Taqueria, id_Categoria) values (45, 6);
insert into organizar_menu (id_Taqueria, id_Categoria) values (45, 7);
insert into organizar_menu (id_Taqueria, id_Categoria) values (45, 8);
insert into organizar_menu (id_Taqueria, id_Categoria) values (46, 1);
insert into organizar_menu (id_Taqueria, id_Categoria) values (46, 2);
insert into organizar_menu (id_Taqueria, id_Categoria) values (46, 3);
insert into organizar_menu (id_Taqueria, id_Categoria) values (46, 4);
insert into organizar_menu (id_Taqueria, id_Categoria) values (46, 5);
insert into organizar_menu (id_Taqueria, id_Categoria) values (46, 6);
insert into organizar_menu (id_Taqueria, id_Categoria) values (46, 7);
insert into organizar_menu (id_Taqueria, id_Categoria) values (46, 8);
insert into organizar_menu (id_Taqueria, id_Categoria) values (47, 1);
insert into organizar_menu (id_Taqueria, id_Categoria) values (47, 2);
insert into organizar_menu (id_Taqueria, id_Categoria) values (47, 3);
insert into organizar_menu (id_Taqueria, id_Categoria) values (47, 4);
insert into organizar_menu (id_Taqueria, id_Categoria) values (47, 5);
insert into organizar_menu (id_Taqueria, id_Categoria) values (47, 6);
insert into organizar_menu (id_Taqueria, id_Categoria) values (47, 7);
insert into organizar_menu (id_Taqueria, id_Categoria) values (47, 8);
insert into organizar_menu (id_Taqueria, id_Categoria) values (48, 1);
insert into organizar_menu (id_Taqueria, id_Categoria) values (48, 2);
insert into organizar_menu (id_Taqueria, id_Categoria) values (48, 3);
insert into organizar_menu (id_Taqueria, id_Categoria) values (48, 4);
insert into organizar_menu (id_Taqueria, id_Categoria) values (48, 5);
insert into organizar_menu (id_Taqueria, id_Categoria) values (48, 6);
insert into organizar_menu (id_Taqueria, id_Categoria) values (48, 7);
insert into organizar_menu (id_Taqueria, id_Categoria) values (48, 8);
insert into organizar_menu (id_Taqueria, id_Categoria) values (49, 1);
insert into organizar_menu (id_Taqueria, id_Categoria) values (49, 2);
insert into organizar_menu (id_Taqueria, id_Categoria) values (49, 3);
insert into organizar_menu (id_Taqueria, id_Categoria) values (49, 4);
insert into organizar_menu (id_Taqueria, id_Categoria) values (49, 5);
insert into organizar_menu (id_Taqueria, id_Categoria) values (49, 6);
insert into organizar_menu (id_Taqueria, id_Categoria) values (49, 7);
insert into organizar_menu (id_Taqueria, id_Categoria) values (49, 8);
insert into organizar_menu (id_Taqueria, id_Categoria) values (50, 1);
insert into organizar_menu (id_Taqueria, id_Categoria) values (50, 2);
insert into organizar_menu (id_Taqueria, id_Categoria) values (50, 3);
insert into organizar_menu (id_Taqueria, id_Categoria) values (50, 4);
insert into organizar_menu (id_Taqueria, id_Categoria) values (50, 5);
insert into organizar_menu (id_Taqueria, id_Categoria) values (50, 6);
insert into organizar_menu (id_Taqueria, id_Categoria) values (50, 7);
insert into organizar_menu (id_Taqueria, id_Categoria) values (50, 8);
insert into organizar_menu (id_Taqueria, id_Categoria) values (51, 1);
insert into organizar_menu (id_Taqueria, id_Categoria) values (51, 2);
insert into organizar_menu (id_Taqueria, id_Categoria) values (51, 3);
insert into organizar_menu (id_Taqueria, id_Categoria) values (51, 4);
insert into organizar_menu (id_Taqueria, id_Categoria) values (51, 5);
insert into organizar_menu (id_Taqueria, id_Categoria) values (51, 6);
insert into organizar_menu (id_Taqueria, id_Categoria) values (51, 7);
insert into organizar_menu (id_Taqueria, id_Categoria) values (51, 8);
insert into organizar_menu (id_Taqueria, id_Categoria) values (52, 1);
insert into organizar_menu (id_Taqueria, id_Categoria) values (52, 2);
insert into organizar_menu (id_Taqueria, id_Categoria) values (52, 3);
insert into organizar_menu (id_Taqueria, id_Categoria) values (52, 4);
insert into organizar_menu (id_Taqueria, id_Categoria) values (52, 5);
insert into organizar_menu (id_Taqueria, id_Categoria) values (52, 6);
insert into organizar_menu (id_Taqueria, id_Categoria) values (52, 7);
insert into organizar_menu (id_Taqueria, id_Categoria) values (52, 8);
insert into organizar_menu (id_Taqueria, id_Categoria) values (53, 1);
insert into organizar_menu (id_Taqueria, id_Categoria) values (53, 2);
insert into organizar_menu (id_Taqueria, id_Categoria) values (53, 3);
insert into organizar_menu (id_Taqueria, id_Categoria) values (53, 4);
insert into organizar_menu (id_Taqueria, id_Categoria) values (53, 5);
insert into organizar_menu (id_Taqueria, id_Categoria) values (53, 6);
insert into organizar_menu (id_Taqueria, id_Categoria) values (53, 7);
insert into organizar_menu (id_Taqueria, id_Categoria) values (53, 8);
insert into organizar_menu (id_Taqueria, id_Categoria) values (54, 1);
insert into organizar_menu (id_Taqueria, id_Categoria) values (54, 2);
insert into organizar_menu (id_Taqueria, id_Categoria) values (54, 3);
insert into organizar_menu (id_Taqueria, id_Categoria) values (54, 4);
insert into organizar_menu (id_Taqueria, id_Categoria) values (54, 5);
insert into organizar_menu (id_Taqueria, id_Categoria) values (54, 6);
insert into organizar_menu (id_Taqueria, id_Categoria) values (54, 7);
insert into organizar_menu (id_Taqueria, id_Categoria) values (54, 8);
insert into organizar_menu (id_Taqueria, id_Categoria) values (55, 1);
insert into organizar_menu (id_Taqueria, id_Categoria) values (55, 2);
insert into organizar_menu (id_Taqueria, id_Categoria) values (55, 3);
insert into organizar_menu (id_Taqueria, id_Categoria) values (55, 4);
insert into organizar_menu (id_Taqueria, id_Categoria) values (55, 5);
insert into organizar_menu (id_Taqueria, id_Categoria) values (55, 6);
insert into organizar_menu (id_Taqueria, id_Categoria) values (55, 7);
insert into organizar_menu (id_Taqueria, id_Categoria) values (55, 8);
insert into organizar_menu (id_Taqueria, id_Categoria) values (56, 1);
insert into organizar_menu (id_Taqueria, id_Categoria) values (56, 2);
insert into organizar_menu (id_Taqueria, id_Categoria) values (56, 3);
insert into organizar_menu (id_Taqueria, id_Categoria) values (56, 4);
insert into organizar_menu (id_Taqueria, id_Categoria) values (56, 5);
insert into organizar_menu (id_Taqueria, id_Categoria) values (56, 6);
insert into organizar_menu (id_Taqueria, id_Categoria) values (56, 7);
insert into organizar_menu (id_Taqueria, id_Categoria) values (56, 8);
insert into organizar_menu (id_Taqueria, id_Categoria) values (57, 1);
insert into organizar_menu (id_Taqueria, id_Categoria) values (57, 2);
insert into organizar_menu (id_Taqueria, id_Categoria) values (57, 3);
insert into organizar_menu (id_Taqueria, id_Categoria) values (57, 4);
insert into organizar_menu (id_Taqueria, id_Categoria) values (57, 5);
insert into organizar_menu (id_Taqueria, id_Categoria) values (57, 6);
insert into organizar_menu (id_Taqueria, id_Categoria) values (57, 7);
insert into organizar_menu (id_Taqueria, id_Categoria) values (57, 8);
insert into organizar_menu (id_Taqueria, id_Categoria) values (58, 1);
insert into organizar_menu (id_Taqueria, id_Categoria) values (58, 2);
insert into organizar_menu (id_Taqueria, id_Categoria) values (58, 3);
insert into organizar_menu (id_Taqueria, id_Categoria) values (58, 4);
insert into organizar_menu (id_Taqueria, id_Categoria) values (58, 5);
insert into organizar_menu (id_Taqueria, id_Categoria) values (58, 6);
insert into organizar_menu (id_Taqueria, id_Categoria) values (58, 7);
insert into organizar_menu (id_Taqueria, id_Categoria) values (58, 8);
insert into organizar_menu (id_Taqueria, id_Categoria) values (59, 1);
insert into organizar_menu (id_Taqueria, id_Categoria) values (59, 2);
insert into organizar_menu (id_Taqueria, id_Categoria) values (59, 3);
insert into organizar_menu (id_Taqueria, id_Categoria) values (59, 4);
insert into organizar_menu (id_Taqueria, id_Categoria) values (59, 5);
insert into organizar_menu (id_Taqueria, id_Categoria) values (59, 6);
insert into organizar_menu (id_Taqueria, id_Categoria) values (59, 7);
insert into organizar_menu (id_Taqueria, id_Categoria) values (59, 8);
insert into organizar_menu (id_Taqueria, id_Categoria) values (60, 1);
insert into organizar_menu (id_Taqueria, id_Categoria) values (60, 2);
insert into organizar_menu (id_Taqueria, id_Categoria) values (60, 3);
insert into organizar_menu (id_Taqueria, id_Categoria) values (60, 4);
insert into organizar_menu (id_Taqueria, id_Categoria) values (60, 5);
insert into organizar_menu (id_Taqueria, id_Categoria) values (60, 6);
insert into organizar_menu (id_Taqueria, id_Categoria) values (60, 7);
insert into organizar_menu (id_Taqueria, id_Categoria) values (60, 8);
insert into organizar_menu (id_Taqueria, id_Categoria) values (61, 1);
insert into organizar_menu (id_Taqueria, id_Categoria) values (61, 2);
insert into organizar_menu (id_Taqueria, id_Categoria) values (61, 3);
insert into organizar_menu (id_Taqueria, id_Categoria) values (61, 4);
insert into organizar_menu (id_Taqueria, id_Categoria) values (61, 5);
insert into organizar_menu (id_Taqueria, id_Categoria) values (61, 6);
insert into organizar_menu (id_Taqueria, id_Categoria) values (61, 7);
insert into organizar_menu (id_Taqueria, id_Categoria) values (61, 8);
insert into organizar_menu (id_Taqueria, id_Categoria) values (62, 1);
insert into organizar_menu (id_Taqueria, id_Categoria) values (62, 2);
insert into organizar_menu (id_Taqueria, id_Categoria) values (62, 3);
insert into organizar_menu (id_Taqueria, id_Categoria) values (62, 4);
insert into organizar_menu (id_Taqueria, id_Categoria) values (62, 5);
insert into organizar_menu (id_Taqueria, id_Categoria) values (62, 6);
insert into organizar_menu (id_Taqueria, id_Categoria) values (62, 7);
insert into organizar_menu (id_Taqueria, id_Categoria) values (62, 8);
insert into organizar_menu (id_Taqueria, id_Categoria) values (63, 1);
insert into organizar_menu (id_Taqueria, id_Categoria) values (63, 2);
insert into organizar_menu (id_Taqueria, id_Categoria) values (63, 3);
insert into organizar_menu (id_Taqueria, id_Categoria) values (63, 4);
insert into organizar_menu (id_Taqueria, id_Categoria) values (63, 5);
insert into organizar_menu (id_Taqueria, id_Categoria) values (63, 6);
insert into organizar_menu (id_Taqueria, id_Categoria) values (63, 7);
insert into organizar_menu (id_Taqueria, id_Categoria) values (63, 8);
insert into organizar_menu (id_Taqueria, id_Categoria) values (64, 1);
insert into organizar_menu (id_Taqueria, id_Categoria) values (64, 2);
insert into organizar_menu (id_Taqueria, id_Categoria) values (64, 3);
insert into organizar_menu (id_Taqueria, id_Categoria) values (64, 4);
insert into organizar_menu (id_Taqueria, id_Categoria) values (64, 5);
insert into organizar_menu (id_Taqueria, id_Categoria) values (64, 6);
insert into organizar_menu (id_Taqueria, id_Categoria) values (64, 7);
insert into organizar_menu (id_Taqueria, id_Categoria) values (64, 8);
insert into organizar_menu (id_Taqueria, id_Categoria) values (65, 1);
insert into organizar_menu (id_Taqueria, id_Categoria) values (65, 2);
insert into organizar_menu (id_Taqueria, id_Categoria) values (65, 3);
insert into organizar_menu (id_Taqueria, id_Categoria) values (65, 4);
insert into organizar_menu (id_Taqueria, id_Categoria) values (65, 5);
insert into organizar_menu (id_Taqueria, id_Categoria) values (65, 6);
insert into organizar_menu (id_Taqueria, id_Categoria) values (65, 7);
insert into organizar_menu (id_Taqueria, id_Categoria) values (65, 8);
insert into organizar_menu (id_Taqueria, id_Categoria) values (66, 1);
insert into organizar_menu (id_Taqueria, id_Categoria) values (66, 2);
insert into organizar_menu (id_Taqueria, id_Categoria) values (66, 3);
insert into organizar_menu (id_Taqueria, id_Categoria) values (66, 4);
insert into organizar_menu (id_Taqueria, id_Categoria) values (66, 5);
insert into organizar_menu (id_Taqueria, id_Categoria) values (66, 6);
insert into organizar_menu (id_Taqueria, id_Categoria) values (66, 7);
insert into organizar_menu (id_Taqueria, id_Categoria) values (66, 8);
insert into organizar_menu (id_Taqueria, id_Categoria) values (67, 1);
insert into organizar_menu (id_Taqueria, id_Categoria) values (67, 2);
insert into organizar_menu (id_Taqueria, id_Categoria) values (67, 3);
insert into organizar_menu (id_Taqueria, id_Categoria) values (67, 4);
insert into organizar_menu (id_Taqueria, id_Categoria) values (67, 5);
insert into organizar_menu (id_Taqueria, id_Categoria) values (67, 6);
insert into organizar_menu (id_Taqueria, id_Categoria) values (67, 7);
insert into organizar_menu (id_Taqueria, id_Categoria) values (67, 8);
insert into organizar_menu (id_Taqueria, id_Categoria) values (68, 1);
insert into organizar_menu (id_Taqueria, id_Categoria) values (68, 2);
insert into organizar_menu (id_Taqueria, id_Categoria) values (68, 3);
insert into organizar_menu (id_Taqueria, id_Categoria) values (68, 4);
insert into organizar_menu (id_Taqueria, id_Categoria) values (68, 5);
insert into organizar_menu (id_Taqueria, id_Categoria) values (68, 6);
insert into organizar_menu (id_Taqueria, id_Categoria) values (68, 7);
insert into organizar_menu (id_Taqueria, id_Categoria) values (68, 8);
insert into organizar_menu (id_Taqueria, id_Categoria) values (69, 1);
insert into organizar_menu (id_Taqueria, id_Categoria) values (69, 2);
insert into organizar_menu (id_Taqueria, id_Categoria) values (69, 3);
insert into organizar_menu (id_Taqueria, id_Categoria) values (69, 4);
insert into organizar_menu (id_Taqueria, id_Categoria) values (69, 5);
insert into organizar_menu (id_Taqueria, id_Categoria) values (69, 6);
insert into organizar_menu (id_Taqueria, id_Categoria) values (69, 7);
insert into organizar_menu (id_Taqueria, id_Categoria) values (69, 8);
insert into organizar_menu (id_Taqueria, id_Categoria) values (70, 1);
insert into organizar_menu (id_Taqueria, id_Categoria) values (70, 2);
insert into organizar_menu (id_Taqueria, id_Categoria) values (70, 3);
insert into organizar_menu (id_Taqueria, id_Categoria) values (70, 4);
insert into organizar_menu (id_Taqueria, id_Categoria) values (70, 5);
insert into organizar_menu (id_Taqueria, id_Categoria) values (70, 6);
insert into organizar_menu (id_Taqueria, id_Categoria) values (70, 7);
insert into organizar_menu (id_Taqueria, id_Categoria) values (70, 8);
insert into organizar_menu (id_Taqueria, id_Categoria) values (71, 1);
insert into organizar_menu (id_Taqueria, id_Categoria) values (71, 2);
insert into organizar_menu (id_Taqueria, id_Categoria) values (71, 3);
insert into organizar_menu (id_Taqueria, id_Categoria) values (71, 4);
insert into organizar_menu (id_Taqueria, id_Categoria) values (71, 5);
insert into organizar_menu (id_Taqueria, id_Categoria) values (71, 6);
insert into organizar_menu (id_Taqueria, id_Categoria) values (71, 7);
insert into organizar_menu (id_Taqueria, id_Categoria) values (71, 8);
insert into organizar_menu (id_Taqueria, id_Categoria) values (72, 1);
insert into organizar_menu (id_Taqueria, id_Categoria) values (72, 2);
insert into organizar_menu (id_Taqueria, id_Categoria) values (72, 3);
insert into organizar_menu (id_Taqueria, id_Categoria) values (72, 4);
insert into organizar_menu (id_Taqueria, id_Categoria) values (72, 5);
insert into organizar_menu (id_Taqueria, id_Categoria) values (72, 6);
insert into organizar_menu (id_Taqueria, id_Categoria) values (72, 7);
insert into organizar_menu (id_Taqueria, id_Categoria) values (72, 8);
insert into organizar_menu (id_Taqueria, id_Categoria) values (73, 1);
insert into organizar_menu (id_Taqueria, id_Categoria) values (73, 2);
insert into organizar_menu (id_Taqueria, id_Categoria) values (73, 3);
insert into organizar_menu (id_Taqueria, id_Categoria) values (73, 4);
insert into organizar_menu (id_Taqueria, id_Categoria) values (73, 5);
insert into organizar_menu (id_Taqueria, id_Categoria) values (73, 6);
insert into organizar_menu (id_Taqueria, id_Categoria) values (73, 7);
insert into organizar_menu (id_Taqueria, id_Categoria) values (73, 8);
insert into organizar_menu (id_Taqueria, id_Categoria) values (74, 1);
insert into organizar_menu (id_Taqueria, id_Categoria) values (74, 2);
insert into organizar_menu (id_Taqueria, id_Categoria) values (74, 3);
insert into organizar_menu (id_Taqueria, id_Categoria) values (74, 4);
insert into organizar_menu (id_Taqueria, id_Categoria) values (74, 5);
insert into organizar_menu (id_Taqueria, id_Categoria) values (74, 6);
insert into organizar_menu (id_Taqueria, id_Categoria) values (74, 7);
insert into organizar_menu (id_Taqueria, id_Categoria) values (74, 8);
insert into organizar_menu (id_Taqueria, id_Categoria) values (75, 1);
insert into organizar_menu (id_Taqueria, id_Categoria) values (75, 2);
insert into organizar_menu (id_Taqueria, id_Categoria) values (75, 3);
insert into organizar_menu (id_Taqueria, id_Categoria) values (75, 4);
insert into organizar_menu (id_Taqueria, id_Categoria) values (75, 5);
insert into organizar_menu (id_Taqueria, id_Categoria) values (75, 6);
insert into organizar_menu (id_Taqueria, id_Categoria) values (75, 7);
insert into organizar_menu (id_Taqueria, id_Categoria) values (75, 8);
insert into organizar_menu (id_Taqueria, id_Categoria) values (76, 1);
insert into organizar_menu (id_Taqueria, id_Categoria) values (76, 2);
insert into organizar_menu (id_Taqueria, id_Categoria) values (76, 3);
insert into organizar_menu (id_Taqueria, id_Categoria) values (76, 4);
insert into organizar_menu (id_Taqueria, id_Categoria) values (76, 5);
insert into organizar_menu (id_Taqueria, id_Categoria) values (76, 6);
insert into organizar_menu (id_Taqueria, id_Categoria) values (76, 7);
insert into organizar_menu (id_Taqueria, id_Categoria) values (76, 8);
insert into organizar_menu (id_Taqueria, id_Categoria) values (77, 1);
insert into organizar_menu (id_Taqueria, id_Categoria) values (77, 2);
insert into organizar_menu (id_Taqueria, id_Categoria) values (77, 3);
insert into organizar_menu (id_Taqueria, id_Categoria) values (77, 4);
insert into organizar_menu (id_Taqueria, id_Categoria) values (77, 5);
insert into organizar_menu (id_Taqueria, id_Categoria) values (77, 6);
insert into organizar_menu (id_Taqueria, id_Categoria) values (77, 7);
insert into organizar_menu (id_Taqueria, id_Categoria) values (77, 8);
insert into organizar_menu (id_Taqueria, id_Categoria) values (78, 1);
insert into organizar_menu (id_Taqueria, id_Categoria) values (78, 2);
insert into organizar_menu (id_Taqueria, id_Categoria) values (78, 3);
insert into organizar_menu (id_Taqueria, id_Categoria) values (78, 4);
insert into organizar_menu (id_Taqueria, id_Categoria) values (78, 5);
insert into organizar_menu (id_Taqueria, id_Categoria) values (78, 6);
insert into organizar_menu (id_Taqueria, id_Categoria) values (78, 7);
insert into organizar_menu (id_Taqueria, id_Categoria) values (78, 8);
insert into organizar_menu (id_Taqueria, id_Categoria) values (79, 1);
insert into organizar_menu (id_Taqueria, id_Categoria) values (79, 2);
insert into organizar_menu (id_Taqueria, id_Categoria) values (79, 3);
insert into organizar_menu (id_Taqueria, id_Categoria) values (79, 4);
insert into organizar_menu (id_Taqueria, id_Categoria) values (79, 5);
insert into organizar_menu (id_Taqueria, id_Categoria) values (79, 6);
insert into organizar_menu (id_Taqueria, id_Categoria) values (79, 7);
insert into organizar_menu (id_Taqueria, id_Categoria) values (79, 8);
insert into organizar_menu (id_Taqueria, id_Categoria) values (80, 1);
insert into organizar_menu (id_Taqueria, id_Categoria) values (80, 2);
insert into organizar_menu (id_Taqueria, id_Categoria) values (80, 3);
insert into organizar_menu (id_Taqueria, id_Categoria) values (80, 4);
insert into organizar_menu (id_Taqueria, id_Categoria) values (80, 5);
insert into organizar_menu (id_Taqueria, id_Categoria) values (80, 6);
insert into organizar_menu (id_Taqueria, id_Categoria) values (80, 7);
insert into organizar_menu (id_Taqueria, id_Categoria) values (80, 8);
insert into organizar_menu (id_Taqueria, id_Categoria) values (81, 1);
insert into organizar_menu (id_Taqueria, id_Categoria) values (81, 2);
insert into organizar_menu (id_Taqueria, id_Categoria) values (81, 3);
insert into organizar_menu (id_Taqueria, id_Categoria) values (81, 4);
insert into organizar_menu (id_Taqueria, id_Categoria) values (81, 5);
insert into organizar_menu (id_Taqueria, id_Categoria) values (81, 6);
insert into organizar_menu (id_Taqueria, id_Categoria) values (81, 7);
insert into organizar_menu (id_Taqueria, id_Categoria) values (81, 8);
insert into organizar_menu (id_Taqueria, id_Categoria) values (82, 1);
insert into organizar_menu (id_Taqueria, id_Categoria) values (82, 2);
insert into organizar_menu (id_Taqueria, id_Categoria) values (82, 3);
insert into organizar_menu (id_Taqueria, id_Categoria) values (82, 4);
insert into organizar_menu (id_Taqueria, id_Categoria) values (82, 5);
insert into organizar_menu (id_Taqueria, id_Categoria) values (82, 6);
insert into organizar_menu (id_Taqueria, id_Categoria) values (82, 7);
insert into organizar_menu (id_Taqueria, id_Categoria) values (82, 8);
insert into organizar_menu (id_Taqueria, id_Categoria) values (83, 1);
insert into organizar_menu (id_Taqueria, id_Categoria) values (83, 2);
insert into organizar_menu (id_Taqueria, id_Categoria) values (83, 3);
insert into organizar_menu (id_Taqueria, id_Categoria) values (83, 4);
insert into organizar_menu (id_Taqueria, id_Categoria) values (83, 5);
insert into organizar_menu (id_Taqueria, id_Categoria) values (83, 6);
insert into organizar_menu (id_Taqueria, id_Categoria) values (83, 7);
insert into organizar_menu (id_Taqueria, id_Categoria) values (83, 8);
insert into organizar_menu (id_Taqueria, id_Categoria) values (84, 1);
insert into organizar_menu (id_Taqueria, id_Categoria) values (84, 2);
insert into organizar_menu (id_Taqueria, id_Categoria) values (84, 3);
insert into organizar_menu (id_Taqueria, id_Categoria) values (84, 4);
insert into organizar_menu (id_Taqueria, id_Categoria) values (84, 5);
insert into organizar_menu (id_Taqueria, id_Categoria) values (84, 6);
insert into organizar_menu (id_Taqueria, id_Categoria) values (84, 7);
insert into organizar_menu (id_Taqueria, id_Categoria) values (84, 8);
insert into organizar_menu (id_Taqueria, id_Categoria) values (85, 1);
insert into organizar_menu (id_Taqueria, id_Categoria) values (85, 2);
insert into organizar_menu (id_Taqueria, id_Categoria) values (85, 3);
insert into organizar_menu (id_Taqueria, id_Categoria) values (85, 4);
insert into organizar_menu (id_Taqueria, id_Categoria) values (85, 5);
insert into organizar_menu (id_Taqueria, id_Categoria) values (85, 6);
insert into organizar_menu (id_Taqueria, id_Categoria) values (85, 7);
insert into organizar_menu (id_Taqueria, id_Categoria) values (85, 8);
insert into organizar_menu (id_Taqueria, id_Categoria) values (86, 1);
insert into organizar_menu (id_Taqueria, id_Categoria) values (86, 2);
insert into organizar_menu (id_Taqueria, id_Categoria) values (86, 3);
insert into organizar_menu (id_Taqueria, id_Categoria) values (86, 4);
insert into organizar_menu (id_Taqueria, id_Categoria) values (86, 5);
insert into organizar_menu (id_Taqueria, id_Categoria) values (86, 6);
insert into organizar_menu (id_Taqueria, id_Categoria) values (86, 7);
insert into organizar_menu (id_Taqueria, id_Categoria) values (86, 8);
insert into organizar_menu (id_Taqueria, id_Categoria) values (87, 1);
insert into organizar_menu (id_Taqueria, id_Categoria) values (87, 2);
insert into organizar_menu (id_Taqueria, id_Categoria) values (87, 3);
insert into organizar_menu (id_Taqueria, id_Categoria) values (87, 4);
insert into organizar_menu (id_Taqueria, id_Categoria) values (87, 5);
insert into organizar_menu (id_Taqueria, id_Categoria) values (87, 6);
insert into organizar_menu (id_Taqueria, id_Categoria) values (87, 7);
insert into organizar_menu (id_Taqueria, id_Categoria) values (87, 8);
insert into organizar_menu (id_Taqueria, id_Categoria) values (88, 1);
insert into organizar_menu (id_Taqueria, id_Categoria) values (88, 2);
insert into organizar_menu (id_Taqueria, id_Categoria) values (88, 3);
insert into organizar_menu (id_Taqueria, id_Categoria) values (88, 4);
insert into organizar_menu (id_Taqueria, id_Categoria) values (88, 5);
insert into organizar_menu (id_Taqueria, id_Categoria) values (88, 6);
insert into organizar_menu (id_Taqueria, id_Categoria) values (88, 7);
insert into organizar_menu (id_Taqueria, id_Categoria) values (88, 8);
insert into organizar_menu (id_Taqueria, id_Categoria) values (89, 1);
insert into organizar_menu (id_Taqueria, id_Categoria) values (89, 2);
insert into organizar_menu (id_Taqueria, id_Categoria) values (89, 3);
insert into organizar_menu (id_Taqueria, id_Categoria) values (89, 4);
insert into organizar_menu (id_Taqueria, id_Categoria) values (89, 5);
insert into organizar_menu (id_Taqueria, id_Categoria) values (89, 6);
insert into organizar_menu (id_Taqueria, id_Categoria) values (89, 7);
insert into organizar_menu (id_Taqueria, id_Categoria) values (89, 8);
insert into organizar_menu (id_Taqueria, id_Categoria) values (90, 1);
insert into organizar_menu (id_Taqueria, id_Categoria) values (90, 2);
insert into organizar_menu (id_Taqueria, id_Categoria) values (90, 3);
insert into organizar_menu (id_Taqueria, id_Categoria) values (90, 4);
insert into organizar_menu (id_Taqueria, id_Categoria) values (90, 5);
insert into organizar_menu (id_Taqueria, id_Categoria) values (90, 6);
insert into organizar_menu (id_Taqueria, id_Categoria) values (90, 7);
insert into organizar_menu (id_Taqueria, id_Categoria) values (90, 8);
insert into organizar_menu (id_Taqueria, id_Categoria) values (91, 1);
insert into organizar_menu (id_Taqueria, id_Categoria) values (91, 2);
insert into organizar_menu (id_Taqueria, id_Categoria) values (91, 3);
insert into organizar_menu (id_Taqueria, id_Categoria) values (91, 4);
insert into organizar_menu (id_Taqueria, id_Categoria) values (91, 5);
insert into organizar_menu (id_Taqueria, id_Categoria) values (91, 6);
insert into organizar_menu (id_Taqueria, id_Categoria) values (91, 7);
insert into organizar_menu (id_Taqueria, id_Categoria) values (91, 8);
insert into organizar_menu (id_Taqueria, id_Categoria) values (92, 1);
insert into organizar_menu (id_Taqueria, id_Categoria) values (92, 2);
insert into organizar_menu (id_Taqueria, id_Categoria) values (92, 3);
insert into organizar_menu (id_Taqueria, id_Categoria) values (92, 4);
insert into organizar_menu (id_Taqueria, id_Categoria) values (92, 5);
insert into organizar_menu (id_Taqueria, id_Categoria) values (92, 6);
insert into organizar_menu (id_Taqueria, id_Categoria) values (92, 7);
insert into organizar_menu (id_Taqueria, id_Categoria) values (92, 8);
insert into organizar_menu (id_Taqueria, id_Categoria) values (93, 1);
insert into organizar_menu (id_Taqueria, id_Categoria) values (93, 2);
insert into organizar_menu (id_Taqueria, id_Categoria) values (93, 3);
insert into organizar_menu (id_Taqueria, id_Categoria) values (93, 4);
insert into organizar_menu (id_Taqueria, id_Categoria) values (93, 5);
insert into organizar_menu (id_Taqueria, id_Categoria) values (93, 6);
insert into organizar_menu (id_Taqueria, id_Categoria) values (93, 7);
insert into organizar_menu (id_Taqueria, id_Categoria) values (93, 8);
insert into organizar_menu (id_Taqueria, id_Categoria) values (94, 1);
insert into organizar_menu (id_Taqueria, id_Categoria) values (94, 2);
insert into organizar_menu (id_Taqueria, id_Categoria) values (94, 3);
insert into organizar_menu (id_Taqueria, id_Categoria) values (94, 4);
insert into organizar_menu (id_Taqueria, id_Categoria) values (94, 5);
insert into organizar_menu (id_Taqueria, id_Categoria) values (94, 6);
insert into organizar_menu (id_Taqueria, id_Categoria) values (94, 7);
insert into organizar_menu (id_Taqueria, id_Categoria) values (94, 8);
insert into organizar_menu (id_Taqueria, id_Categoria) values (95, 1);
insert into organizar_menu (id_Taqueria, id_Categoria) values (95, 2);
insert into organizar_menu (id_Taqueria, id_Categoria) values (95, 3);
insert into organizar_menu (id_Taqueria, id_Categoria) values (95, 4);
insert into organizar_menu (id_Taqueria, id_Categoria) values (95, 5);
insert into organizar_menu (id_Taqueria, id_Categoria) values (95, 6);
insert into organizar_menu (id_Taqueria, id_Categoria) values (95, 7);
insert into organizar_menu (id_Taqueria, id_Categoria) values (95, 8);
insert into organizar_menu (id_Taqueria, id_Categoria) values (96, 1);
insert into organizar_menu (id_Taqueria, id_Categoria) values (96, 2);
insert into organizar_menu (id_Taqueria, id_Categoria) values (96, 3);
insert into organizar_menu (id_Taqueria, id_Categoria) values (96, 4);
insert into organizar_menu (id_Taqueria, id_Categoria) values (96, 5);
insert into organizar_menu (id_Taqueria, id_Categoria) values (96, 6);
insert into organizar_menu (id_Taqueria, id_Categoria) values (96, 7);
insert into organizar_menu (id_Taqueria, id_Categoria) values (96, 8);
insert into organizar_menu (id_Taqueria, id_Categoria) values (97, 1);
insert into organizar_menu (id_Taqueria, id_Categoria) values (97, 2);
insert into organizar_menu (id_Taqueria, id_Categoria) values (97, 3);
insert into organizar_menu (id_Taqueria, id_Categoria) values (97, 4);
insert into organizar_menu (id_Taqueria, id_Categoria) values (97, 5);
insert into organizar_menu (id_Taqueria, id_Categoria) values (97, 6);
insert into organizar_menu (id_Taqueria, id_Categoria) values (97, 7);
insert into organizar_menu (id_Taqueria, id_Categoria) values (97, 8);
insert into organizar_menu (id_Taqueria, id_Categoria) values (98, 1);
insert into organizar_menu (id_Taqueria, id_Categoria) values (98, 2);
insert into organizar_menu (id_Taqueria, id_Categoria) values (98, 3);
insert into organizar_menu (id_Taqueria, id_Categoria) values (98, 4);
insert into organizar_menu (id_Taqueria, id_Categoria) values (98, 5);
insert into organizar_menu (id_Taqueria, id_Categoria) values (98, 6);
insert into organizar_menu (id_Taqueria, id_Categoria) values (98, 7);
insert into organizar_menu (id_Taqueria, id_Categoria) values (98, 8);
insert into organizar_menu (id_Taqueria, id_Categoria) values (99, 1);
insert into organizar_menu (id_Taqueria, id_Categoria) values (99, 2);
insert into organizar_menu (id_Taqueria, id_Categoria) values (99, 3);
insert into organizar_menu (id_Taqueria, id_Categoria) values (99, 4);
insert into organizar_menu (id_Taqueria, id_Categoria) values (99, 5);
insert into organizar_menu (id_Taqueria, id_Categoria) values (99, 6);
insert into organizar_menu (id_Taqueria, id_Categoria) values (99, 7);
insert into organizar_menu (id_Taqueria, id_Categoria) values (99, 8);
insert into organizar_menu (id_Taqueria, id_Categoria) values (100, 1);
insert into organizar_menu (id_Taqueria, id_Categoria) values (100, 2);
insert into organizar_menu (id_Taqueria, id_Categoria) values (100, 3);
insert into organizar_menu (id_Taqueria, id_Categoria) values (100, 4);
insert into organizar_menu (id_Taqueria, id_Categoria) values (100, 5);
insert into organizar_menu (id_Taqueria, id_Categoria) values (100, 6);
insert into organizar_menu (id_Taqueria, id_Categoria) values (100, 7);
insert into organizar_menu (id_Taqueria, id_Categoria) values (100, 8);

-- SALSAS
insert into salsa (id, id_Categoria, Nombre, Picor, Recomendacion, Precio250, Precio500, Precio1000) values (1, 7, 'Pico de gallo', 'Bajo', 'Bebida', 12.67, 26.95, 79.98);
insert into salsa (id, id_Categoria, Nombre, Picor, Recomendacion, Precio250, Precio500, Precio1000) values (2, 7, 'Guacamole', 'Alto', 'Torta', 12.69, 29.02, 73.45);
insert into salsa (id, id_Categoria, Nombre, Picor, Recomendacion, Precio250, Precio500, Precio1000) values (3, 7, 'Salsa verde', 'Medio', 'Platillo mexicano', 18.55, 39.2, 53.73);
insert into salsa (id, id_Categoria, Nombre, Picor, Recomendacion, Precio250, Precio500, Precio1000) values (4, 7, 'Salsa roja', 'Extremo', 'Taco', 15.28, 47.54, 95.61);
insert into salsa (id, id_Categoria, Nombre, Picor, Recomendacion, Precio250, Precio500, Precio1000) values (5, 7, 'Salsa de chile habanero', 'Extremo', 'Bebida', 6.09, 35.79, 73.6);
insert into salsa (id, id_Categoria, Nombre, Picor, Recomendacion, Precio250, Precio500, Precio1000) values (6, 7, 'Salsa chamoy', 'Bajo', 'Torta', 12.31, 46.65, 66.2);
insert into salsa (id, id_Categoria, Nombre, Picor, Recomendacion, Precio250, Precio500, Precio1000) values (7, 7, 'Salsa chipotle', 'Extremo', 'Burrito', 9.9, 25.61, 74.04);
insert into salsa (id, id_Categoria, Nombre, Picor, Recomendacion, Precio250, Precio500, Precio1000) values (8, 7, 'Salsa endiablada', 'Alto', 'Bebida', 14.15, 48.09, 74.8);
insert into salsa (id, id_Categoria, Nombre, Picor, Recomendacion, Precio250, Precio500, Precio1000) values (9, 7, 'Salsa morita', 'Bajo', 'Gringa', 18.85, 33.85, 73.77);
insert into salsa (id, id_Categoria, Nombre, Picor, Recomendacion, Precio250, Precio500, Precio1000) values (10, 7, 'Salsa ranchera', 'Dulce', 'Platillo mexicano', 19.27, 30.78, 62.71);
insert into salsa (id, id_Categoria, Nombre, Picor, Recomendacion, Precio250, Precio500, Precio1000) values (11, 7, 'Salsa de molcajete', 'Extremo', 'Taco', 14.78, 45.99, 63.64);
insert into salsa (id, id_Categoria, Nombre, Picor, Recomendacion, Precio250, Precio500, Precio1000) values (12, 7, 'Salsa borracha', 'Alto', 'Gringa', 17.2, 41.43, 85.79);

-- ITEM
insert into item (id, id_Categoria, Nombre, Descripcion, Precio) values (1, 1, 'Taco de carnitas', 'Taco relleno de carnitas con o sin verdura.', 14);
insert into item (id, id_Categoria, Nombre, Descripcion, Precio) values (2, 1, 'Taco al pastor', 'Taco relleno al pastor con o sin verdura.', 8);
insert into item (id, id_Categoria, Nombre, Descripcion, Precio) values (3, 1, 'Taco de barbacoa', 'Taco relleno de barbacoa con o sin verdura.', 12);
insert into item (id, id_Categoria, Nombre, Descripcion, Precio) values (4, 1, 'Taco de suadero', 'Taco relleno de suadero con o sin verdura.', 12);
insert into item (id, id_Categoria, Nombre, Descripcion, Precio) values (5, 1, 'Taco de cabeza', 'Taco relleno de cabeza con o sin verdura.', 7);
insert into item (id, id_Categoria, Nombre, Descripcion, Precio) values (6, 1, 'Taco de tripas', 'Taco relleno de tripas con o sin verdura.', 9);
insert into item (id, id_Categoria, Nombre, Descripcion, Precio) values (7, 1, 'Taco de cecina', 'Taco relleno de cecina con o sin verdura.', 7);
insert into item (id, id_Categoria, Nombre, Descripcion, Precio) values (8, 1, 'Taco de chilorio', 'Taco relleno de chilorio con o sin verdura.', 12);
insert into item (id, id_Categoria, Nombre, Descripcion, Precio) values (9, 1, 'Taco de requesón', 'Taco relleno de requesón con o sin verdura.', 11);
insert into item (id, id_Categoria, Nombre, Descripcion, Precio) values (10, 1, 'Taco de pescado', 'Taco relleno de pescado con o sin verdura.', 15);
insert into item (id, id_Categoria, Nombre, Descripcion, Precio) values (11, 1, 'Taco de tuétano', 'Taco relleno de tuétano con o sin verdura.', 13);
insert into item (id, id_Categoria, Nombre, Descripcion, Precio) values (12, 1, 'Taco de nopal asado', 'Taco relleno de nopal asado con o sin verdura.', 15);
insert into item (id, id_Categoria, Nombre, Descripcion, Precio) values (13, 1, 'Taco de chapulines', 'Taco relleno de chapulines con o sin verdura.', 13);
insert into item (id, id_Categoria, Nombre, Descripcion, Precio) values (14, 1, 'Taco de cochinita pibil', 'Taco relleno de cochinita pibil con o sin verdura.', 14);
insert into item (id, id_Categoria, Nombre, Descripcion, Precio) values (15, 1, 'Taco de bistec', 'Taco relleno de bistec con o sin verdura.', 7);
insert into item (id, id_Categoria, Nombre, Descripcion, Precio) values (16, 1, 'Taco de chorizo', 'Taco relleno de chorizo con o sin verdura.', 13);
insert into item (id, id_Categoria, Nombre, Descripcion, Precio) values (17, 1, 'Taco de lengua', 'Taco relleno de lengua con o sin verdura.', 15);
insert into item (id, id_Categoria, Nombre, Descripcion, Precio) values (18, 1, 'Burrito de carnitas', 'Burrito relleno de carnitas con o sin verdura.', 20);
insert into item (id, id_Categoria, Nombre, Descripcion, Precio) values (19, 1, 'Burrito al pastor', 'Burrito relleno al pastor con o sin verdura.', 24);
insert into item (id, id_Categoria, Nombre, Descripcion, Precio) values (20, 1, 'Burrito de barbacoa', 'Burrito relleno de barbacoa con o sin verdura.', 20);
insert into item (id, id_Categoria, Nombre, Descripcion, Precio) values (21, 1, 'Burrito de suadero', 'Burrito relleno de suadero con o sin verdura.', 28);
insert into item (id, id_Categoria, Nombre, Descripcion, Precio) values (22, 1, 'Burrito de cabeza', 'Burrito relleno de cabeza con o sin verdura.', 12);
insert into item (id, id_Categoria, Nombre, Descripcion, Precio) values (23, 1, 'Burrito de tripas', 'Burrito relleno de tripas con o sin verdura.', 12);
insert into item (id, id_Categoria, Nombre, Descripcion, Precio) values (24, 1, 'Burrito de cecina', 'Burrito relleno de cecina con o sin verdura.', 11);
insert into item (id, id_Categoria, Nombre, Descripcion, Precio) values (25, 1, 'Burrito de chilorio', 'Burrito relleno de chilorio con o sin verdura.', 15);
insert into item (id, id_Categoria, Nombre, Descripcion, Precio) values (26, 1, 'Burrito de requesón', 'Burrito relleno de requesón con o sin verdura.', 12);
insert into item (id, id_Categoria, Nombre, Descripcion, Precio) values (27, 1, 'Burrito de pescado', 'Burrito relleno de pescado con o sin verdura.', 28);
insert into item (id, id_Categoria, Nombre, Descripcion, Precio) values (28, 1, 'Burrito de tuétano', 'Burrito relleno de tuétano con o sin verdura.', 23);
insert into item (id, id_Categoria, Nombre, Descripcion, Precio) values (29, 1, 'Burrito de nopal asado', 'Burrito relleno de nopal asado con o sin verdura.', 22);
insert into item (id, id_Categoria, Nombre, Descripcion, Precio) values (30, 1, 'Burrito de chapulines', 'Burrito relleno de chapulines con o sin verdura.', 19);
insert into item (id, id_Categoria, Nombre, Descripcion, Precio) values (31, 1, 'Burrito de cochinita pibil', 'Burrito relleno de cochinita pibil con o sin verdura.', 20);
insert into item (id, id_Categoria, Nombre, Descripcion, Precio) values (32, 1, 'Burrito de bistec', 'Burrito relleno de bistec con o sin verdura.', 12);
insert into item (id, id_Categoria, Nombre, Descripcion, Precio) values (33, 1, 'Burrito de chorizo', 'Burrito relleno de chorizo con o sin verdura.', 20);
insert into item (id, id_Categoria, Nombre, Descripcion, Precio) values (34, 1, 'Burrito de lengua', 'Burrito relleno de lengua con o sin verdura.', 21);
insert into item (id, id_Categoria, Nombre, Descripcion, Precio) values (35, 1, 'Quesadilla de carnitas', 'Quesadilla relleno de carnitas con o sin verdura.', 27);
insert into item (id, id_Categoria, Nombre, Descripcion, Precio) values (36, 1, 'Quesadilla al pastor', 'Quesadilla relleno al pastor con o sin verdura.', 14);
insert into item (id, id_Categoria, Nombre, Descripcion, Precio) values (37, 1, 'Quesadilla de barbacoa', 'Quesadilla relleno de barbacoa con o sin verdura.', 24);
insert into item (id, id_Categoria, Nombre, Descripcion, Precio) values (38, 1, 'Quesadilla de suadero', 'Quesadilla relleno de suadero con o sin verdura.', 17);
insert into item (id, id_Categoria, Nombre, Descripcion, Precio) values (39, 1, 'Quesadilla de cabeza', 'Quesadilla relleno de cabeza con o sin verdura.', 28);
insert into item (id, id_Categoria, Nombre, Descripcion, Precio) values (40, 1, 'Quesadilla de tripas', 'Quesadilla relleno de tripas con o sin verdura.', 12);
insert into item (id, id_Categoria, Nombre, Descripcion, Precio) values (41, 1, 'Quesadilla de cecina', 'Quesadilla relleno de cecina con o sin verdura.', 16);
insert into item (id, id_Categoria, Nombre, Descripcion, Precio) values (42, 1, 'Quesadilla de chilorio', 'Quesadilla relleno de chilorio con o sin verdura.', 10);
insert into item (id, id_Categoria, Nombre, Descripcion, Precio) values (43, 1, 'Quesadilla de requesón', 'Quesadilla relleno de requesón con o sin verdura.', 20);
insert into item (id, id_Categoria, Nombre, Descripcion, Precio) values (44, 1, 'Quesadilla de pescado', 'Quesadilla relleno de pescado con o sin verdura.', 18);
insert into item (id, id_Categoria, Nombre, Descripcion, Precio) values (45, 1, 'Quesadilla de tuétano', 'Quesadilla relleno de tuétano con o sin verdura.', 28);
insert into item (id, id_Categoria, Nombre, Descripcion, Precio) values (46, 1, 'Quesadilla de nopal asado', 'Quesadilla relleno de nopal asado con o sin verdura.', 17);
insert into item (id, id_Categoria, Nombre, Descripcion, Precio) values (47, 1, 'Quesadilla de chapulines', 'Quesadilla relleno de chapulines con o sin verdura.', 15);
insert into item (id, id_Categoria, Nombre, Descripcion, Precio) values (48, 1, 'Quesadilla de cochinita pibil', 'Quesadilla relleno de cochinita pibil con o sin verdura.', 26);
insert into item (id, id_Categoria, Nombre, Descripcion, Precio) values (49, 1, 'Quesadilla de bistec', 'Quesadilla relleno de bistec con o sin verdura.', 10);
insert into item (id, id_Categoria, Nombre, Descripcion, Precio) values (50, 1, 'Quesadilla de chorizo', 'Quesadilla relleno de chorizo con o sin verdura.', 29);
insert into item (id, id_Categoria, Nombre, Descripcion, Precio) values (51, 1, 'Quesadilla de lengua', 'Quesadilla relleno de lengua con o sin verdura.', 13);
insert into item (id, id_Categoria, Nombre, Descripcion, Precio) values (52, 1, 'Gringa de carnitas', 'Gringa relleno de carnitas con o sin verdura.', 15);
insert into item (id, id_Categoria, Nombre, Descripcion, Precio) values (53, 1, 'Gringa al pastor', 'Gringa relleno al pastor con o sin verdura.', 26);
insert into item (id, id_Categoria, Nombre, Descripcion, Precio) values (54, 1, 'Gringa de barbacoa', 'Gringa relleno de barbacoa con o sin verdura.', 15);
insert into item (id, id_Categoria, Nombre, Descripcion, Precio) values (55, 1, 'Gringa de suadero', 'Gringa relleno de suadero con o sin verdura.', 24);
insert into item (id, id_Categoria, Nombre, Descripcion, Precio) values (56, 1, 'Gringa de cabeza', 'Gringa relleno de cabeza con o sin verdura.', 12);
insert into item (id, id_Categoria, Nombre, Descripcion, Precio) values (57, 1, 'Gringa de tripas', 'Gringa relleno de tripas con o sin verdura.', 24);
insert into item (id, id_Categoria, Nombre, Descripcion, Precio) values (58, 1, 'Gringa de cecina', 'Gringa relleno de cecina con o sin verdura.', 11);
insert into item (id, id_Categoria, Nombre, Descripcion, Precio) values (59, 1, 'Gringa de chilorio', 'Gringa relleno de chilorio con o sin verdura.', 18);
insert into item (id, id_Categoria, Nombre, Descripcion, Precio) values (60, 1, 'Gringa de requesón', 'Gringa relleno de requesón con o sin verdura.', 19);
insert into item (id, id_Categoria, Nombre, Descripcion, Precio) values (61, 1, 'Gringa de pescado', 'Gringa relleno de pescado con o sin verdura.', 24);
insert into item (id, id_Categoria, Nombre, Descripcion, Precio) values (62, 1, 'Gringa de tuétano', 'Gringa relleno de tuétano con o sin verdura.', 25);
insert into item (id, id_Categoria, Nombre, Descripcion, Precio) values (63, 1, 'Gringa de nopal asado', 'Gringa relleno de nopal asado con o sin verdura.', 22);
insert into item (id, id_Categoria, Nombre, Descripcion, Precio) values (64, 1, 'Gringa de chapulines', 'Gringa relleno de chapulines con o sin verdura.', 23);
insert into item (id, id_Categoria, Nombre, Descripcion, Precio) values (65, 1, 'Gringa de cochinita pibil', 'Gringa relleno de cochinita pibil con o sin verdura.', 15);
insert into item (id, id_Categoria, Nombre, Descripcion, Precio) values (66, 1, 'Gringa de bistec', 'Gringa relleno de bistec con o sin verdura.', 10);
insert into item (id, id_Categoria, Nombre, Descripcion, Precio) values (67, 1, 'Gringa de chorizo', 'Gringa relleno de chorizo con o sin verdura.', 12);
insert into item (id, id_Categoria, Nombre, Descripcion, Precio) values (68, 1, 'Gringa de lengua', 'Gringa relleno de lengua con o sin verdura.', 23);
insert into item (id, id_Categoria, Nombre, Descripcion, Precio) values (69, 1, 'Torta de carnitas', 'Torta relleno de carnitas con o sin verdura.', 23);
insert into item (id, id_Categoria, Nombre, Descripcion, Precio) values (70, 1, 'Torta al pastor', 'Torta relleno al pastor con o sin verdura.', 17);
insert into item (id, id_Categoria, Nombre, Descripcion, Precio) values (71, 1, 'Torta de barbacoa', 'Torta relleno de barbacoa con o sin verdura.', 30);
insert into item (id, id_Categoria, Nombre, Descripcion, Precio) values (72, 1, 'Torta de suadero', 'Torta relleno de suadero con o sin verdura.', 19);
insert into item (id, id_Categoria, Nombre, Descripcion, Precio) values (73, 1, 'Torta de cabeza', 'Torta relleno de cabeza con o sin verdura.', 29);
insert into item (id, id_Categoria, Nombre, Descripcion, Precio) values (74, 1, 'Torta de tripas', 'Torta relleno de tripas con o sin verdura.', 22);
insert into item (id, id_Categoria, Nombre, Descripcion, Precio) values (75, 1, 'Torta de cecina', 'Torta relleno de cecina con o sin verdura.', 29);
insert into item (id, id_Categoria, Nombre, Descripcion, Precio) values (76, 1, 'Torta de chilorio', 'Torta relleno de chilorio con o sin verdura.', 19);
insert into item (id, id_Categoria, Nombre, Descripcion, Precio) values (77, 1, 'Torta de requesón', 'Torta relleno de requesón con o sin verdura.', 23);
insert into item (id, id_Categoria, Nombre, Descripcion, Precio) values (78, 1, 'Torta de pescado', 'Torta relleno de pescado con o sin verdura.', 28);
insert into item (id, id_Categoria, Nombre, Descripcion, Precio) values (79, 1, 'Torta de tuétano', 'Torta relleno de tuétano con o sin verdura.', 25);
insert into item (id, id_Categoria, Nombre, Descripcion, Precio) values (80, 1, 'Torta de nopal asado', 'Torta relleno de nopal asado con o sin verdura.', 14);
insert into item (id, id_Categoria, Nombre, Descripcion, Precio) values (81, 1, 'Torta de chapulines', 'Torta relleno de chapulines con o sin verdura.', 12);
insert into item (id, id_Categoria, Nombre, Descripcion, Precio) values (82, 1, 'Torta de cochinita pibil', 'Torta relleno de cochinita pibil con o sin verdura.', 12);
insert into item (id, id_Categoria, Nombre, Descripcion, Precio) values (83, 1, 'Torta de bistec', 'Torta relleno de bistec con o sin verdura.', 18);
insert into item (id, id_Categoria, Nombre, Descripcion, Precio) values (84, 1, 'Torta de chorizo', 'Torta relleno de chorizo con o sin verdura.', 12);
insert into item (id, id_Categoria, Nombre, Descripcion, Precio) values (85, 1, 'Torta de lengua', 'Torta relleno de lengua con o sin verdura.', 23);


